"","baseMean","log2FoldChange","lfcSE","stat","pvalue","padj"
"C1_00150C",1008.41481799115,-1.32310889080539,0.154572094603968,-8.55981730852098,1.13046515141562e-17,2.31802450239769e-16
"C1_00190C",238.035012293096,5.68376776063328,0.375959304072723,15.1180399023556,1.23154067106958e-51,1.56251722641952e-49
"C1_00200C",87.1091729294948,1.00938871851757,0.336153062201329,3.00276520436105,0.00267538754311479,0.00812840854309575
"C1_00270W",94.7205490156598,-3.60015256667511,0.418820017481706,-8.59594197126064,8.25845295987726e-18,1.71651803841818e-16
"C1_00290W",501.208092853925,-3.30407469887751,0.243091846238453,-13.5918779259938,4.47450487475613e-42,4.19226687496382e-40
"C1_00390W",690.327675357392,2.02345912560252,0.141414358948775,14.3087246630696,1.93020596277223e-46,2.02671626091084e-44
"C1_00590W",7459.45457719105,1.45140234214986,0.178248164563309,8.14259347750179,3.86899583319715e-16,6.80987994918227e-15
"C1_00680W",186.741075118175,-1.24082613782407,0.225769929853574,-5.49597609667869,3.88555141630408e-08,2.83729114212132e-07
"C1_00700W",823.275244378722,1.16085812123326,0.239143989200527,4.85422245030736,1.20860009293779e-06,7.19489204886722e-06
"C1_00830W",344.01522270303,-1.39145188547781,0.237479109034707,-5.85926017296304,4.64933799815363e-09,3.77526245450074e-08
"C1_00850W",436.709186311623,-1.44897592530306,0.171992831073232,-8.4246297724241,3.61892704740419e-17,6.97445117680111e-16
"C1_00860W",248.722454667937,-1.14158925984304,0.215400292416388,-5.29985009322198,1.15897799928901e-07,7.95735740210833e-07
"C1_00980W",446.379697490455,1.24214424537872,0.231736015185561,5.36016917518877,8.31440538712365e-08,5.84696637500958e-07
"C1_01010W",1489.55366893812,1.10086827273035,0.141833309671998,7.7617047453536,8.37953041056813e-15,1.2886702070798e-13
"C1_01220C",559.654496513973,1.34600117634703,0.205845467582858,6.5388914905558,6.19764687744145e-11,6.32222269407344e-10
"C1_01240W",820.9406342108,2.2411884832672,0.20994009153788,10.6753715636197,1.3272545970839e-26,5.11581044065882e-25
"C1_01360C",3755.92864292577,-1.71177867387858,0.164049008269516,-10.4345566726396,1.72416680648106e-25,6.10475340201723e-24
"C1_01490W",4120.36763515146,1.08818730571882,0.159962080416077,6.80278290260001,1.02617232667415e-11,1.13419046632406e-10
"C1_01580W",764.884384091448,1.36519756792199,0.128457362397403,10.6276319429519,2.21669529477339e-26,8.43729646573122e-25
"C1_01600W",1143.30970832423,1.2860901384474,0.153318869668431,8.38833563819451,4.93072807872664e-17,9.29663591314094e-16
"C1_01610C",167.062248377044,-1.70079351558413,0.29228272373047,-5.8190011844577,5.9200314856192e-09,4.75006478885651e-08
"C1_01620C",403.550540111205,3.08271961275198,0.510180857316118,6.04240548923979,1.5183329150545e-09,1.2950486628406e-08
"C1_01630W",1439.55822290112,1.83528117092783,0.477274143086986,3.84533961772435,0.000120385584515684,0.000512691055734625
"C1_01680C",597.90463033047,1.31582982947117,0.167176149031266,7.87091841208207,3.52047179509991e-15,5.65690586600487e-14
"C1_01690C",8959.16624250259,1.34244608771577,0.11942184234837,11.241210663956,2.55849290819277e-29,1.18039559173439e-27
"C1_01740W",318.209071719361,1.43706911152847,0.270220066267501,5.31814358340754,1.04831330176835e-07,7.26305802931653e-07
"C1_01920W",217.087135953893,-1.46584362839602,0.187049725481213,-7.83665212351913,4.62717681549147e-15,7.35757357867965e-14
"C1_01930W",1721.48674663001,-2.93911976447817,0.125824811973825,-23.358825007341,1.12105216997663e-120,6.82720771515766e-118
"C1_01980W",1337.17357412811,4.99759688500263,0.405628134420728,12.3206367135742,7.01383184424133e-35,4.54406765227975e-33
"C1_02070W",145.446761046752,6.22789184464644,0.827810540460747,7.52332996530835,5.33984322179999e-14,7.51031067454086e-13
"C1_02080W",291.649156485607,-1.20755593635644,0.226569304459512,-5.32974199323734,9.83523892052024e-08,6.85315846979042e-07
"C1_02110C",2317.43171774812,1.45632552547356,0.375625368171888,3.8770691462115,0.000105722319459196,0.000455016908485163
"C1_02140C",4.13705681935371,-4.02977240114604,1.48508379189392,-2.71349833803445,0.00665769021909782,0.0181899207870371
"C1_02150W",1971.17185020318,1.06967845030357,0.367867042145743,2.90778549789133,0.00363997917304411,0.0106540283387475
"C1_02170C",383.468683829937,1.00485223261764,0.261939197737329,3.83620413171344,0.000124950563177428,0.000531018094731708
"C1_02320C",1639.43089961953,1.18700991459272,0.121059073469624,9.80521228663261,1.06921941109105e-22,3.22353772947749e-21
"C1_02330C",5240.94626175643,1.16612936343656,0.152519038040635,7.6457954260495,2.07657593051138e-14,3.05467328908558e-13
"C1_02490C",584.17997937962,1.07183007091594,0.174061197013085,6.15777720312566,7.37730406047346e-10,6.5185108402722e-09
"C1_02520W",342.886372557526,8.76082438562058,1.22024893710672,7.17953863282438,6.99470566695907e-13,8.62302783639286e-12
"C1_02580W",67.4991026280257,-1.30681191781227,0.447032471891059,-2.92330423399474,0.00346337934223011,0.0102049765270174
"C1_02650W",1755.66845209009,1.19664662316433,0.112985451145582,10.591156746566,3.27519266512194e-26,1.22367627795047e-24
"C1_02970W",2614.82379612078,-2.29086458088251,0.145486606094679,-15.7462232598351,7.29075087025473e-56,1.16843875789082e-53
"C1_02980W",1118.72087950431,-2.27936211275864,0.235514803375731,-9.67821164566984,3.73186526321299e-22,1.09264708908496e-20
"C1_02990C",383.269660481185,-1.53869883221866,0.272148894154505,-5.65388603543292,1.56860237569079e-08,1.20160861232163e-07
"C1_03280W",1294.0307520686,1.21389756811063,0.129282414583632,9.38950260188217,6.02842650730058e-21,1.57567027594251e-19
"C1_03380W",4555.07973915435,-1.1300050609584,0.115357065146949,-9.79571610563186,1.17462106113279e-22,3.52386318339838e-21
"C1_03390W",1740.59051731384,-2.90867740988257,0.221214478649137,-13.1486755642969,1.73181317000772e-39,1.48545664864042e-37
"C1_03510C",2842.36352019512,-1.0416784600404,0.162725519498945,-6.40144498077424,1.53913277538468e-10,1.46917219468538e-09
"C1_03650C",858.661808894086,1.04642340042343,0.169462359454523,6.17496064489913,6.61799536087179e-10,5.89233797481128e-09
"C1_03750W",411.867497633876,-2.27728381888883,0.252316517979035,-9.02550430359875,1.78869588626838e-19,4.17362373462623e-18
"C1_03760C",1231.55291615388,-1.21145149386163,0.144635869667518,-8.37587174361694,5.48165842128843e-17,1.02089601790968e-15
"C1_03810C",99.7868751513282,-1.27162934333113,0.261743908937881,-4.8582958376805,1.18400410560273e-06,7.06154147065375e-06
"C1_03940W",3268.63467500377,1.86066410746481,0.114506836258518,16.2493713760815,2.25666437457688e-59,4.04208412975682e-57
"C1_04140W",177.906055444713,-5.32192282970832,0.401273697266683,-13.2625758078816,3.81561196307238e-40,3.31958240787297e-38
"C1_04320W",1067.65110208928,-1.73334974592471,0.17406017634819,-9.95833614724898,2.31911331256606e-23,7.28010313068417e-22
"C1_04370C",824.29458906619,1.19877531870524,0.142436223698403,8.4162250836104,3.88809934124141e-17,7.42273510600632e-16
"C1_04450C",429.71127118181,-4.14170286888601,0.433639842431898,-9.55102014072071,1.28425378404569e-21,3.55504797492648e-20
"C1_04460C",582.287850981959,-1.06998474248819,0.209054810944246,-5.11820195696695,3.08462206007972e-07,2.00056957890154e-06
"C1_04470C",35.7972676914914,-4.07432177043704,0.697353231338618,-5.84255093020233,5.14074622285053e-09,4.1576553117078e-08
"C1_04600C",1369.90318023054,1.48487754680745,0.0953938818004273,15.5657524233468,1.24398604402943e-54,1.80377976384267e-52
"C1_04610W",15614.8123025932,1.21462045886147,0.139193800508215,8.72611031832405,2.63581573686404e-18,5.69224036790852e-17
"C1_04650W",543.504435249792,-4.25266445167334,0.682232583826854,-6.23345256806532,4.5626554956207e-10,4.15344872471301e-09
"C1_04660W",1306.65659712833,-3.1805550210265,0.368775909030735,-8.6246279736278,6.43013397932723e-18,1.35500055135304e-16
"C1_04750W",224.767058348458,-1.21970064242762,0.23403360657844,-5.21164742217829,1.87171018155483e-07,1.24033895600315e-06
"C1_04770C",1002.22518530366,-1.18261659705643,0.241848302357474,-4.88991068173144,1.00881742165227e-06,6.08889801572084e-06
"C1_04880C",511.565523712633,1.32423951039086,0.189443335016601,6.99016151861353,2.74569956756012e-12,3.17895634342987e-11
"C1_04900W",385.009532991095,-1.42170627977849,0.181801529041418,-7.82010078394117,5.27810617794082e-15,8.30585700869756e-14
"C1_04970W",2173.66814847846,1.34827327362679,0.146825478524305,9.18282907828966,4.19911527820482e-20,1.03532842284483e-18
"C1_05030C",215.116824446584,-1.22525709015991,0.257483632077096,-4.75858243988511,1.94957266239846e-06,1.12646086470651e-05
"C1_05070C",370.745457617628,1.07209628570855,0.166441055759678,6.44129707550363,1.18456750675774e-10,1.16355098647655e-09
"C1_05110C",4999.27004059792,-1.10194261786779,0.14221277492322,-7.74854873946959,9.29486941732291e-15,1.42225514450996e-13
"C1_05120W",507.201658005677,-1.09237182024252,0.173304920818108,-6.30317832341883,2.91603061005205e-10,2.73209637157184e-09
"C1_05180C",552.725853014127,1.32172307825052,0.171337141611131,7.71416556750036,1.21776305646813e-14,1.83115481824467e-13
"C1_05210C",1000.90043910564,1.07512395188523,0.14796505767049,7.26606652145851,3.70106379780121e-13,4.71537207711493e-12
"C1_05440C",238.176750485679,-1.45601582170654,0.192267943432624,-7.57284753616127,3.65130746937944e-14,5.26930390723241e-13
"C1_05510C",363.911673319641,-1.06546181801814,0.237718971606303,-4.48202266238432,7.39388895415571e-06,3.88849600438759e-05
"C1_05540C",928.711960283862,-1.93779125718185,0.158622764516494,-12.2163503018532,2.54244767721618e-34,1.48879868790832e-32
"C1_05700W",839.662518529852,-1.35718177540973,0.235256827048698,-5.76893683569402,7.97731951615799e-09,6.30933452641587e-08
"C1_05760C",49.6948870648731,3.1406589553622,0.455080084832005,6.90133244684083,5.15170107472134e-12,5.83157240614368e-11
"C1_05830W",50.4080953189202,2.66414165153762,0.515690122073629,5.16616769936353,2.38942424594948e-07,1.56805966140435e-06
"C1_05890W",596.870590959594,7.53795799689051,0.474117974685892,15.8989078654622,6.44790435730497e-57,1.09077048711076e-54
"C1_05950C",1213.74918723527,1.0490639572763,0.187441262922469,5.59676103820437,2.18393395202882e-08,1.64605912968509e-07
"C1_06050C",1012.63204675681,1.0876343628752,0.173691553312075,6.26187250983374,3.80381876847667e-10,3.52591420091673e-09
"C1_06070W",690.206779470959,1.25685939167525,0.179897470629168,6.98653175767034,2.81764647474484e-12,3.25606585032184e-11
"C1_06230C",1132.04555818233,2.04710341602672,0.259390565385921,7.89197329895571,2.97445377956376e-15,4.83051293801154e-14
"C1_06280C",20.0826366647356,1.34040576777898,0.562643860306476,2.38233430122006,0.0172032721588211,0.0414758224256612
"C1_06340W",44.7313642292767,2.73851445393758,0.471482245680268,5.80830875187331,6.31070606353786e-09,5.04359579093774e-08
"C1_06350W",403.765056091663,1.15788178123174,0.225686492043873,5.13048774317715,2.88992377966185e-07,1.87629379724314e-06
"C1_06610C",4511.11686580342,-1.23474707846708,0.437783039732432,-2.82045434930906,0.00479556962692216,0.0136408309331882
"C1_06750W",149.153310086302,-1.03894226909038,0.235394512992837,-4.41362143866962,1.01655652610312e-05,5.18494911555109e-05
"C1_06810W",5467.94579455032,1.65439940110349,0.235278915547681,7.03165176213257,2.04102699008275e-12,2.39496230628207e-11
"C1_06860W",31.1570135953898,6.5181270063583,1.27726061365421,5.10320833248754,3.33943026275366e-07,2.15207728044125e-06
"C1_06870C",155.590959135511,-4.83304892304304,0.499006560589493,-9.68534144587917,3.48043597716338e-22,1.02892500489927e-20
"C1_07000W",595.121296001595,1.18783614446534,0.192468095249468,6.17160024847608,6.76022461919532e-10,6.01018509940139e-09
"C1_07030C",163.330304661395,-1.80548714285814,0.303619790255695,-5.94653972106905,2.73870100183595e-09,2.27540096878321e-08
"C1_07120W",5412.16030765516,1.32843254306096,0.125628945383291,10.5742553120059,3.92281443981507e-26,1.44787514778629e-24
"C1_07160C",4838.22074515491,3.77219111513137,0.237894222032001,15.8565898865082,1.2658310017091e-56,2.08348940551578e-54
"C1_07170C",400.115176146098,1.98449749807493,0.261719768915387,7.58252808451971,3.38885696217278e-14,4.91384259515053e-13
"C1_07230W",1515.54432471654,-1.0846988280673,0.166592288544947,-6.51109866813939,7.46031179371113e-11,7.50963616920674e-10
"C1_07330W",39.288117909963,-1.69716880010809,0.478729965798754,-3.54514845812166,0.000392392013526562,0.00148058696553703
"C1_07420C",455.998423801735,1.01722594248646,0.153658382192062,6.62004849963211,3.59081037497992e-11,3.7317466183665e-10
"C1_07530W",150.855874245998,-1.00533630578976,0.283307035821643,-3.54857514524515,0.000387321463931343,0.00146508553747943
"C1_07580C",87.7606963902551,4.37654835398427,0.618184892933048,7.07967535929136,1.4449255207678e-12,1.72203452475066e-11
"C1_07640C",123.729250766532,1.34625491108887,0.347435987803455,3.87482862555518,0.000106699762998749,0.000458899404422584
"C1_07670W",31.186987738181,1.14249458909199,0.460194809222954,2.48263249866096,0.0130415556460654,0.0328330193817852
"C1_07710C",2235.01635373734,1.23529639010432,0.141269130785291,8.74427685112467,2.24448497170212e-18,4.86438202052167e-17
"C1_07890C",4493.34109718682,1.06139364924445,0.152678362892816,6.95182754867216,3.60584035121567e-12,4.13551181523605e-11
"C1_07910C",1023.91705546366,1.22780226546551,0.163805309792598,7.49549734999489,6.60474395360285e-14,9.24664153504399e-13
"C1_07990C",284.194689579395,-1.0468604399901,0.21574751546449,-4.85224795166832,1.22069871326397e-06,7.25981949587655e-06
"C1_08050W",1593.02223790457,1.21758489889367,0.11858770766593,10.2673786588715,9.88542153251086e-25,3.38214702994332e-23
"C1_08070W",2924.83953903212,-2.61939307579416,0.220453490753979,-11.8818398694233,1.47093626762345e-32,8.14363806347891e-31
"C1_08080C",1695.55017462395,1.36244467371512,0.129260800716995,10.5402772237043,5.63325950684778e-26,2.06665966245199e-24
"C1_08170C",826.212961992802,-1.14719751596163,0.296336278933681,-3.87126922187738,0.000108270131583078,0.000465324701016897
"C1_08190C",594.942466955758,-1.31187564800175,0.399618234857265,-3.28282228780257,0.00102773432368787,0.00350050449175566
"C1_08240C",265.539491502009,-1.48074335762931,0.313703780769077,-4.72019608434145,2.35617401136515e-06,1.34229183622206e-05
"C1_08330C",4812.20662545737,1.31646543207635,0.229725029806458,5.73061382638829,1.00067850260676e-08,7.83307465408116e-08
"C1_08340C",365.240643784082,-1.02911303039465,0.166244943973838,-6.19034182811959,6.00338824249661e-10,5.376563881883e-09
"C1_08370W",3413.55368186207,1.25399798288451,0.224732269378417,5.5799640450075,2.40568307849694e-08,1.79541788578999e-07
"C1_08400C",2486.05309736977,2.88140879133422,0.217039981026341,13.2759355106308,3.1925885915736e-40,2.81780645256279e-38
"C1_08410C",1571.30412050536,-1.00305697056313,0.257605532729858,-3.89377106902047,9.8697799300117e-05,0.000427503270083721
"C1_08460C",1839.46690354705,-1.17376721067688,0.244374226558344,-4.80315468291269,1.56185133843161e-06,9.19891165478576e-06
"C1_08500C",85703.5044112142,-1.13679964747511,0.216679489430587,-5.24645710797321,1.55051924959631e-07,1.03994077423365e-06
"C1_08520C",561.263667318225,1.0474560386462,0.180347607434927,5.80798411214933,6.32295149452856e-09,5.04675944976133e-08
"C1_08570C",148.223143213662,-1.92593947690652,0.391884735753134,-4.91455599362705,8.89838915417332e-07,5.39752887937405e-06
"C1_08790W",849.896722574326,-3.17134633952653,0.220672959833095,-14.3712502969334,7.84029276235814e-47,8.52631837906448e-45
"C1_08800W",535.549070132911,-1.01412994292761,0.165004047397308,-6.14609131669187,7.94155748181947e-10,6.99914400351383e-09
"C1_08840W",59.6539242206596,-1.2551513257939,0.368355152620089,-3.40744880821153,0.000655732075210507,0.00234906372825411
"C1_08920W",751.6710749163,1.16505924618581,0.166396965194415,7.00168566671024,2.5290098938772e-12,2.93925004841835e-11
"C1_08930C",578.682783117604,1.56272977692042,0.163686723139391,9.54707716636031,1.33406918930777e-21,3.67623591080738e-20
"C1_09020W",1324.46959234269,1.55812326659519,0.130726941252159,11.9189147368615,9.4329264105713e-33,5.27032310462195e-31
"C1_09030C",3924.01281378236,1.12694167257616,0.101418186700588,11.1118302272863,1.09883909768732e-28,4.81433820497538e-27
"C1_09080C",1517.31676399243,-1.6475930789581,0.209479773877731,-7.86516544513631,3.68609955314051e-15,5.90745954700676e-14
"C1_09100W",141.319564021552,1.57426870912646,0.305684485908806,5.14997908528503,2.60515507833388e-07,1.69502077212108e-06
"C1_09110W",269.567493561042,1.19312237169418,0.239799878239766,4.97549198294931,6.50821281807497e-07,4.0197785052816e-06
"C1_09120W",395.604264548713,2.44385692478587,0.193096051362169,12.6561724465416,1.03419980998499e-36,7.68082541805928e-35
"C1_09150W",132.906086168519,-3.27296215943811,0.577804031281494,-5.66448481188182,1.47466922716739e-08,1.13107501176945e-07
"C1_09240C",233.104450725456,3.55430043818397,0.257335841080401,13.8119137360018,2.16015639880186e-43,2.12183104333925e-41
"C1_09250W",1602.32610426246,-1.40282175919321,0.259783345996503,-5.39996801493231,6.6652779565869e-08,4.7254415315034e-07
"C1_09300C",55.0387283024135,-2.1537098435455,0.496612319251695,-4.33680309580469,1.44570024694156e-05,7.13477674544091e-05
"C1_09340C",484.591872418516,-1.10835919945912,0.235635216254456,-4.70370777796741,2.5547884179541e-06,1.44731734561307e-05
"C1_09400C",84.187243079827,-3.06425629805296,0.362837558531413,-8.44525663345202,3.03378232292413e-17,5.9217097264769e-16
"C1_09910C",467.174233276174,1.15991528415319,0.140772116984738,8.23966641262448,1.72691461951544e-16,3.11151184403817e-15
"C1_10060C",72.760347603609,-3.31613024852397,0.364768497529621,-9.09105438375937,9.80831949580987e-20,2.32422823850125e-18
"C1_10140C",626.616980252756,1.08957943227765,0.146360034975953,7.44451470277847,9.73014368520176e-14,1.32565044838655e-12
"C1_10360C",1389.27194862297,-2.04864217132105,0.241161713017388,-8.49488978034148,1.98120831310563e-17,3.94299301529846e-16
"C1_10420C",361.530176466132,-1.37797319031444,0.204775418546308,-6.72919240061433,1.70607340493922e-11,1.8389357585982e-10
"C1_10450W",1344.88832544886,-1.74839238539051,0.16970521137431,-10.3025261936958,6.86348103896057e-25,2.37492042768579e-23
"C1_10470W",1254.62642861961,1.0569095104657,0.172014115343216,6.14431849593776,8.03075601950474e-10,7.06752950271443e-09
"C1_10610W",708.948352971975,-1.1166235901622,0.434551976423086,-2.56959731112818,0.0101816791520385,0.0264307016350871
"C1_10710C",61.7695790439595,-1.11888410672099,0.260842307217647,-4.28950394840434,1.79072629992939e-05,8.73140365618095e-05
"C1_10810W",26.5109445180672,1.34551415538015,0.573199699955405,2.34737414462155,0.0189062591794023,0.0448343817582126
"C1_11040W",1757.88834238188,1.08173574335684,0.179687051660804,6.0201095925311,1.74299018379056e-09,1.48044772932839e-08
"C1_11080W",1633.31592520579,-3.12699085312426,0.28112158726024,-11.1232683466231,9.66646492671229e-29,4.29699061340714e-27
"C1_11220C",2276.41658349984,1.06806400564065,0.160801649655729,6.64212094793395,3.09201066031201e-11,3.24661119332761e-10
"C1_11270W",3444.17058045823,-2.19065140815591,0.194128877253918,-11.2845210828195,1.56491558872581e-29,7.27506559949631e-28
"C1_11320C",2072.04336180505,1.95036733415694,0.435045799633069,4.48313105379237,7.35557238871685e-06,3.8716884915545e-05
"C1_11340W",32.8902008057266,-1.48106322351428,0.402699068923319,-3.67784119162268,0.000235216326165989,0.0009374786821668
"C1_11510C",242.639531974121,-1.12522665910955,0.259112582587044,-4.34261681881678,1.40795577111421e-05,6.9710980862484e-05
"C1_11520C",822.490903166372,-1.60610658734904,0.229048442432902,-7.01208255463049,2.34796583328723e-12,2.74982921629216e-11
"C1_11530C",43.5387831605645,-2.20994558634728,0.400287343404173,-5.52089798181772,3.37271564872906e-08,2.48582521072919e-07
"C1_11630C",29.1379639118138,2.16055555210878,0.518755612063843,4.16488130800767,3.11514584031013e-05,0.000146496047625395
"C1_11660W",3375.42628798658,-1.21515189609668,0.119326720624086,-10.183401418738,2.35193556837723e-24,7.82693312099308e-23
"C1_11700C",1296.70173146734,-1.96803007576329,0.195694446667985,-10.0566475404499,8.58728607458977e-24,2.78173256352403e-22
"C1_11950W",197.924778368401,1.87485670170111,0.240779220218829,7.78662170264182,6.88246245067849e-15,1.06778461204291e-13
"C1_12060C",82.8764874830484,-1.7208949354613,0.32461770982452,-5.30129713622701,1.14982768243853e-07,7.91237354356003e-07
"C1_12120W",212.956638699216,-1.22771059577781,0.194872338665302,-6.30007626627005,2.97499226428629e-10,2.78305727949363e-09
"C1_12190W",276.594813936897,-1.0861980377033,0.231119915249754,-4.69971632054956,2.60523129511536e-06,1.4731530721683e-05
"C1_12220W",158.589434598376,-1.44302027232293,0.341608983648534,-4.2241871302998,2.39804736676189e-05,0.000114094597371718
"C1_12260W",133.951591608263,1.30510280467589,0.253242076567837,5.15357804028386,2.55562647105121e-07,1.6663560180623e-06
"C1_12280C",372.38855129389,1.64988998006834,0.234347822427826,7.04034696365258,1.91761720923632e-12,2.26762889402897e-11
"C1_12320C",1685.50351423725,1.31981848210209,0.14169477015069,9.31451796490787,1.22507543902564e-20,3.11480660284353e-19
"C1_12340C",1321.62334425335,1.26942174444908,0.138835818048197,9.14333031846576,6.05580754581323e-20,1.46557110140419e-18
"C1_12610W",897.111463540366,1.17278667829236,0.159173576450837,7.36797340640642,1.73241333981381e-13,2.29856149007976e-12
"C1_12770W",2894.78506771228,1.06499399106444,0.136201299973417,7.81926450975356,5.31328589519593e-15,8.33966780972763e-14
"C1_12850W",6242.24400812968,1.89625722528922,0.163435026455103,11.6025142615933,4.00146624168415e-31,2.06516350947936e-29
"C1_12910W",445.465208580627,-2.5901240708784,0.970287583480786,-2.66943957129354,0.00759779433940424,0.0203655666932094
"C1_13060C",2390.84302818883,1.46690567362228,0.156226808782733,9.3895899497143,6.02342945132415e-21,1.57567027594251e-19
"C1_13080W",2988.45962405525,13.0824234976759,1.19671754216697,10.9319225604287,8.11114579905176e-28,3.33762688623143e-26
"C1_13100W",29.4875531650254,1.57275910314733,0.582545642044207,2.69980408338198,0.00693803195482988,0.0188543572534199
"C1_13130C",174.218420592908,-2.4006024994832,0.294468649889881,-8.15231944175019,3.57009750649716e-16,6.32031796935107e-15
"C1_13140C",5900.08246082132,-1.61006063115409,0.202522981664843,-7.95001445227875,1.86489758236541e-15,3.11156884290558e-14
"C1_13410W",466.575596790013,1.10646565633976,0.151978940288925,7.28038802110522,3.32861381241565e-13,4.25866767176708e-12
"C1_13430C",398.715380576992,-1.29332053142601,0.203987352720323,-6.34019959658587,2.29467684368757e-10,2.16996614566107e-09
"C1_13680C",1650.84689485756,1.41396182343848,0.178245829650177,7.93265024047689,2.14517957577987e-15,3.56943814658454e-14
"C1_13850C",108.932005114744,1.38890883778357,0.512455335382058,2.71030222906758,0.00672219240925054,0.0183332520252287
"C1_14030W",432.499287364165,-1.14747111099122,0.15282692957908,-7.50830442090026,5.98980888175616e-14,8.40505439859332e-13
"C1_14090W",2427.45246838725,1.22247150899923,0.241791234036506,5.0558967278965,4.28373109276389e-07,2.71749191197209e-06
"C1_14130W",5893.45244832092,-1.13624291565657,0.154031184326144,-7.37670700012733,1.62252537891668e-13,2.16692534157951e-12
"C1_14220C",296.722375915337,3.49368952905794,0.285246359464618,12.247972368921,1.72248727818212e-34,1.04899475241291e-32
"C1_14340C",1514.21679606158,1.47847188912392,0.274594973482329,5.38419137966875,7.27710452855641e-08,5.147220276296e-07
"C1_14360C",603.86528728004,-1.97213037535038,0.191764581840595,-10.2841221064989,8.3095852046722e-25,2.85906067211603e-23
"C2_00100C",1619.11636370398,-1.05795835692867,0.117153511841024,-9.03053045788597,1.70841621936312e-19,4.00163645227746e-18
"C2_00210W",8119.04694572632,1.15465082656457,0.161315301707055,7.15772660340299,8.20259328829964e-13,9.99075862514896e-12
"C2_00340C",4702.60511971291,-1.3199850343656,0.202221591868606,-6.52741886842264,6.69127303526157e-11,6.80298043150968e-10
"C2_00400C",1994.47325603549,1.41766680670578,0.150530916083123,9.4177783779841,4.60732926489069e-21,1.21994066187758e-19
"C2_00480C",249.592134831332,1.26876397477048,0.204196681854412,6.2134407045609,5.18367987643129e-10,4.71173290260695e-09
"C2_00660C",228.598600866206,-1.62794547234011,0.232195639992607,-7.01109406012937,2.36461689912756e-12,2.76401476308768e-11
"C2_00680C",85.5409900932393,1.10773531374239,0.345966911935866,3.2018533435583,0.00136546496511904,0.0044949630473378
"C2_00750W",79.070149834678,-1.56216244333442,0.337767018704063,-4.6249703399938,3.74652008652284e-06,2.0592335132603e-05
"C2_00770W",422.064984283644,-1.12008869091477,0.171830120784235,-6.51858175855708,7.09752485204505e-11,7.18005421078976e-10
"C2_00860C",637.07846122714,-6.09473347294467,0.733258878612387,-8.31184408496804,9.42261769707298e-17,1.72842595708357e-15
"C2_01000W",59104.8579223814,-5.93616989453474,0.353202985211415,-16.8066809825561,2.18042699900122e-63,4.1496251324742e-61
"C2_01010W",2580.48015032796,1.52373184856796,0.178392827285791,8.54144122132722,1.325580211797e-17,2.69092782994792e-16
"C2_01030W",1182.18841148965,1.09951821485518,0.138631963729566,7.93120277081296,2.17033512141442e-15,3.60145528321902e-14
"C2_01240C",237.462025342876,-1.19275423714196,0.170406491791171,-6.99946477745488,2.56942164413945e-12,2.98052910720176e-11
"C2_01250W",253.866800876835,-1.19273771009034,0.234042788562367,-5.09623781795141,3.46469836349269e-07,2.23044535239646e-06
"C2_01450C",58.6647317799288,1.42084789297165,0.478916766030008,2.96679505449308,0.00300921472769708,0.00897459240532576
"C2_01540W",305.214678531722,-1.20564517189672,0.166773687082347,-7.22922898083687,4.85743829995233e-13,6.11194199312183e-12
"C2_01560W",837.943935911029,-1.00182858363728,0.156279843324973,-6.41047855131291,1.45063562704299e-10,1.39901023341593e-09
"C2_01620W",3126.78585534898,1.09703286666754,0.130902650202423,8.38052449641876,5.26923643096903e-17,9.87373841987735e-16
"C2_01690W",2836.53054147229,1.72158501842297,0.161231734808212,10.6777057287812,1.29430884680711e-26,5.0205992847486e-25
"C2_01740C",674.485642106786,1.16721291229272,0.15100688106624,7.7295346016763,1.07940468227886e-14,1.63521754106424e-13
"C2_01750C",576.895591255649,2.39423962527784,0.207707101364752,11.5269993637499,9.64469347108828e-31,4.69889465911421e-29
"C2_01800W",20.0087111102698,-1.4471277655956,0.573051722809755,-2.5253004362331,0.0115599416170029,0.0295798506082133
"C2_01930C",710.102368438258,1.20235338190276,0.197001156002243,6.10328084515947,1.03913016857442e-09,9.05336584637802e-09
"C2_01970C",510.928867237054,-4.42235314402614,0.234041934197591,-18.8955588629367,1.24066839727207e-79,3.28507414755951e-77
"C2_01980C",568.30466106705,-1.13725045634429,0.173957012812652,-6.53753727979387,6.25400593743131e-11,6.36904618042754e-10
"C2_02030W",4141.06284117691,-1.52774769165352,0.181708288747516,-8.40769401431285,4.18150312172305e-17,7.95792312852918e-16
"C2_02180W",729.374803750727,-1.38235723710363,0.134101379558599,-10.3082998970907,6.46345614348436e-25,2.24928273793256e-23
"C2_02230C",967.006756589338,7.78823426634424,0.449083228945776,17.3425186343011,2.24672745549932e-67,4.88663221571102e-65
"C2_02270C",556.440031550637,1.06529369105582,0.142405097404057,7.48072723852844,7.39124438060047e-14,1.02534574664822e-12
"C2_02310W",1542.07674403435,1.42677706174917,0.169453034509379,8.41989679252517,3.76816113144586e-17,7.21638405361802e-16
"C2_02550C",36.0567360637829,-3.19100793217052,0.495035225938377,-6.44602194949202,1.14824040005517e-10,1.12969047436769e-09
"C2_02570W",117.753731599007,-1.31194081407854,0.274738995161118,-4.77522607705966,1.79505478363451e-06,1.04511315796694e-05
"C2_02580W",409.239816110333,-2.58234687363573,0.257470182390363,-10.0296929518639,1.1286703889489e-23,3.59874485272189e-22
"C2_02590W",6489.76773803319,-2.97559115263773,0.150733268535183,-19.7407724356697,9.6294639920416e-87,2.79254455769207e-84
"C2_02600C",86.8684720672007,1.37079543514991,0.28932654429185,4.7378834130309,2.15961991720796e-06,1.23609824208614e-05
"C2_02610C",169.437939878232,2.18926997705899,0.294112172501099,7.44365647447255,9.79359744000533e-14,1.33131715200072e-12
"C2_02690W",1041.52397583671,1.3028301955093,0.142244447719959,9.1590934928738,5.23350873997936e-20,1.28000274001905e-18
"C2_02790C",62.9653533724672,-1.73984055405147,0.637544973247529,-2.72896913481894,0.00635326500781473,0.0174994952047
"C2_02860W",2375.53134969602,-1.41552589307561,0.151783408122277,-9.32595934290303,1.09984056571592e-20,2.8261725929156e-19
"C2_02880C",370.847578564094,-1.8040179253114,0.217868127675088,-8.28032050654866,1.22844200793033e-16,2.23988378092687e-15
"C2_02910W",46.2227229437781,-3.03205324922373,0.611261305776892,-4.96032256674597,7.03762181944223e-07,4.33358107991943e-06
"C2_02970C",8428.80181507838,-2.02567019131706,0.143712206290367,-14.0953245629271,4.05777974931588e-45,4.11864644555561e-43
"C2_02980C",902.349790291081,-1.81401473999846,0.181154744360629,-10.0136198276279,1.32802517127412e-23,4.19050429692195e-22
"C2_03080W",4181.28728062606,1.17942055312638,0.163235628561552,7.22526426074714,5.0012833688625e-13,6.26704027085856e-12
"C2_03090C",969.708612322024,1.43017776413779,0.141334332227021,10.119110775155,4.54526196674459e-24,1.48820674072444e-22
"C2_03110W",16.4064750764167,-2.59461323151236,0.68254720602628,-3.80136818172319,0.000143899288314431,0.000601060813329824
"C2_03120W",1952.94212975738,-1.92944371703646,0.241269891973613,-7.99703477816235,1.27451248445158e-15,2.16205599730087e-14
"C2_03170W",127.692674968425,-1.60951527570977,0.256147998260954,-6.28353641893407,3.30956633819861e-10,3.0818438837354e-09
"C2_03210W",55.2932950574023,1.30640186551026,0.349487064031979,3.73805499533659,0.000185449386613737,0.000757977694280306
"C2_03220C",525.310704557725,-2.20711370310488,0.210572289193346,-10.4815012058796,1.05062617616862e-25,3.78598426796859e-24
"C2_03270W",29596.7043491379,-2.20858503667452,0.249649331472825,-8.84674925282118,9.01055418929372e-19,1.99542818228359e-17
"C2_03350W",604.339188811174,6.38146377924589,0.553233980589671,11.5348369824358,8.80538159867159e-31,4.35973771836667e-29
"C2_03470C",4349.01906510692,1.23108750744602,0.0965756970190578,12.7473841291881,3.22382278301104e-37,2.48520009475155e-35
"C2_03560C",1136.16118779362,1.44101320176923,0.145821553903587,9.88203158719579,4.98126135561139e-23,1.54774906406497e-21
"C2_03690C",232.867865005143,-2.88457764988961,0.314145099729831,-9.18230987008992,4.21941627622243e-20,1.03613891621752e-18
"C2_03700W",324.18422440282,-1.45785141730304,0.162415014882982,-8.97608769948643,2.80565766818691e-19,6.47214212093118e-18
"C2_03710W",11.8842223205567,-2.01778909094002,0.857480953317121,-2.35315907966738,0.0186146685709434,0.0442825514050958
"C2_03750W",1075.94091124323,-1.41864313785742,0.134676358433149,-10.5337206497279,6.03989331648089e-26,2.20257187409393e-24
"C2_03940C",460.666527997527,-1.038909107691,0.189134445243077,-5.49296616148256,3.95238545183411e-08,2.87918988058251e-07
"C2_03950W",986.318146067744,1.3819364900382,0.156750791341398,8.81613724697813,1.18476241729788e-18,2.59539680623887e-17
"C2_03960W",5047.55001253657,1.03525669642971,0.164090129478127,6.30907355440722,2.80710695193279e-10,2.63409573763801e-09
"C2_04010C",887.811913995279,-1.03809915293693,0.423576976068116,-2.45079220918276,0.0142542212875684,0.0354222767240185
"C2_04180C",419.231856742919,2.56509539859212,0.171054888239264,14.9957444946219,7.82799863857066e-51,9.53450234177906e-49
"C2_04190C",599.035251405836,-1.03580668171092,0.187728793257769,-5.51756959460482,3.43719983710927e-08,2.52199361542114e-07
"C2_04230W",2236.79077849602,-2.25037555258656,0.155494407135846,-14.4723890333917,1.81071990282694e-47,2.04208966818816e-45
"C2_04280W",197.902935087876,2.50181674267157,0.260968645667299,9.58665642102102,9.09857813790053e-22,2.5892682644773e-20
"C2_04370W",1239.45766057026,1.14968990926595,0.194888866444328,5.89920773947534,3.65251129193865e-09,2.9978158716855e-08
"C2_04460W",4428.09487463734,-1.35628939914028,0.181910826199638,-7.45579264013581,8.93291442255193e-14,1.22250446816497e-12
"C2_04470W",54.654660537694,1.38659664057075,0.311104467671784,4.45701294792596,8.31095851753181e-06,4.31296970215116e-05
"C2_04550C",3229.12130073725,1.51717927653943,0.105704602457957,14.3530105715395,1.02010989334813e-46,1.0899068860509e-44
"C2_04590C",2872.86083428556,1.17399239513677,0.136589613550029,8.59503416565986,8.32400276498375e-18,1.72425771560378e-16
"C2_04670W",43.4743306554959,1.08212892033042,0.377281573862488,2.86822626732585,0.00412780213374273,0.0119365218397404
"C2_04680W",646.801143954664,1.0236548890751,0.141783046991824,7.21986803636779,5.20380477077523e-13,6.4940924291027e-12
"C2_04790C",712.223200330262,1.26466048746924,0.163233387422062,7.74756014956233,9.36749650213259e-15,1.42977578190445e-13
"C2_04830W",195.415519393485,-1.13484028393822,0.267570672773702,-4.24127305199104,2.22255550305764e-05,0.000106326496572043
"C2_04950C",5906.62435745513,1.31022648205749,0.11230438353461,11.6667439045574,1.8850058390791e-31,1.00698996140278e-29
"C2_04970W",125.463073983766,1.89938483070229,0.24478068350872,7.75953724565294,8.5239830659937e-15,1.30758329652145e-13
"C2_05000C",966.170007531425,1.32740468646514,0.152459236306127,8.70662033095725,3.13069573841583e-18,6.73708022860509e-17
"C2_05060C",164.340237025647,-2.11139150066778,0.215770044238736,-9.7853782628494,1.30107867392728e-22,3.88410251187113e-21
"C2_05070W",116.483973288763,-3.81989392595263,0.343868007926403,-11.108605156343,1.13925125568848e-28,4.95574296224487e-27
"C2_05130W",368.570238605429,1.44611798571855,0.171287490228374,8.44263631740106,3.10259267781575e-17,6.03667393223576e-16
"C2_05180W",1285.35781581859,-1.2240096245761,0.455168830509262,-2.68913322383395,0.00716378226900728,0.0193727504521556
"C2_05250C",7119.91486038161,1.22703919963387,0.133990060057227,9.1576882576947,5.30209280983713e-20,1.29158980847632e-18
"C2_05300C",1271.16687962329,1.51515734697861,0.136445024296625,11.1045261986595,1.19248098085417e-28,5.15050295985949e-27
"C2_05360C",285.113422757819,-1.68409978818829,0.316627140227245,-5.31887376104145,1.04411546131241e-07,7.24221316559521e-07
"C2_05460W",41273.5637469151,-3.2043435144527,0.234681819552011,-13.6539912660023,1.91117478093112e-42,1.84746895490008e-40
"C2_05480C",79.3429086203065,1.4407522258166,0.353933542703657,4.07068574176628,4.68749490829991e-05,0.000215285399634589
"C2_05500W",4320.34418638321,1.12479815270606,0.157907638647277,7.1231395918633,1.0549587618197e-12,1.26470449989803e-11
"C2_05660W",2670.76843677502,-2.65186128161872,0.168576277928322,-15.7309279467321,9.28404305021001e-56,1.44973903014818e-53
"C2_05700W",5870.6584071081,-1.03386456365884,0.0928810517994939,-11.1310600346203,8.85758292029006e-29,3.96637352827695e-27
"C2_05760C",1382.29096512964,1.11441859498998,0.134830222131248,8.26534717049694,1.39288783772311e-16,2.53214535275634e-15
"C2_05860C",40.8056145837079,-1.07600222772329,0.435844341987547,-2.46877640493502,0.013557590240325,0.0340196640146598
"C2_05990C",383.839079592751,2.09092482646183,0.190361284954306,10.9839814695711,4.5635705767069e-28,1.93001005639896e-26
"C2_06020W",1001.95324454309,-1.15071112275255,0.260898844927739,-4.41056426704866,1.03101599973292e-05,5.2542991116096e-05
"C2_06070W",651.399467777449,1.26311950035023,0.143264884618919,8.81667202476097,1.17911983448443e-18,2.59236093574374e-17
"C2_06190W",1719.44871739242,-1.18236944702928,0.198610429002672,-5.9532092698585,2.62934734392117e-09,2.19352401705204e-08
"C2_06260W",84.7909107894497,-1.30291871464959,0.296970798238611,-4.38736307535099,1.147331765533e-05,5.78414772524499e-05
"C2_06280C",77.497764682162,1.00567682461086,0.320973083408651,3.13321233647019,0.0017290430958527,0.00554203813354891
"C2_06460W",334.235544290537,-2.90795381456562,0.303717269359544,-9.57454220728935,1.02309544287545e-21,2.87126785581173e-20
"C2_06470W",251.187053246472,-2.31895913284862,0.326868623449642,-7.09446843926238,1.29849602986981e-12,1.55055702390336e-11
"C2_06570C",4061.60878304242,-1.13023024316515,0.239079593040725,-4.72742248215481,2.27387828374743e-06,1.29662160562002e-05
"C2_06590C",65.7489381900517,-2.0663840325891,0.390515590050202,-5.29142519591462,1.21366830861417e-07,8.30476404433744e-07
"C2_06600W",1752.9075298311,1.68139597546411,0.184572697673502,9.1096678796904,8.26345443351379e-20,1.97350735294506e-18
"C2_06630C",70.6777918824917,-1.09413322748235,0.317155391139184,-3.44983329323951,0.000560932830222232,0.00204555744673856
"C2_06680W",3604.38534118548,2.58771512936586,0.382966798690343,6.7570221184062,1.40856694584809e-11,1.52365412081969e-10
"C2_06800C",158.854299782069,-1.19146832695455,0.179058874207968,-6.65405907540065,2.85118144369774e-11,3.00930589118185e-10
"C2_06890C",546.210207946808,-2.54831321176427,0.232471758589274,-10.9618184472316,5.83156571325562e-28,2.43248186258402e-26
"C2_06940C",568.584739352355,-2.15270388762754,0.175168598521793,-12.2893252888572,1.03365145249549e-34,6.48962612958506e-33
"C2_06950C",427.796410118231,1.03026428766041,0.198896765851685,5.17989462145739,2.22011280510391e-07,1.45852071014917e-06
"C2_06970W",243.627821093282,-1.88602519406337,0.571054364053697,-3.30270690985564,0.000957564146875316,0.00328538910111024
"C2_06990W",333.248509965316,4.13825863217924,0.273490572355193,15.1312661220538,1.00738411187707e-51,1.30531260453859e-49
"C2_07030C",850.152534280136,1.13760326668343,0.158805530926054,7.16349902959708,7.8643419657076e-13,9.63658804248678e-12
"C2_07060W",648.655064688114,-1.50637345889574,0.204952539281394,-7.34986482322884,1.98407404253268e-13,2.60972158078273e-12
"C2_07140W",1291.21695913035,-1.22659061952603,0.146132254246314,-8.39370216966986,4.71068547392242e-17,8.93709487108646e-16
"C2_07190C",1269.16826818445,1.31990787266752,0.224355485931751,5.88310941979389,4.02629548497771e-09,3.29129389308916e-08
"C2_07270W",890.438021957724,-1.19608269979817,0.196965658862029,-6.07254435472941,1.25899308136917e-09,1.08755572560826e-08
"C2_07280W",19.4563391427328,-4.53543266702119,0.702493668593847,-6.4561900979116,1.07371722049655e-10,1.06151588844545e-09
"C2_07380W",10073.4736311259,1.21256809166277,0.216874785039122,5.59109760705483,2.25638688565642e-08,1.69437683522165e-07
"C2_07410W",829.459144054307,-2.37839890057826,0.204553694550351,-11.6272595604125,2.99560735060231e-31,1.5863694578407e-29
"C2_07440C",358.357588177757,-1.92719454370526,0.181359244272699,-10.6263926685063,2.24633927386535e-26,8.49702247070808e-25
"C2_07550W",2567.06648663626,1.14495733994033,0.0887222200314021,12.904967205905,4.21995111891026e-38,3.29480798899532e-36
"C2_07570W",4671.1974561146,-5.01938443083899,0.269351910221945,-18.635043006389,1.67020076508202e-77,4.23813444139564e-75
"C2_07580W",133.841609428169,-1.59354530002273,0.233350348531754,-6.82898187231926,8.55193789303663e-12,9.50388718404983e-11
"C2_07630C",1135.14677290313,-1.12056907629132,0.373578986118452,-2.99955061159681,0.00270378199192954,0.00818798226297907
"C2_07680W",996.857525829903,1.37635139446847,0.162784257507351,8.45506448562031,2.78933154622184e-17,5.49742042604887e-16
"C2_07700C",34.1455813743212,-1.25987677880885,0.513687389236121,-2.45261379821364,0.0141822512401768,0.0352674193763483
"C2_07750W",197.267581338051,-1.03084893961873,0.237119220616554,-4.34738667299229,1.37769213969154e-05,6.84351152587396e-05
"C2_07760W",557.77201083345,-2.50976695430642,0.263412011103926,-9.52791387070127,1.60475482836964e-21,4.36292718962997e-20
"C2_07800W",449.405891351264,1.08172046402799,0.188856100580442,5.72774965014825,1.01771604623002e-08,7.94601374556519e-08
"C2_07900W",7227.76067099003,1.53229756178865,0.477605931240977,3.20828838496047,0.00133527533241447,0.00440272158874071
"C2_08040C",8108.04109543009,1.05204469931914,0.11394455805467,9.23295256289793,2.63272692838298e-20,6.59806872174995e-19
"C2_08050C",118.98653890301,-3.02095792259899,0.472924644467501,-6.38782088846416,1.68266256536826e-10,1.59866069003006e-09
"C2_08100W",786.886851672471,-1.60717674941943,0.16014051870889,-10.036040612189,1.05837463114799e-23,3.4103182559213e-22
"C2_08260W",1502.46427234353,3.44912724060902,0.79271407070627,4.35103572406127,1.35495971785592e-05,6.74158879227331e-05
"C2_08310W",745.177923998022,1.66813411212681,0.248276581792767,6.71885402997525,1.83159273062698e-11,1.97074200168168e-10
"C2_08340C",18.9903571738361,2.65108647849994,0.573838522433494,4.61991723256465,3.83893154512291e-06,2.10432881276314e-05
"C2_08380C",274.041970225027,-1.01092704167827,0.297669446699495,-3.39613975464143,0.000683434548656219,0.00243969308400725
"C2_08430C",4.31601156199002,-4.24819691127349,1.35677629341737,-3.13109606342942,0.00174155183017711,0.00557333192106074
"C2_08650W",1138.1270977846,1.11429664599923,0.118186994088415,9.4282510067532,4.1698370595075e-21,1.1089217332926e-19
"C2_09030W",97.7409513409367,-1.7430397841772,0.306962862516537,-5.67834092335289,1.36007434735702e-08,1.04846237663345e-07
"C2_09060C",6539.49990003257,-1.40806827079978,0.157922691463799,-8.91618714035502,4.82617671802454e-19,1.09669463480483e-17
"C2_09070C",1720.60183079264,1.75085773340389,0.199575952315977,8.77288928393464,1.74139239338715e-18,3.78752845561704e-17
"C2_09120C",21.5554514333319,1.90474308999212,0.607866548281265,3.13348891360737,0.00172741443947791,0.00553973351048999
"C2_09220W",2057.85492616721,-2.12281503324129,0.222214942772967,-9.55298058155402,1.26017517235991e-21,3.50432273957617e-20
"C2_09350W",151.277527718931,1.07876328560345,0.266713286211038,4.04465522107464,5.24001816461488e-05,0.000238324948637077
"C2_09480W",158.366827759701,-1.04942401121274,0.256673376095149,-4.08855810126452,4.3406283504228e-05,0.000199957841558811
"C2_09510C",777.128509132384,1.25639143479493,0.138416141928134,9.07691413222057,1.11696665915148e-19,2.62638106341023e-18
"C2_09590C",358.684817615188,-1.15337599226444,0.186397560322892,-6.18772043081723,6.10404583607264e-10,5.45868416177422e-09
"C2_09630C",50.5505584728833,-3.04712540464793,0.417281099579772,-7.3023326666762,2.82820937943793e-13,3.65685671354076e-12
"C2_09800C",126.588219070422,7.78914853941591,1.21282674912516,6.42230932409301,1.34222325094795e-10,1.30161458571226e-09
"C2_09830C",909.444521838344,1.02783943943072,0.162784533581982,6.31410992686894,2.71720752697276e-10,2.56157799369414e-09
"C2_09900C",912.579992414533,1.18863964673027,0.177344897664764,6.70241806999806,2.04998519906584e-11,2.19024734426508e-10
"C2_10040W",5.41816461617291,5.54689500891382,1.44525349055764,3.83800838064304,0.000124036249910228,0.000527500532090285
"C2_10070W",70.8479378719475,-1.76175515021061,0.743649528814445,-2.36906645126135,0.017833049079196,0.0427322348745992
"C2_10110W",2421.16694901338,1.29423442696246,0.116271027505991,11.1311859430826,8.84507919274082e-29,3.96637352827695e-27
"C2_10150W",79.2570051056391,1.73884340688782,0.348253906026097,4.99303346437561,5.94382538264633e-07,3.68989771460919e-06
"C2_10240W",1649.8702726186,-1.41050856240828,0.236160425623778,-5.97267115640844,2.33400067727092e-09,1.95516700475652e-08
"C2_10300C",145.540702440867,-1.10819341942604,0.249294926796367,-4.44531075568679,8.77649097757732e-06,4.52189763565532e-05
"C2_10350C",3909.28275413757,1.32714707509768,0.141856358855046,9.35556985819581,8.31502613532892e-21,2.14569954085395e-19
"C2_10420W",352.50661442963,-1.11698116065437,0.271586617927402,-4.11279896328673,3.90890766779882e-05,0.000181442436714137
"C2_10580W",214.920480654693,-2.51982575976039,0.217077748096855,-11.6079413106686,3.75548626612726e-31,1.95477874877906e-29
"C2_10620W",15160.4389111393,1.07826983232437,0.12492653505497,8.63123140211896,6.06949500575832e-18,1.28344529809264e-16
"C2_10690W",1788.44779155759,-1.27750666298215,0.224150813740026,-5.69931753388066,1.20287993150253e-08,9.33189653866294e-08
"C3_00090W",12095.7155160989,1.06408765679237,0.143983678368177,7.39033527169253,1.46459043325379e-13,1.97330879170699e-12
"C3_00180C",108.227640555832,-1.28592465862348,0.313767936735931,-4.09833035204524,4.16141073358349e-05,0.000192137917873567
"C3_00210C",144.587434522829,1.44379840984302,0.26976785608854,5.35200312882776,8.69858944560772e-08,6.0890126119254e-07
"C3_00220W",522.968014090493,5.220901251147,0.358074590053249,14.5804851731328,3.73850336813296e-48,4.37836259844803e-46
"C3_00250C",2174.96745418749,1.39468889661865,0.157872905063198,8.83425117223464,1.00771001040445e-18,2.22353404469677e-17
"C3_00310C",146.076723295312,-1.22261260234814,0.323747811563304,-3.7764351099222,0.00015908898129243,0.000658634871564173
"C3_00320W",5032.04846077057,-4.54233289843349,0.445609941764838,-10.1935178565442,2.11952722218236e-24,7.13144794645889e-23
"C3_00450C",2303.19904977207,1.0522706060017,0.129970063820028,8.09625366852782,5.66775742115427e-16,9.8058644019402e-15
"C3_00800W",621.586935678071,-1.30171973886242,0.1959519874058,-6.64305453644959,3.07248087443963e-11,3.23167677466967e-10
"C3_00880W",5706.10137265358,2.40217899818131,0.183080676081444,13.1208768155996,2.50025280462761e-39,2.11479716391418e-37
"C3_00920W",1034.43120991195,9.71956631565071,0.731788701122423,13.2819300171522,2.94699191540351e-40,2.63929128894226e-38
"C3_00940W",927.141886481992,-1.5272850996113,0.177483831464354,-8.60520694764268,7.61791903313794e-18,1.58880571615788e-16
"C3_01080W",454.479222528656,1.43032293452217,0.17055619196394,8.38622695577406,5.01993758495753e-17,9.43562342357759e-16
"C3_01090W",431.561491195415,1.22889221935348,0.188881340761513,6.50615997535253,7.70961243419387e-11,7.73501478158824e-10
"C3_01110C",41.0997968189232,-1.75849388947024,0.50317207568946,-3.49481613633011,0.000474388430794206,0.00175717279164623
"C3_01180C",480.71682610766,-1.4760673754948,0.200844446081358,-7.34930641247044,1.99237981463248e-13,2.61499850670513e-12
"C3_01270W",27.9530246693535,-6.76022439379129,1.10843052359551,-6.09891576412257,1.0679032344008e-09,9.29075813928697e-09
"C3_01280W",364.11549852329,-1.45555863897448,0.258983299896594,-5.62027991594692,1.90648314952442e-08,1.44229594790108e-07
"C3_01300C",336.46764015136,-1.90119788346114,0.329362500001196,-5.77235685135448,7.81703461568087e-09,6.19866416790319e-08
"C3_01410C",1422.64288427792,1.3589747275988,0.11836732257668,11.4809957513268,1.64376423412161e-30,7.94486046492112e-29
"C3_01480C",802.094172472195,1.99541767170306,0.153079138010817,13.0352032133997,7.71611626906319e-39,6.18304579981511e-37
"C3_01490W",10845.1908364566,1.23903303168543,0.129946003650363,9.53498373847044,1.49909060808486e-21,4.09392905974744e-20
"C3_01520C",985.461282889772,1.46974105330829,0.128186075447051,11.4656841484736,1.96202890347707e-30,9.40846930879947e-29
"C3_01540W",2172.79149586725,-6.00064392390551,0.677554753461808,-8.85632326132554,8.26968377079179e-19,1.83804285270518e-17
"C3_01610W",3210.11867434642,1.13036649449878,0.0972802984230423,11.6196857207732,3.27338169697146e-31,1.71852539091002e-29
"C3_01640C",16.7197746593146,3.00935092243174,0.700411777776997,4.29654528652126,1.73480540159899e-05,8.4655167433797e-05
"C3_01710C",315.554392287178,1.14625952353535,0.30125358870259,3.80496553907273,0.000141823934590395,0.000594021844329785
"C3_01850W",804.963875636595,1.60641198782431,0.173158978930851,9.27709321077608,1.74165088017892e-20,4.3829148183015e-19
"C3_01930W",1239.4067836922,3.96187904351008,0.261227813371621,15.1663752506856,5.90489895571828e-52,7.81757274789659e-50
"C3_01940C",389.037224813262,-1.43951215592058,0.219067519666427,-6.571088941494,4.99486109041929e-11,5.12962968645084e-10
"C3_01970C",16.815419710859,4.03697111665138,0.900468413683399,4.48319014338104,7.35353503005125e-06,3.8716884915545e-05
"C3_01980C",899.377008559991,1.09408912817822,0.243570913225686,4.49187102716354,7.06001753068634e-06,3.72901186139461e-05
"C3_02030W",669.794621210956,1.01558686375086,0.139416219193571,7.28456753185064,3.22703797971302e-13,4.1461310752009e-12
"C3_02060W",145.893580805233,-2.54599313033843,0.425125565769991,-5.98880268639479,2.11391429306339e-09,1.77324215492508e-08
"C3_02070C",15.2959466949013,-3.25567212640786,0.759575239948207,-4.28617463443102,1.81776111590777e-05,8.84905291437117e-05
"C3_02140C",383.382989426834,-1.31503531568146,0.159558259988526,-8.24172509637564,1.69745220064887e-16,3.06750264152867e-15
"C3_02190C",1066.93676656687,1.14783193943723,0.119446907214168,9.60955763701074,7.28613341490208e-22,2.08321842707764e-20
"C3_02300W",313.235385555505,-2.06363622132661,0.265565299371704,-7.77072993425319,7.80351184572229e-15,1.20312372507465e-13
"C3_02310W",974.676465304255,-3.01992175497546,0.246375514210873,-12.257394021675,1.53352619187535e-34,9.43350960456658e-33
"C3_02390W",197.589714259122,-1.32366371235728,0.244754263282644,-5.40813342576468,6.36849749184493e-08,4.53085861277285e-07
"C3_02460C",135.884144337391,1.20186989611721,0.274066619193075,4.38532025408945,1.15815259042087e-05,5.83321019407641e-05
"C3_02630C",219.863568202953,-1.2231087947778,0.284149604502309,-4.30445362371731,1.67398352949621e-05,8.18840136115015e-05
"C3_02650W",12.0133288905117,1.88058321463674,0.745141221373029,2.52379436366639,0.0116095817659146,0.0296819281924516
"C3_02680C",788.623653832794,-1.09198439576087,0.220863172684713,-4.94416693596853,7.64701563782995e-07,4.68043469692305e-06
"C3_02720W",205.950665402141,1.24665141860432,0.245326818565721,5.08159452722188,3.74279678376707e-07,2.39428911902747e-06
"C3_02750W",41.2915330728519,-2.23450849858342,0.469529962486406,-4.75903281390294,1.94522813283239e-06,1.12501797995719e-05
"C3_02790W",96.0549643281245,1.3903951485083,0.397410634607661,3.49863598864421,0.000467644547370278,0.00173655810578353
"C3_02850C",224.281507430148,-1.0573310814021,0.21315082625444,-4.96048314698979,7.03180621589183e-07,4.33358107991943e-06
"C3_02870C",30.439697862074,-1.87265525971639,0.491599865398669,-3.80930791792983,0.000139356320285532,0.000584169512017931
"C3_02940C",1631.11104053607,1.10670146600362,0.124625759320058,8.88019837986653,6.67412272757301e-19,1.49431644893087e-17
"C3_03010C",1349.42951738513,1.80229073967701,0.145120187074194,12.4192972460514,2.05357421318136e-35,1.38958521758605e-33
"C3_03040W",1924.16888162886,1.03946356102504,0.107956496836714,9.62854104646655,6.05835102678277e-22,1.74859515417569e-20
"C3_03190C",397.915694205326,1.12696799829523,0.155554273375994,7.24485399106465,4.32905312138823e-13,5.48106725764123e-12
"C3_03360W",366.881848146001,-2.80654255588726,0.247684193397045,-11.3311330747227,9.20067286420486e-30,4.31016136484674e-28
"C3_03390C",500.725266427502,1.10383366145101,0.161229669868289,6.84634324657952,7.57615751268921e-12,8.51269358898105e-11
"C3_03420C",8982.71355127783,-1.7906779084998,0.143476735935504,-12.4806150406485,9.52480524736477e-36,6.59159817686948e-34
"C3_03450C",61.8753193271731,-1.87717857227571,0.401532995857911,-4.67502942881432,2.93911469848294e-06,1.64666131681335e-05
"C3_03580C",273.318921472662,6.35987382202028,0.466771794711425,13.625231631556,2.83509321765834e-42,2.69776838992802e-40
"C3_03610W",158.048854678135,-1.16921309043756,0.209651864271904,-5.57692675187074,2.44804886608504e-08,1.81812409688511e-07
"C3_03640W",135.897824609726,-1.09229527584592,0.24914145112657,-4.38423743181541,1.1639277339018e-05,5.84844876193229e-05
"C3_03670W",387.716546581706,-1.11791999071039,0.148489476147558,-7.52861428105168,5.12816239086189e-14,7.22928448156225e-13
"C3_03690W",121.173170137507,-1.45908365592327,0.367549536373374,-3.9697605670248,7.19448912296401e-05,0.000318650463700733
"C3_03800W",2033.56997880791,-1.36541775173878,0.152105254522707,-8.97679541724801,2.78767576914837e-19,6.45511233236258e-18
"C3_03990C",107.188499987204,1.4927501208229,0.255891580429437,5.83352573897808,5.42682312277273e-09,4.36583260471413e-08
"C3_04000C",944.184845747374,3.50861284634636,0.179975308332176,19.4949678312016,1.21130779431497e-84,3.35312021244462e-82
"C3_04070C",1145.94291877283,1.1079929435062,0.186579895372302,5.93843694303349,2.87752286234748e-09,2.38748150295588e-08
"C3_04080W",2374.55897934316,1.42148551744469,0.109838824936752,12.9415579442262,2.62256637943287e-38,2.074211591006e-36
"C3_04170W",43.4509637356039,-1.22547749656953,0.388270486065165,-3.15624684479328,0.0015981354879345,0.00517143736531409
"C3_04190W",65.5756696914025,-1.97030672502832,0.451631439132106,-4.36264297457819,1.28500553867818e-05,6.41449486110667e-05
"C3_04200W",64.9329003829796,-1.54096125627295,0.388648559086618,-3.96492208769393,7.34199239663162e-05,0.000324240273353782
"C3_04330C",778.768084953538,-1.24155794664816,0.163908863148875,-7.5746846314252,3.60001072989883e-14,5.20761647151636e-13
"C3_04340W",1970.71460763971,-1.74258590150816,0.246816796764738,-7.06024032541501,1.66214883521027e-12,1.97319423127301e-11
"C3_04430W",4700.47700311354,1.67859303745344,0.124557904024889,13.4764072227646,2.15340156802746e-41,1.95734560437122e-39
"C3_04480C",28.3471688286607,-4.62716821701782,0.749228366290405,-6.17591167820828,6.5782755970756e-10,5.86554881203373e-09
"C3_04550C",1425.04408230061,-3.11821282621999,0.200138514622411,-15.5802736524898,9.91294672312416e-55,1.47243525716649e-52
"C3_04630W",403.14386246177,1.22413760762572,0.197674404190178,6.19269658426794,5.91435139165549e-10,5.31244837392064e-09
"C3_04660C",150.137949347983,1.72996600800517,0.287242165990822,6.02267428961124,1.71558467435598e-09,1.45920540039496e-08
"C3_04720C",321.210765412256,-1.27964763031902,0.217585773138581,-5.88111810740497,4.07504244246366e-09,3.32222335670732e-08
"C3_04840C",178.304953537635,-1.09391176689377,0.206122986932063,-5.30708284008282,1.11393560987106e-07,7.68274956298389e-07
"C3_05050W",377.294687788732,8.28834948156789,0.749579073012541,11.0573384182901,2.02003001498391e-28,8.66336816285351e-27
"C3_05080W",26.711822934301,-1.31134177837964,0.556555439034132,-2.3561745810182,0.0184642376759782,0.0439934301434691
"C3_05200W",8019.74278178521,1.02707210116567,0.13082658177444,7.85063774681857,4.13926962531904e-15,6.59899267491963e-14
"C3_05270C",278.624269773427,-1.17265251113924,0.250467763645966,-4.68185004756449,2.84297419544702e-06,1.59720598249745e-05
"C3_05450C",520.1633905277,-1.448045177681,0.284652464653571,-5.08706355113878,3.63650005233807e-07,2.33364439607364e-06
"C3_05470W",880.071244147801,-1.7726055941476,0.180332540549389,-9.82964909576108,8.39106380123271e-23,2.56791852007574e-21
"C3_05570W",247.783680276793,-2.01834315761004,0.270237303066564,-7.46878071497362,8.09412920443176e-14,1.12030106488612e-12
"C3_05580C",474.960371543763,1.41465362354624,0.292867393389609,4.83035549698185,1.362894955955e-06,8.07395941806024e-06
"C3_05590C",4502.37677670516,-2.02420710336314,0.189415724404285,-10.6865842829538,1.17623381258036e-26,4.59183584526565e-25
"C3_05600W",64.2978305962723,-3.23248917407612,0.493944963050643,-6.5442294504068,5.98029205990102e-11,6.13130953616114e-10
"C3_05610W",41.3980043692405,-2.75592018943158,0.47232613482845,-5.83478233833607,5.38608317476392e-09,4.33878922411538e-08
"C3_05630W",36.6085632200545,7.20188021286906,1.25890596749719,5.72074515397445,1.06057876512513e-08,8.25949447520722e-08
"C3_05640W",6.40934802753501,6.1965605984407,1.50946739927416,4.10513045953848,4.04086769450181e-05,0.000187139804254875
"C3_05710W",4254.51756612227,-1.07596446278508,0.165802590491102,-6.48943095278613,8.61611824081268e-11,8.57388236708321e-10
"C3_05780C",525.309519850382,-1.69476531159364,0.253818464216029,-6.67707653510659,2.43755670182375e-11,2.59523082414452e-10
"C3_05810C",88.5611455070159,1.05218629126375,0.354583516818868,2.9673863599284,0.00300343285385904,0.00896173742283272
"C3_05840W",19.607130130351,1.17210631514941,0.481289314656692,2.43534663965163,0.0148775296800699,0.0366759804444109
"C3_05930W",1025.69130494776,-1.74277785117009,0.176731828677953,-9.86114309010997,6.13469544476476e-23,1.89646168825469e-21
"C3_05980C",754.558688357163,1.06320728205616,0.192749721073911,5.51599906932401,3.46804092646477e-08,2.54156067896154e-07
"C3_06040W",66.9926274678782,-1.61589660276787,0.391832319634635,-4.12394925532077,3.72430978898363e-05,0.000173270027615816
"C3_06050C",641.013523096566,1.47398416363322,0.172817768125314,8.52912394149423,1.47460134906928e-17,2.97361662775892e-16
"C3_06140W",230.184008197952,-1.58731318851395,0.216845801657851,-7.32000885596337,2.47954591634621e-13,3.23349777956069e-12
"C3_06240C",311.368587968533,1.61991026747455,0.216432671291189,7.48459212655156,7.17696751965396e-14,9.97893429102571e-13
"C3_06280W",1010.30750285688,-1.25890340088012,0.20803238359639,-6.05147803970058,1.43522852508574e-09,1.22933076199327e-08
"C3_06480C",826.392323452868,-1.18077399286578,0.181770591094117,-6.49595727096689,8.25070742454474e-11,8.22370019893248e-10
"C3_06580W",662.751117019626,7.72062074432275,0.838613249849409,9.20641397653705,3.37201989945406e-20,8.34780536084359e-19
"C3_06710W",645.285884869348,-1.05438858612831,0.165361753971545,-6.37625424745887,1.81471571127381e-10,1.72143593172235e-09
"C3_06850W",540.331148242927,-2.49208231904233,0.209912644067166,-11.8719971830041,1.65469593948477e-32,9.07846691122724e-31
"C3_06870W",175632.796694021,-1.19222100033168,0.166613537071866,-7.15560704900844,8.33034518821693e-13,1.01261082228026e-11
"C3_06920W",1255.02580515437,-1.74523580353985,0.14759848381619,-11.8242122711318,2.92634886950646e-32,1.59120219779414e-30
"C3_07060W",1730.30720841938,1.01142644017479,0.14977992974482,6.75275013079496,1.45068660224643e-11,1.56643287370226e-10
"C3_07160W",340.636681881548,2.81834800630811,0.269439569570235,10.4600375171452,1.31803468576742e-25,4.69405335457521e-24
"C3_07180C",573.183309235332,1.66579587943288,0.251289368090571,6.62899466097781,3.37980805469209e-11,3.53053705884646e-10
"C3_07280C",722.582837140943,-2.21943507057353,0.18915839577839,-11.7332094165871,8.61297988295975e-32,4.64186260948893e-30
"C3_07330W",327.369884567152,-1.65877185436537,0.182633590947248,-9.08251239961924,1.06096997801389e-19,2.50438262252116e-18
"C3_07340W",1263.91064456426,-1.29977901142743,0.155932448738374,-8.33552619704075,7.71542911353052e-17,1.42384737276972e-15
"C3_07370W",346.733751705557,-1.1022517182655,0.278619142106485,-3.95612343765037,7.61758108975428e-05,0.000335437952542325
"C3_07380W",404.889856148259,-1.23209511418913,0.167946910206911,-7.33621781235025,2.19714347761564e-13,2.87137420143332e-12
"C3_07390C",898.842234613007,1.35689381567183,0.165161445349105,8.21556031314531,2.111758778958e-16,3.77144016535315e-15
"C3_07400W",428.766704265945,1.00572132298953,0.174874332608873,5.75110885620328,8.86600029385578e-09,6.96696023091376e-08
"C3_07440W",17657.9001589644,-1.08632215258146,0.188471509910841,-5.76385339670364,8.2214837017677e-09,6.4940124181278e-08
"C3_07640C",2607.33498292374,2.24217706193188,0.175975207112082,12.7414372668066,3.47925489470538e-37,2.64858278859447e-35
"C3_07830W",1009.43724292084,3.32851813084637,0.218167195936339,15.2567305848201,1.48504893567747e-52,2.0097662262835e-50
"C4_00080C",513.521047842622,1.35334630966879,0.166129169366578,8.14634970384111,3.75074422615196e-16,6.62087893833781e-15
"C4_00130W",381.470784901003,1.7322163259239,0.316973075625669,5.46486897192988,4.63248855290377e-08,3.33473466751583e-07
"C4_00190W",87.6611574961913,-1.4305727924672,0.332696838071035,-4.29992903077051,1.70852814030825e-05,8.35067124757404e-05
"C4_00330C",2185.82825388863,1.29864431039207,0.129553786966758,10.023978000159,1.1959039305578e-23,3.79325777973801e-22
"C4_00430W",1768.27607187071,-3.64448744021303,0.399413006506502,-9.12460881554617,7.19957939237803e-20,1.73302128456847e-18
"C4_00440C",532.970783550913,-1.48951542697028,0.310419375022778,-4.79839709380571,1.59940445914877e-06,9.38378916783816e-06
"C4_00520W",616.713424152177,1.52537170487273,0.149912676312954,10.1750681956235,2.56220452484754e-24,8.4803399762617e-23
"C4_00650W",2169.55518608029,-1.19680976524679,0.192638761954608,-6.2127152038529,5.20767854466794e-10,4.72649215156897e-09
"C4_00660W",1169.40037616179,1.35724180328335,0.147408115842032,9.20737501819652,3.34197409395381e-20,8.30719274782804e-19
"C4_00810C",192.555257694302,1.18789673409085,0.212744793945744,5.58367004926007,2.35495294158082e-08,1.76404224037235e-07
"C4_00820W",291.786088004136,1.16485521847328,0.190026474064032,6.12996280760737,8.78996187653001e-10,7.71338153142186e-09
"C4_00860C",227.777062467713,-1.26063722336909,0.284087058221779,-4.43750317687807,9.10083791963143e-06,4.67713948781058e-05
"C4_00990W",239.848770435827,-7.3961380261944,0.871240264083784,-8.48920594133967,2.08053749485732e-17,4.12719001422836e-16
"C4_01000C",81.6623158010849,-1.31114855615061,0.331126253114534,-3.95966355375964,7.50554278335266e-05,0.000330983023538144
"C4_01010C",346.121976387197,-1.93739493773603,0.303198412305067,-6.38985845277678,1.66039379139788e-10,1.57996846712704e-09
"C4_01070W",10596.4070942068,10.7166177316652,0.330354857336505,32.4397159408166,7.56436553468498e-231,1.53556620354105e-227
"C4_01100C",191.719446657044,1.17833265115321,0.3731502909535,3.15779641533241,0.00158966532404302,0.00514950096990532
"C4_01160W",454.073878081733,2.55281932247988,0.515974376469178,4.94756995482774,7.51457014089895e-07,4.60863365136703e-06
"C4_01200C",628.962674452359,2.07434226056866,0.232720776282137,8.91343821427379,4.94739803077313e-19,1.12006148726425e-17
"C4_01240C",231.046991834298,-1.16112067020361,0.238895052842596,-4.86037972066612,1.17160809811122e-06,6.99518952695816e-06
"C4_01300W",1684.85672621618,1.46465536275201,0.223938973996237,6.54042186857845,6.13455394350001e-11,6.26836132817366e-10
"C4_01330W",4.36427730796434,-4.23444566531809,1.74999226381481,-2.41969393401055,0.0155335752740137,0.0380528855264455
"C4_01340W",31.6281764029711,-1.93091256183417,0.830287331151765,-2.32559559731645,0.020040134677436,0.0471395983721844
"C4_01390W",54.737741498214,-1.81062562134305,0.575905835872851,-3.1439612321324,0.0016667751953032,0.00536504277980786
"C4_01690C",1229.43227038779,-1.17322207800834,0.159027296408621,-7.37748867335168,1.61303089041557e-13,2.16294310180765e-12
"C4_01760W",853.962333541821,-1.10721682646516,0.218431343625232,-5.06894664515201,4.00023334603098e-07,2.54560303838335e-06
"C4_01800W",39.2458188391324,-3.75765403768563,0.610246411774877,-6.1576012004014,7.38550489291925e-10,6.5185108402722e-09
"C4_01860C",194.666243559258,1.57672206043662,0.241835465746899,6.5198131943426,7.03950064897054e-11,7.13320448456415e-10
"C4_01930C",280.351400306391,1.35636974850677,0.231242380225401,5.86557596918292,4.47576279472662e-09,3.64403682084026e-08
"C4_01940W",40.9628257928458,1.97828258007267,0.609705389742072,3.24465325935458,0.00117593718268062,0.00393178390383237
"C4_02020W",2133.91862973427,1.92233907293549,0.185456332416314,10.3654539475104,3.56063749677597e-25,1.25342672574368e-23
"C4_02140C",950.897566028413,1.05414317165022,0.19962708438181,5.2805618782372,1.28788319065189e-07,8.76336159896094e-07
"C4_02230C",73.1283486757365,2.53712719761478,0.405844928325362,6.25146951591518,4.06608473814792e-10,3.74055227421764e-09
"C4_02340W",1766.83510819734,-1.15521080645426,0.153294322735466,-7.5359007811905,4.84975239686517e-14,6.884613542403e-13
"C4_02360W",2048.0498929768,-1.10573515073795,0.153711018916865,-7.19359717038886,6.31062033547034e-13,7.82722562994182e-12
"C4_02410C",6430.76730988554,-4.02998312530084,0.193728368471541,-20.8022354036024,4.13100424545289e-96,1.47987152087106e-93
"C4_02500C",500.750149481572,2.16089690447273,0.274390614464768,7.87525808303546,3.40040212624804e-15,5.47842564784406e-14
"C4_02660W",153.480569116424,1.3169088493359,0.266323032928701,4.94478015984616,7.62298402561196e-07,4.67041979033972e-06
"C4_02720C",496.848482817672,-1.76726244566987,0.257049498621389,-6.87518339910436,6.19101580951564e-12,6.99504383672546e-11
"C4_02890C",2090.96054297191,1.08283030700753,0.146657018076623,7.38341963588673,1.54274802891214e-13,2.07402549582227e-12
"C4_02900C",694.689677562903,1.17565440426292,0.16370180123593,7.18168276333468,6.88585535469204e-13,8.50605661461958e-12
"C4_02990C",938.070149579113,-2.47364518685266,0.22694086894196,-10.8999546815223,1.1531470771581e-27,4.65077198668401e-26
"C4_03000C",178.50288532547,-1.59880325196489,0.242304638241594,-6.59831880878306,4.15846291556182e-11,4.29237951792737e-10
"C4_03190W",470.190571178643,1.39982082429323,0.16685319591226,8.38953558330002,4.8806634442563e-17,9.23081999239778e-16
"C4_03350C",220.349101089203,1.36356448045282,0.220201334973101,6.1923533779638,5.92724785864257e-10,5.31619137837014e-09
"C4_03370C",304.042209720099,-1.12616128289628,0.186025741710094,-6.05379273074646,1.41474622490739e-09,1.21349359291352e-08
"C4_03400W",259.323860076362,1.0135836305153,0.188350740977966,5.38136258584655,7.39241233205952e-08,5.22271358494692e-07
"C4_03410W",1063.68154223701,1.35981856979967,0.182377985004075,7.45604558450016,8.91579096223001e-14,1.22250446816497e-12
"C4_03470C",6.89757444612906,6.01826146079014,1.57881271545295,3.81189067068258,0.000137907876133174,0.000578813897760873
"C4_03500C",13.7943702699982,-3.79119618349729,0.958022869522001,-3.9573128200884,7.57976404148818e-05,0.000334014204143726
"C4_03620C",571.9657863788,1.54548150668875,0.247422949141606,6.24631430532435,4.20251104916492e-10,3.84861538186682e-09
"C4_03710C",159.103912562485,-2.07565008353517,0.24193167869007,-8.57948861750431,9.5295849386762e-18,1.96729397547587e-16
"C4_03720C",916.26040793749,1.39373402693445,0.175106457415418,7.95935254191108,1.72941836792735e-15,2.89344996172461e-14
"C4_03730C",412.917789929083,1.3238880562993,0.222414724651401,5.95233997377772,2.64335552080280e-09,2.20219358709836e-08
"C4_03780C",667.909782021924,1.23746161195538,0.190793360216618,6.48587356787692,8.82191233162922e-11,8.76434683517487e-10
"C4_03910W",187.971541204538,-1.04208272546402,0.245860036295644,-4.23852018068901,2.24997960586201e-05,0.000107469614115292
"C4_03930C",203.443534836592,1.02617579228319,0.270849376591376,3.78873233971424,0.000151417943008973,0.000630075971385944
"C4_03940C",6161.14337592705,-4.17183327788598,0.153332930610551,-27.2076797937292,5.26885619894424e-163,4.0109167814463e-160
"C4_03950C",557.283817217968,-5.67454772720916,0.266391914301197,-21.3015013691189,1.09940406640905e-100,4.46358050962073e-98
"C4_03960W",2331.72057646523,-2.54213251325988,0.248661637433603,-10.2232597657477,1.56004709511584e-24,5.27815933847527e-23
"C4_03990C",304.688925726008,-1.10395437406844,0.223866007748564,-4.93131755540281,8.16768306627102e-07,4.97411898735905e-06
"C4_04020C",806.276755188353,12.221121060985,1.19924315257946,10.1906948851019,2.18198925741215e-24,7.30127174595603e-23
"C4_04030W",8269.49626901139,7.99552508126448,0.205487306983703,38.910067967841,0,0
"C4_04040W",1.85630694107258,5.16738932951395,2.18343347989674,2.36663465000927,0.0179506432169426,0.0429714690216904
"C4_04050C",1465.31706228982,1.8769929305002,0.266853531424985,7.03379460814009,2.00990930869927e-12,2.36300148455184e-11
"C4_04160W",8495.17396708862,1.25140185205604,0.237899371093143,5.26021504935418,1.43887021973366e-07,9.73635515353112e-07
"C4_04180C",199.011539617122,-1.27779026098328,0.290732950670625,-4.39506515527684,1.10739533267104e-05,5.60601627262397e-05
"C4_04230W",146.76322232805,-1.19911259070354,0.311464203849102,-3.84992103710411,0.000118155910732806,0.000503900207536966
"C4_04320W",2940.36100625774,-1.23604826294921,0.163245678671834,-7.5717058669221,3.68354744698313e-14,5.30326334565656e-13
"C4_04360W",37.4778101915674,-1.02168361335749,0.383007410453358,-2.66752962337764,0.00764111526576741,0.020454677788362
"C4_04400C",93.3311340885844,7.40576357285446,1.24969670401779,5.92604873570111,3.1031052744561e-09,2.56048940829403e-08
"C4_04530C",526.821599130617,3.45623884151116,0.204273219722763,16.9196865169205,3.22140536755241e-64,6.53945289613139e-62
"C4_04590W",2115.55959585853,-1.16354921703859,0.250081871926344,-4.65267317489246,3.27659357675254e-06,1.81734561770701e-05
"C4_04720W",1782.24898165472,1.51059835428498,0.142733828751047,10.583323991958,3.56096342835332e-26,1.32233337065072e-24
"C4_04770C",1190.08898135102,-4.09575597828636,0.186274763925802,-21.9877126239054,3.77544691812757e-107,1.76865167164591e-104
"C4_04820C",814.983468928861,1.51248419470075,0.200365734901702,7.54861701000309,4.3990438621195e-14,6.28877397190324e-13
"C4_04850C",590.003218052964,-1.99030196889444,0.172045560084128,-11.5684587729041,5.95426342315308e-31,3.02178868725019e-29
"C4_04950W",35.7263173001207,-1.5572979921813,0.416773500422934,-3.73655712419571,0.000186557082087118,0.000761993715567103
"C4_04970C",1027.94102081165,1.129642998765,0.156187400816825,7.23261282828978,4.73788717274349e-13,5.97385773954613e-12
"C4_04990C",192.245774037798,-1.78477144426554,0.33032554096213,-5.40306825523416,6.55105169653288e-08,4.64987235802858e-07
"C4_05130C",574.343340431437,1.69857869163553,0.138045685672809,12.3044677807711,8.56994602839969e-35,5.45632246594872e-33
"C4_05310W",258.616102224614,1.06720617329267,0.210417238827607,5.07185713128297,3.93952109614708e-07,2.50959032170876e-06
"C4_05370W",597.769076992476,1.12065732117595,0.16955071648068,6.60956995309213,3.85438056242603e-11,3.9920370110841e-10
"C4_05400C",259.100429445246,-1.17168814562578,0.274117563770014,-4.27440011326245,1.91652600209347e-05,9.27793589248749e-05
"C4_05540W",2434.40098116077,-1.1529975491622,0.240519669795467,-4.79377653454573,1.63670583316968e-06,9.57496496061799e-06
"C4_05560C",229.358967601821,-1.55316932926831,0.21053515971635,-7.37724440592664,1.61599197261491e-13,2.16294310180765e-12
"C4_05580C",760.048153521868,11.5701260213576,1.19533199793792,9.67942466303698,3.68785438259434e-22,1.08497744879225e-20
"C4_05700W",389.166958412009,4.11085846967062,0.284508858645306,14.4489647501472,2.54482076241657e-47,2.81781062602126e-45
"C4_05770C",323.657958800738,-1.15847612727087,0.158311834314383,-7.31768494937854,2.52285300512019e-13,3.28294333358589e-12
"C4_05780C",32.7909781151481,-4.1295007073263,0.647802986030907,-6.37462437866762,1.83411914921299e-10,1.73713617709286e-09
"C4_05800C",127.128339789268,-1.12202309889865,0.262525098187457,-4.27396506713224,1.92027134296885e-05,9.2886834620177e-05
"C4_05870C",159.407456329803,4.32332944509516,0.350780705499919,12.3248781284413,6.65440105036454e-35,4.35755939749678e-33
"C4_05880W",541.015771593443,-2.40126777529136,0.155165008835381,-15.475575281531,5.07178468116797e-54,7.18306249030533e-52
"C4_05900C",345.519741729421,-4.90983964736679,0.325446763253022,-15.086460219454,1.98826687794132e-51,2.47113169115564e-49
"C4_06110C",3020.1662165588,-1.05697437137384,0.230482409776013,-4.58592207709484,4.5198716631672e-06,2.44675719366118e-05
"C4_06120W",10337.313512825,-1.74153721788022,0.194488347482066,-8.95445532047007,3.41417001145349e-19,7.84614919613273e-18
"C4_06220C",2.59718697894262,-4.53365668240391,1.93260013679078,-2.34588448799986,0.018981989256948,0.0449631717521638
"C4_06300C",15.0250602214209,-2.4616161945299,0.658406742436386,-3.738746941474,0.000184939773722162,0.000756910767451592
"C4_06380W",4.39556540761233,5.15711181416712,1.89289177887693,2.72446204886942,0.00644063319516756,0.0176841551661724
"C4_06570C",82861.185483105,-3.97216672182195,0.13614132222092,-29.1767896552099,3.82114059061161e-187,3.87845769947078e-184
"C4_06610C",9530.30544874142,2.59846278798548,0.143681564492256,18.0848725942536,4.19335759227738e-73,9.45835101369232e-71
"C4_06620C",91.8965331869039,1.81706804059512,0.372336986091781,4.88017067460284,1.05994071413622e-06,6.37849698526635e-06
"C4_06670W",541.138630473976,-1.68802609820541,0.262706238968663,-6.42552725368188,1.31413217265267e-10,1.27640589018417e-09
"C4_06710W",555.476183138134,-2.20550179633674,0.201836894500856,-10.9271488832156,8.54924487522549e-28,3.49428867718948e-26
"C4_06760W",2347.82535504868,-1.36125590755037,0.267875433396297,-5.08167505430226,3.74121011534998e-07,2.39428911902747e-06
"C4_06820C",275.824921864443,-1.3122863859891,0.21415341029929,-6.12778654402524,8.91100221306174e-10,7.80834582410734e-09
"C4_07020C",40.7620885188098,-1.16645265137941,0.506205963985407,-2.30430444200187,0.0212055597890118,0.0494606890521186
"C4_07110C",12217.4304657751,-1.09668029526641,0.0959629165922848,-11.4281676110977,3.02423248340082e-30,1.43887311124305e-28
"C4_07140W",555.735783348192,1.11515417476951,0.13177880195376,8.46231835648959,2.62113808700604e-17,5.18270485385285e-16
"C5_00420C",675.127647320435,1.40336174045515,0.147333662674668,9.5250583945229,1.64949159540445e-21,4.46462391822804e-20
"C5_00510W",20.2978077378699,1.62799536912879,0.540516146840218,3.01192735618691,0.00259594712333702,0.00794438089503642
"C5_00540C",245.966345327922,9.66663957746057,1.20269192538428,8.03750268330096,9.16878913695843e-16,1.57289931955146e-14
"C5_00590W",19668.258704827,1.75594701968594,0.210201416528065,8.35364027840172,6.61907198978384e-17,1.22523247470467e-15
"C5_00640C",755.247879808551,1.20951614539088,0.153148531734637,7.89766726256722,2.84171530265061e-15,4.63969066840274e-14
"C5_00650C",1698.21990670739,-1.10683619866152,0.182594375083307,-6.06172122310196,1.3467249119895e-09,1.15677781579917e-08
"C5_00670C",1415.07242599291,1.39950089531817,0.186751551046021,7.49391845732676,6.684726317387e-14,9.33715212680891e-13
"C5_00820W",1061.89988963485,1.34286477349633,0.141203917419005,9.51010990376101,1.90461206715249e-21,5.13233959688438e-20
"C5_00850C",62.2490134568902,1.09018585854052,0.324738772609962,3.35711639783133,0.000787599483588598,0.00276294980129871
"C5_00870C",54.6517469711211,-1.61173099939188,0.421784363547145,-3.8212203644475,0.000132792927742728,0.000560047735424663
"C5_00900C",1047.32258817981,1.23226034230327,0.125308345090963,9.83382504500203,8.05017713001482e-23,2.47603932938335e-21
"C5_01050C",472.037175715003,1.12268797426995,0.223001405371702,5.03444349329834,4.79239011493596e-07,3.0244202901513e-06
"C5_01140C",1261.99438262249,1.31858893901078,0.166457334435735,7.92148296427185,2.34694416487244e-15,3.88393749023727e-14
"C5_01260W",148.422949585946,-1.12999274950522,0.30045937309425,-3.76088366912341,0.000169314162853796,0.000696234471154366
"C5_01700W",820.275341893591,1.51209260796013,0.182254155230778,8.29661527357472,1.07119576272926e-16,1.95903369219856e-15
"C5_01800C",911.96210586151,2.48860246832805,0.198792480115943,12.5185946011469,5.90718389416203e-36,4.13502872591342e-34
"C5_02000C",6464.28677106057,2.20926954611324,0.215188027065961,10.2666936271321,9.95584540658292e-25,3.38721220816145e-23
"C5_02040W",803.380595612549,1.01091918850204,0.145471386937539,6.94926479896762,3.6719475360913e-12,4.20341362684136e-11
"C5_02190C",870.739647879032,1.58409226841359,0.18502999103333,8.56127301075339,1.11628017630701e-17,2.29667103841543e-16
"C5_02290W",142.245185186796,-1.01130515770489,0.252807736370847,-4.00029355201928,6.32639575133827e-05,0.000283170247346338
"C5_02410C",175.701354584503,1.0853683190798,0.239961383701961,4.52309576789178,6.09416490302474e-06,3.24702224491869e-05
"C5_02430W",53.5925175734904,-1.25978446507535,0.466265507860477,-2.70186072921422,0.00689526380720112,0.018754871186179
"C5_02460C",329.990911123401,-5.93850073643641,0.551472890987621,-10.768436370102,4.85170735966989e-27,1.93116979218233e-25
"C5_02490C",1232.60686684701,1.09687000479982,0.161645050563649,6.78567021368783,1.15548827518675e-11,1.2656337402675e-10
"C5_02520W",294.982684918141,-1.03705777224719,0.169734411965899,-6.10988520380615,9.97028298819467e-10,8.69900048683461e-09
"C5_02590C",416.885479602574,1.53518744501224,0.2386723804441,6.43219564055005,1.25773705834822e-10,1.22947330422804e-09
"C5_02600W",1072.73357139243,-1.74908527483072,0.478486892485094,-3.65545076009623,0.000256730483518995,0.00101591204979251
"C5_02660C",1417.20760335307,1.12235428661285,0.133968120992421,8.37777135559248,5.39393002521573e-17,1.00763907526269e-15
"C5_02770W",336.015492314932,1.1322690974821,0.183078932008376,6.18459527298477,6.22620014189495e-10,5.55975936424343e-09
"C5_02890W",4892.59020930472,1.69983557079074,0.197211221804919,8.61936534459595,6.73262224132732e-18,1.41385067067874e-16
"C5_02940C",1709.22986122622,-2.30841147681283,0.150395444955985,-15.3489454250986,3.59990854914437e-53,4.98260069642936e-51
"C5_02960C",5.4621005962392,-6.28524850781583,1.50802654299728,-4.16786331580316,3.07468203480644e-05,0.000144816810456081
"C5_03130W",696.186037543968,-1.02684174969508,0.258517560790008,-3.9720386752727,7.12601466578134e-05,0.000316397964202399
"C5_03290C",307.146639079091,1.48732003811007,0.241191468310205,6.16655327209655,6.97945742323726e-10,6.19604893695553e-09
"C5_03310C",121.022719144168,-1.64377510679581,0.414933935101026,-3.9615345184905,7.44696133364301e-05,0.000328637641462941
"C5_03350W",4274.2609124366,1.13515813585245,0.127829844109064,8.88022780411072,6.6723574696261e-19,1.49431644893087e-17
"C5_03410C",516.816457124315,1.51866273686305,0.219764220459597,6.91041850983314,4.83225962303181e-12,5.49038453437756e-11
"C5_03440W",411.828134601183,-2.47108160452433,0.288813708955708,-8.55597060630974,1.16881081647571e-17,2.38861002427418e-16
"C5_03480C",604.054973692569,-1.30676424740554,0.175751412300304,-7.43529870003374,1.04331935562076e-13,1.41510353579742e-12
"C5_03490C",464.229264625618,-1.59380935457234,0.192851137862601,-8.26445398371397,1.40335582784926e-16,2.54358243797679e-15
"C5_03510C",1097.59768312558,-2.50813344948653,0.205436968894389,-12.2087736349727,2.79063768122469e-34,1.61856985511032e-32
"C5_03600W",915.484380263523,1.68313173906063,0.14573757983619,11.5490578404862,7.46341005208005e-31,3.72558747681701e-29
"C5_03620W",251.533496296889,-1.03204777121372,0.180181809860883,-5.72781332372317,1.01733423792789e-08,7.94601374556519e-08
"C5_03720C",2.09013711551949,-4.84480199373677,1.78122107914258,-2.7199330001579,0.0065295144838071,0.0178959240352769
"C5_03860W",1042.28242631508,-1.35791969883959,0.147388030442776,-9.21322915273509,3.16458490495773e-20,7.8984926521281e-19
"C5_04130C",3670.22322104923,3.08601933194385,0.168551310688073,18.309079409385,7.00439609247533e-75,1.64064508473749e-72
"C5_04140W",23.3772391684676,1.42924323962464,0.440456346241024,3.24491462507511,0.00117485841655337,0.00393125700923628
"C5_04190W",57.8734884271202,2.64574177297125,0.43875881661647,6.03005950598131,1.63899318514237e-09,1.39600958007231e-08
"C5_04210C",8.44386779326158,6.09494291177844,1.37806081164006,4.42284031321135,9.74117404229497e-06,4.9851890687039e-05
"C5_04220W",8.09073795053996,3.84993767387532,1.57315197069785,2.44727638879509,0.0143940411498085,0.0357211534646837
"C5_04260W",229.512250414581,-1.07188321691214,0.191432653145679,-5.59927054919123,2.15255633369161e-08,1.62441983546245e-07
"C5_04440C",1099.71095811584,1.58190177404672,0.221153709945145,7.15295155771564,8.49315831925496e-13,1.03034530207695e-11
"C5_04490C",853.043718626551,-3.1841680517153,0.24350310641939,-13.0764986884034,4.48633754214304e-39,3.69213454481771e-37
"C5_04530W",722.746916020592,1.43268671734474,0.175629547134372,8.15743558370965,3.42212469072234e-16,6.07601730801721e-15
"C5_04590C",9077.97464626222,1.24374609160214,0.166577780357505,7.46645854526841,8.23819105865654e-14,1.13530817011839e-12
"C5_04690C",108.761593504117,2.42066362234514,0.348820238328249,6.93957332850406,3.93285940159889e-12,4.48522729508188e-11
"C5_04720C",1051.46651853465,1.00846550028971,0.15682689610421,6.43043715932239,1.27237475197986e-10,1.23980195832918e-09
"C5_04800W",330.139906246331,-1.38051158970057,0.255374095017074,-5.40584035983867,6.4505231171682e-08,4.58386065152326e-07
"C5_04810W",11776.2506225503,-2.49470234642241,0.1218724125988,-20.4697871587633,4.00365078180545e-93,1.35456851451084e-90
"C5_04930C",51.4675272981346,3.09181223368294,0.403007620974272,7.67184557505012,1.6953899431574e-14,2.52443148015369e-13
"C5_04960W",602.843824627969,1.41715259637201,0.181454693684954,7.80995281848428,5.72093978156451e-15,8.95643271715369e-14
"C5_05050W",99800.6408923798,-1.26153572688765,0.201694437462868,-6.25468774824242,3.98312029899296e-10,3.66977346760471e-09
"C5_05060C",76.8073385952223,-1.10474877706292,0.310457905278623,-3.55844949759438,0.000373050500009406,0.00141550002807307
"C5_05190W",1114.60922137322,-1.31913085511114,0.225947875700936,-5.83820870640597,5.27650354521307e-09,4.26179132497979e-08
"C5_05220W",64.3258528500812,-1.51822893561547,0.335791435782022,-4.52134501905827,6.14479400997589e-06,3.27113597209381e-05
"C5_05230C",6198.01786734961,1.53409634031149,0.134646814615812,11.393484091612,4.50604340827323e-30,2.12727165553364e-28
"C5_05240C",12.6483444674992,2.61306604475039,0.797903783833318,3.27491371477975,0.00105694250981137,0.0035759888248618
"C5_05250C",808.226920388754,1.39297791986729,0.155764805126324,8.94282837986154,3.79334590205727e-19,8.65223840581602e-18
"C5_05280C",315.373354799077,1.01107281766561,0.250716909660143,4.03272686727097,5.51333465959217e-05,0.00024982297676277
"C5_05290C",977.509209986456,1.15836621485543,0.152757904073563,7.58301982395356,3.37603238028454e-14,4.90693011836106e-13
"C5_05430W",267.684021836988,1.95768283700698,0.247225803348761,7.91860238894756,2.4019510534076e-15,3.96419564098978e-14
"C5_05450C",491.587088979409,-1.36145916365236,0.1634032003124,-8.3319002384866,7.95549740015465e-17,1.46371538268706e-15
"C5_05510C",28.6194633824352,-1.67588749520266,0.539588694779965,-3.10586102232194,0.00189725862976544,0.00600847896789992
"C6_00070C",1044.78046480857,1.66704988927514,0.220660659510591,7.55481241183874,4.19463966475583e-14,6.01067189608541e-13
"C6_00080C",606.605257716153,2.02707022480346,0.188208108067036,10.7703660890181,4.75108274265739e-27,1.90355880939365e-25
"C6_00120W",51.3430386794582,-1.61436828187093,0.403295606935146,-4.00294040924313,6.25600638201376e-05,0.000280759608448517
"C6_00200C",1527.88952217152,1.05584924629952,0.155484600009345,6.79069982645265,1.11590893585436e-11,1.22891237239657e-10
"C6_00330C",1304.23688325715,-3.93431181700931,0.410599350296991,-9.58187540765366,9.52985195461809e-22,2.69938597226159e-20
"C6_00440C",3657.44543057839,-1.28415675856455,0.13782513602525,-9.31728997770979,1.19349688338049e-20,3.0539479074736e-19
"C6_00470C",1972.0325870371,-6.70956898237668,0.541131544275176,-12.3991459255325,2.6412372350841e-35,1.76759722655628e-33
"C6_00480C",2592.34259434175,4.53275475956277,0.726584283305248,6.23844316992815,4.41947121185721e-10,4.02912869464228e-09
"C6_00550W",1131.52766769472,1.38238164406336,0.145642018242383,9.49164026114187,2.27427028390398e-21,6.10145640042961e-20
"C6_00600C",3977.25205827591,3.19912122181666,0.109285955082949,29.2729401448566,2.29301287336858e-188,2.79288967976293e-185
"C6_00620W",256.740213398552,2.90477781748854,0.222349647096907,13.064009119936,5.28685317802313e-39,4.29292478055478e-37
"C6_00630W",38.3071169581905,-1.25146504665814,0.397521104917506,-3.14817259052911,0.00164294657834703,0.00529951433781729
"C6_00730W",8.00478909062916,-2.72599242150021,0.988427425985122,-2.75790852199728,0.00581724746407586,0.0161989195501701
"C6_00750C",52240.9805949855,-1.53501170108499,0.206762547486737,-7.42403167180677,1.13607974785301e-13,1.53749459209441e-12
"C6_00830C",1120.1720612244,-2.37478233923707,0.161054108541471,-14.7452453137858,3.30118079379283e-49,3.94199824199968e-47
"C6_00840W",3254.79246680726,-2.43077912316887,0.192150127194828,-12.650416414787,1.11283426492239e-36,8.06804842068734e-35
"C6_00850W",1510.44291297407,-1.17815222356084,0.154560464980615,-7.62259756211657,2.48621076550367e-14,3.6396691254609e-13
"C6_00920W",1938.51169052108,1.78602748736911,0.24804055731665,7.20054617958733,5.99718414464407e-13,7.45364315120048e-12
"C6_00940C",83.9788449006949,-1.18960082631154,0.486492431935665,-2.4452607033954,0.014474746845923,0.035892185786511
"C6_00990W",236.482814966153,-1.1586223552942,0.25473646072324,-4.54831770844532,5.40764556488042e-06,2.89389819772599e-05
"C6_01000C",457.311852121499,1.00024522650799,0.140125516057049,7.13820904752824,9.45547576527934e-13,1.14027420614953e-11
"C6_01060C",162.622388143691,2.3114987535922,0.350043078312603,6.6034693922099,4.01645252061702e-11,4.15283460960232e-10
"C6_01170W",671.348999178218,1.1799268393072,0.170641773087672,6.91464239943744,4.69045044907716e-12,5.33922303455699e-11
"C6_01290C",345.876529816025,-1.2409832801747,0.2003334703164,-6.19458784503023,5.8437742103989e-10,5.25680722914761e-09
"C6_01300W",733.090162434159,-1.92239848611748,0.241192873281447,-7.97037847745291,1.58189150451432e-15,2.6612484150531e-14
"C6_01420C",499.941577185823,-1.95485107940045,0.189143877053532,-10.335259643891,4.88088502451259e-25,1.70830975857941e-23
"C6_01450C",494.154587886612,1.99119665801961,0.466540216518937,4.26800646014359,1.9722761755724e-05,9.51002526463653e-05
"C6_01470W",82.6182721005221,-1.19453352082263,0.345848993062175,-3.45391643400818,0.000552508550662472,0.00201725244216694
"C6_01480W",69.1064800506781,-1.25373440963293,0.337862751889771,-3.71078019882455,0.000206621453125782,0.000833879820766078
"C6_01490C",255.075225039869,3.39741822154712,0.346488864712722,9.80527389924626,1.06856708063428e-22,3.22353772947749e-21
"C6_01500C",526.062479421027,3.55882130548993,0.476677140210083,7.4658946387097,8.27355304835595e-14,1.13738009174916e-12
"C6_01510W",52.9923168994094,-4.49723007230924,0.55484338754156,-8.10540446780108,5.25703359604376e-16,9.1211779486913e-15
"C6_01520W",109.122128199666,-1.36364001408107,0.248340391998577,-5.4910117645658,3.9963772983764e-08,2.90775839272548e-07
"C6_01680C",53.4475649991841,-1.83283335326606,0.381822353320034,-4.80022538578256,1.58487162852633e-06,9.32252992900346e-06
"C6_01900C",338.715055314114,-1.06126315057348,0.219658353432415,-4.83142632178574,1.35558383958972e-06,8.03846697478224e-06
"C6_01930W",1139.99097623815,1.01203689798413,0.163326523017306,6.19640263741423,5.77682360346152e-10,5.20426860134329e-09
"C6_01980C",1159.03840228324,1.04040312506681,0.141195956094499,7.3685051176005,1.72551910334866e-13,2.29557668457825e-12
"C6_01990W",59.3283581090386,-4.51609030041108,0.860054431337718,-5.25093544764,1.51328710303678e-07,1.01720954276976e-06
"C6_02010C",5317.5124700389,-1.4283547528979,0.181241778098327,-7.8809354437198,3.24939165184918e-15,5.24901728375636e-14
"C6_02080W",57.0595697583933,1.23590136226987,0.47149216837791,2.6212553360574,0.00876066197359334,0.0231163047743429
"C6_02210W",59.1295312244407,-1.74852284175432,0.485383131306867,-3.60235601316948,0.000315346078015823,0.00121624928126432
"C6_02330W",4501.13691104899,1.427530914852,0.156791103730682,9.10466780885769,8.65308338109088e-20,2.05848741370482e-18
"C6_02370C",868.312839289989,1.34717369520479,0.186423212047,7.22642679745884,4.95867714371204e-13,6.22646264024873e-12
"C6_02480W",375.187507042688,-1.01184481124836,0.280090239971107,-3.61256719031959,0.000303180512834465,0.00117903532768959
"C6_02500C",1377.52391059058,2.48905528715876,0.15589250751533,15.9664843861338,2.18774295829877e-57,3.80667274743986e-55
"C6_02510C",2.94962086737117,5.30037227845563,1.7361066901717,3.05302220679274,0.00226549172565377,0.0070644365638666
"C6_02550W",7.4414425343684,-3.51053905410937,0.984365692910946,-3.56629561492343,0.000362062941371002,0.00137552296503394
"C6_02580W",237.0273080324,-1.15407714234383,0.205298967009618,-5.62144641619052,1.89365235913685e-08,1.43437100337605e-07
"C6_02750C",151.209735140279,-1.33441593537876,0.249970940527196,-5.33828425241925,9.38302724847973e-08,6.55305458064697e-07
"C6_02760W",18.8573063421831,-1.84494685672127,0.582720258242052,-3.16609355969037,0.00154501091334059,0.00502142381553068
"C6_02830W",83.2056438968206,-1.02730250325127,0.285056398828899,-3.60385701731922,0.000313529578895527,0.00121077687728203
"C6_02860W",1150.11627800769,-1.38277988683038,0.177887020015092,-7.7733602300666,7.64309814566486e-15,1.18138242911419e-13
"C6_02890C",638.604784530089,3.66222011088016,0.216865220028156,16.8870790364849,5.60080431846892e-64,1.10028704191857e-61
"C6_02980C",1370.11799430754,1.16697565160353,0.194603501555051,5.99668373014042,2.01387734428883e-09,1.69868601478102e-08
"C6_03030W",24.4272141990888,-1.29104563212874,0.557491735679066,-2.31581124795717,0.0205685768266917,0.0481409042561693
"C6_03050C",216.284727936019,-1.07979598964391,0.291154737890893,-3.70866707327479,0.000208353163762789,0.000839200242933456
"C6_03080C",1658.58260196134,1.07193577557799,0.146704602533322,7.30676309446064,2.73654407472844e-13,3.55342290300559e-12
"C6_03130W",1910.90995811564,1.01798745146214,0.148966269712795,6.83367753938396,8.27649532965061e-12,9.24841404726096e-11
"C6_03160C",1258.51877339105,-1.49543043605749,0.121538458450878,-12.304174786468,8.60109945371227e-35,5.45632246594872e-33
"C6_03170C",56.8105972608879,-1.69687933300994,0.460081614121285,-3.68821374496964,0.000225833905448075,0.000903039057241484
"C6_03230W",1276.99168449788,1.20289302953672,0.230488264524887,5.21889056701556,1.79998070974465e-07,1.19933069172264e-06
"C6_03250W",761.385229617007,-2.87436928907996,0.1738387327663,-16.5346884629223,2.06442696988707e-61,3.80980613533704e-59
"C6_03280W",4.85395310448996,-4.80826076698265,1.72084924097308,-2.79412086340797,0.00520410243752728,0.0146930847679838
"C6_03320W",2747.82886806148,-2.42216270978998,0.231069168906079,-10.4824140808439,1.0405319320135e-25,3.77192825354893e-24
"C6_03340C",2990.05992991469,-1.01087275112752,0.152806827465989,-6.61536377589224,3.70639159503552e-11,3.84530235328216e-10
"C6_03400C",2542.30148950203,1.01818382719354,0.137617775184827,7.39863601069029,1.37590421027747e-13,1.85792830168288e-12
"C6_03480W",89.8469342466102,-3.34180617790315,0.438292545271252,-7.62460191020351,2.44788616862543e-14,3.59219922094672e-13
"C6_03530C",202.073554682307,-2.12502273665798,0.210939648727411,-10.0740792424665,7.1931349653632e-24,2.34257710904074e-22
"C6_03540W",983.126971409115,-2.34756310482966,0.220876809800952,-10.6283819788289,2.19894284589518e-26,8.42236599465513e-25
"C6_03600C",24.9243387024947,5.08738949068248,1.34736596818304,3.77580376142567,0.000159492524334101,0.000659856979072469
"C6_03610W",126.717157530644,-2.0131367987346,0.360744768408943,-5.58050171486477,2.39825787789213e-08,1.7920724510875e-07
"C6_03620C",474.081951094735,-1.43951959446008,0.153578071537755,-9.37321051141206,7.03591112338374e-21,1.82334888261306e-19
"C6_03630W",146.374032593363,-1.10228972577465,0.269094817244722,-4.09628746127875,4.19828568756165e-05,0.000193547008609012
"C6_03730C",1041.38230228195,1.41313628895747,0.149136431978274,9.47545995443515,2.65588027224486e-21,7.09399599033825e-20
"C6_03760C",9515.00111939754,1.60281411079321,0.126056646817441,12.7150305141342,4.87919032575624e-37,3.66842828195747e-35
"C6_03850C",247.715533467219,5.01137418323143,0.318669935644363,15.725908291594,1.00499230355094e-55,1.53010078215631e-53
"C6_04180W",663.155089427788,1.09057973486909,0.211183963020775,5.16412193080117,2.41570197667002e-07,1.58019602985182e-06
"C6_04190C",157.399976229897,-1.53949952470823,0.370238890300321,-4.15812483518264,3.20870670889575e-05,0.000150431284504813
"C6_04210C",640.316883586477,-1.0068490128553,0.183959954778444,-5.47319667515641,4.41989107308777e-08,3.19680957661574e-07
"C6_04420W",2978.33732909718,-1.98470886450533,0.272960764977595,-7.27104082034734,3.56728114434671e-13,4.55445328492064e-12
"C6_04620C",1.57893987788252,-4.81583819206008,1.85458500008641,-2.59672012435973,0.00941185778054512,0.0246000917955021
"C7_00060C",671.781900714804,1.09334773664906,0.142067564034581,7.69597018206725,1.40424557703942e-14,2.10636836555913e-13
"C7_00110W",71.8815354050019,-2.38021780972913,0.424373917614343,-5.60877497634572,2.03763751277845e-08,1.53960452268248e-07
"C7_00260C",452.676151505201,-1.36198444832906,0.186764029169257,-7.29254157980681,3.0416165092138e-13,3.92445858921865e-12
"C7_00270W",841.755371871682,-1.18272720212604,0.189052341679443,-6.25608332390543,3.94765887133463e-10,3.64261250400423e-09
"C7_00350C",1734.37372954065,1.20334800874324,0.417935285594077,2.87926875337346,0.00398598497293846,0.0115538545860044
"C7_00400W",3244.8531748517,1.30744398208172,0.107334372472343,12.1810371828336,3.92261436964804e-34,2.25365297275062e-32
"C7_00430W",202.256511766996,2.10756265491477,0.566555569129001,3.71995752888786,0.000199256282026181,0.000807365773479336
"C7_00870W",86.0316528750233,1.17865670153105,0.391751346973599,3.00868576620487,0.00262380340806873,0.00801352194339947
"C7_00950W",707.829472811698,1.32414651356621,0.155566721140752,8.51175948079644,1.71313651058868e-17,3.42065618015904e-16
"C7_01020C",513.982745786073,1.25865526250388,0.16082529613524,7.82622692294294,5.0272957116065e-15,7.95798596078969e-14
"C7_01050W",34.4566321766848,-1.31813410871298,0.402301199699742,-3.27648565228433,0.00105107652924482,0.00356009792163567
"C7_01100C",233.802588449139,-1.61654668245217,0.294067336546671,-5.49719904779567,3.85871068312886e-08,2.82107419690933e-07
"C7_01160C",805.044227068606,1.25396531202889,0.163441240123098,7.67226993067631,1.68978873751701e-14,2.52225818908789e-13
"C7_01170C",859.554646773012,-1.6783995218387,0.268125769982121,-6.25974714012242,3.85602191146071e-10,3.56345575732863e-09
"C7_01350C",224.48261538717,1.18890082920227,0.189884242509942,6.26118741337906,3.82057023743724e-10,3.53605968784085e-09
"C7_01390W",221.315436088519,-2.32643901757622,0.343247550099401,-6.77772941686694,1.22079208046498e-11,1.33236985126016e-10
"C7_01440W",212.503884190882,1.6582360016996,0.204551666060983,8.10668538483196,5.20193255349302e-16,9.07729777959098e-15
"C7_01450C",2356.71790468332,1.02260475737381,0.129469064558254,7.89844864379707,2.82396087783925e-15,4.62309724355942e-14
"C7_01510W",1052.69516539216,2.838609756273,0.416971373644244,6.80768497718233,9.91817447563724e-12,1.09821241012056e-10
"C7_01540W",52.3800951991724,-1.52184754696423,0.451332206108962,-3.37190106614465,0.000746512592042031,0.00263719114793918
"C7_01600W",1025.61461478114,1.3627641236172,0.155274786717117,8.77646752849784,1.68689446813846e-18,3.68214598959256e-17
"C7_01640W",6155.12678615387,-1.40164200881665,0.121537186469431,-11.5326185304543,9.03530478279232e-31,4.43750049412945e-29
"C7_01650W",1699.70239122456,-1.46245650783802,0.137767571302272,-10.6153900661374,2.5273660758861e-26,9.50102432231257e-25
"C7_01690W",90.9572335046145,-2.45187223615494,0.350108558079396,-7.00317709914111,2.50222203922901e-12,2.9136772885095e-11
"C7_01700W",592.395923811928,-1.15250436397553,0.236927915702894,-4.86436712430614,1.1482361417415e-06,6.86911405030031e-06
"C7_01750W",181.47812545644,1.10303597152923,0.208522713859683,5.28976412742965,1.22474200415797e-07,8.37113221697199e-07
"C7_01800C",17812.4998183474,-2.52813710912982,0.120734481722894,-20.9396443588694,2.33193338732076e-97,8.87592145548965e-95
"C7_01890C",830.031697076985,1.04310653754123,0.175272776563782,5.95133230608487,2.65968443915495e-09,2.21277025060842e-08
"C7_01900W",2817.27513214953,1.45593769043817,0.115057167267469,12.6540373365321,1.0627019875253e-36,7.79741578798682e-35
"C7_01940C",818.740257135076,-1.66948778206071,0.153121775119016,-10.9030069744364,1.11510081423838e-27,4.52730930580782e-26
"C7_01970C",3238.54672953571,1.17355526857559,0.177130043696655,6.62538801483823,3.46337213038338e-11,3.6116329236361e-10
"C7_02000C",2.58964979057771,4.75972831162019,1.90233065918112,2.50205099131876,0.0123476139376793,0.0313320703668613
"C7_02010C",128.18662825903,2.53557052737124,0.328207469005304,7.72551135126746,1.11405212804836e-14,1.67935085638973e-13
"C7_02120C",454.992289410162,1.39898180602545,0.182795156498227,7.65327611970405,1.95922594417202e-14,2.89604029126398e-13
"C7_02140W",40.2875913993976,-1.40423615416403,0.417711435042265,-3.36173740137602,0.000774537442070754,0.00272655087989069
"C7_02520W",85.0941599268753,-1.40277999501119,0.416022420511822,-3.37188556637258,0.000746554604112833,0.00263719114793918
"C7_02600C",1828.95037625375,-1.18789642721413,0.139082243193001,-8.54096396450634,1.33106722750078e-17,2.69308950680391e-16
"C7_02610C",1022.25339545543,-2.36325341212057,0.247610630751084,-9.5442324303769,1.37119206910136e-21,3.76151337875102e-20
"C7_02680W",1318.8675816629,1.11001552183487,0.171538961012175,6.47092366238648,9.74056383356265e-11,9.66124328117207e-10
"C7_02760W",220.820774020304,-1.17138806518073,0.213960325615896,-5.47479100066252,4.38028276260695e-08,3.17192889706021e-07
"C7_03140W",104.223803389511,-2.32622086924983,0.37146667804447,-6.26225986539589,3.79437919209179e-10,3.5225258048535e-09
"C7_03150W",45.5999103227579,-1.06507346726471,0.358348698864758,-2.9721705998622,0.00295702324882488,0.00884492710478561
"C7_03200C",811.671897646174,-1.28521757305468,0.240079887918189,-5.35329129065837,8.6368642939772e-08,6.05276220371935e-07
"C7_03270W",990.60572244909,1.03250839797837,0.241669883972556,4.27239166505173,1.93387514648145e-05,9.33965078673437e-05
"C7_03280C",1255.47144842317,1.07767390141778,0.190621331453342,5.65348008641709,1.57231335506181e-08,1.20293823270432e-07
"C7_03300C",309.467075308221,-2.33698579789666,0.474309281892184,-4.92713486140017,8.3444162769703e-07,5.07160630007476e-06
"C7_03350C",208.850173886349,-2.01016455147838,0.210347420191116,-9.55640221140815,1.21921530232585e-21,3.40597302346993e-20
"C7_03460W",63.438329260969,-1.24608633919292,0.30384923766641,-4.10100202575125,4.11364958510995e-05,0.000190221153935608
"C7_03560W",1073.75163676087,5.93155834907119,0.269853408147221,21.9806686519044,4.4092027301972e-107,1.91800318763578e-104
"C7_03630C",422.261117978852,1.29459211959971,0.256301115292436,5.05105925162518,4.39366743378309e-07,2.78433243202279e-06
"C7_03680W",261.424994286036,-1.42636215929988,0.228378431052184,-6.24560801441866,4.22154676286902e-10,3.85875555499191e-09
"C7_03740C",36.4816626338489,4.65015201598742,1.35126276658495,3.4413380809269,0.000578844796605523,0.00210206607711845
"C7_03780C",356.620085153986,1.22449489104406,0.191034405215807,6.40981340330179,1.45697848152673e-10,1.40173759123188e-09
"C7_03790W",1068.61179698521,1.51311651846499,0.150801239446394,10.0338466979435,1.08216607410108e-23,3.46862704803979e-22
"C7_03860W",2656.03589298591,-1.34535852438621,0.231910109767134,-5.80120688027406,6.58393086260926e-09,5.24818572687047e-08
"C7_04090C",571.865025210479,-1.47002060568243,0.199655164777181,-7.362797788492,1.80095080441155e-13,2.38430226062311e-12
"C7_04180W",580.823020860038,1.60338711765736,0.166394057273011,9.63608402808885,5.62946405931693e-22,1.63254457720191e-20
"C7_04310C",527.150829683327,1.38805137209573,0.179616629687236,7.72785556945774,1.09373332544467e-14,1.65281289130472e-13
"CR_00050W",42.6014398713375,-1.12193993840648,0.406121150838545,-2.76257450785299,0.00573474712011753,0.0159911217772508
"CR_00080W",3095.24567215512,-1.48336034851739,0.184824946300889,-8.02575830917612,1.00900702370009e-15,1.72486212584653e-14
"CR_00090C",578.640377542279,-1.07002071445688,0.18336132720731,-5.83558556623616,5.36019794051912e-09,4.32365635202138e-08
"CR_00200W",42833.0301099194,6.23915531044401,0.200007119732538,31.1946660638252,1.25855710294722e-213,1.91615318923714e-210
"CR_00210W",292.176744209352,-1.55391452571158,0.205555537819095,-7.55958483141982,4.04357905871309e-14,5.80787652536857e-13
"CR_00290W",1358.6835612725,1.51937402624271,0.174566731247399,8.70368606541317,3.21274979260758e-18,6.8893120552747e-17
"CR_00350W",1040.75833033322,-1.02856038674171,0.128500285557935,-8.00434319873927,1.20105988345773e-15,2.04314376822836e-14
"CR_00360C",3949.04816919336,1.3412895795382,0.139506317359184,9.61454366317193,6.94164662586698e-22,1.99408622412877e-20
"CR_00480W",533.770140118834,1.29232949373645,0.151557972535758,8.52696477865286,1.50237587954109e-17,3.00969378500173e-16
"CR_00530W",5.2076017149287,5.09316403568104,1.40272467346196,3.63090785528922,0.000282426012033776,0.00110894546311135
"CR_00540C",12824.3021242728,4.42034079023658,0.221647565630452,19.9431055227853,1.72044970925497e-88,5.23876936468139e-86
"CR_00550W",12.3299354590162,-2.87395583054696,0.771005929651737,-3.72754050263287,0.000193357494512971,0.000786079533767685
"CR_00610W",288.178687349357,1.31224416179957,0.205113013700005,6.39766408833932,1.57771896114143e-10,1.50364764841179e-09
"CR_00620C",5701.08378829084,1.16240279564792,0.196715991709277,5.90904067100864,3.4410574611398e-09,2.83189728896505e-08
"CR_00740C",143.405421527744,-4.11116729113147,0.382342113579463,-10.752588179845,5.76216761486626e-27,2.26397424351842e-25
"CR_00760C",314.612955336407,-1.00087875071835,0.237776468504696,-4.20932633499257,2.56133224723744e-05,0.000121483749109626
"CR_00930W",654.318152857779,4.71248511860078,0.428855874010784,10.9885054727787,4.3405380127737e-28,1.84852283201341e-26
"CR_01200W",180.206538408131,1.66960000476454,0.309668976035777,5.39156368241307,6.98471970402831e-08,4.94615616250377e-07
"CR_01300W",795.153047625119,1.05267623216951,0.131947308691866,7.97800457323313,1.48717886305393e-15,2.5088419047087e-14
"CR_01370C",999.54991574676,1.59635709508781,0.131921833678358,12.1007800648066,1.04612337108624e-33,5.89897345362519e-32
"CR_01400W",4810.53986293588,-1.23459184625951,0.189329813930001,-6.5208527945628,6.99087692321232e-11,7.09574007706051e-10
"CR_01440C",3383.94923893899,-4.48790502895762,0.517794061403808,-8.66735515813048,4.42273725424374e-18,9.41764681060992e-17
"CR_01730W",1227.55867741125,-1.4690765223228,0.120190219362471,-12.2229290379473,2.34481402504199e-34,1.38639974878696e-32
"CR_01740W",1485.39417091345,1.16772287419403,0.138506519163372,8.43081525149491,3.43265318853974e-17,6.65759806312324e-16
"CR_01900C",990.253061280162,-5.17346152603797,0.256910817548456,-20.1371883652279,3.48570418194046e-90,1.11725991936934e-87
"CR_01910C",497.77337172264,-4.56220347593182,0.245508387679401,-18.5826786573557,4.43790602038467e-77,1.08107390656571e-74
"CR_01920W",614.211108530023,-7.03568825745476,0.311761231925468,-22.5675534254265,9.03063974049739e-113,4.58304966830243e-110
"CR_01930C",2538.29337520589,-5.29159143281511,0.152388326581622,-34.7243883538601,3.37646743178405e-264,1.02813433297824e-260
"CR_02000C",2192.40719235477,-1.24018301933657,0.135640280395016,-9.14317646443123,6.06443214374146e-20,1.46557110140419e-18
"CR_02020C",712.133181677247,-1.86925061075747,0.223613374604343,-8.35929699672432,6.30930918051721e-17,1.17145405211432e-15
"CR_02060W",822.162007319014,-2.1342339253577,0.26996858525953,-7.90548990470869,2.66881900305367e-15,4.38089157105036e-14
"CR_02180W",255.502311485064,-1.22798207195339,0.233126780088731,-5.26744319758549,1.38336945506925e-07,9.38164808616004e-07
"CR_02220C",2030.67129947356,-2.37675806868757,0.168712362192282,-14.0876343488023,4.52466178398241e-45,4.51724430564801e-43
"CR_02240C",340.300968728799,-2.87666341315559,0.341447273700398,-8.42491252596649,3.61019856631273e-17,6.97445117680111e-16
"CR_02350C",742.132716257407,1.03434870129967,0.133698840634491,7.73640740930129,1.0226539768417e-14,1.55699067974148e-13
"CR_02360W",9977.43066209854,4.98670106026271,0.177779767733483,28.0498794876281,4.0080658766659e-173,3.48701731269934e-170
"CR_02400W",18.2039084172082,-1.39154449313288,0.528652037272151,-2.63225031783337,0.00848213430490575,0.0224787632362385
"CR_02490W",231.202640589534,3.17478984613122,0.377045162134211,8.42018454277673,3.75891735332337e-17,7.21638405361802e-16
"CR_02570C",935.319531053639,-1.90193564663429,0.169448591098787,-11.2242635615983,3.09957941135612e-29,1.41928109888412e-27
"CR_02620C",1541.33259865045,1.21952106625235,0.10547925848706,11.5617144426737,6.44098204466927e-31,3.24178352496164e-29
"CR_02910W",653.669873381433,-1.07942932282432,0.213100168864055,-5.06536118004175,4.07626740106585e-07,2.59128063387172e-06
"CR_02940C",249.406617028423,-1.90184375054378,0.280316462717647,-6.78463095640386,1.16383624834818e-11,1.27248882449559e-10
"CR_03110W",498.314683738386,1.03317467478096,0.161370549583409,6.40249833348266,1.52854797538877e-10,1.46135905339366e-09
"CR_03220C",160.273350843431,-1.11435177033246,0.219710535816668,-5.07190866469101,3.93845417053416e-07,2.50959032170876e-06
"CR_03270W",1989.58220625588,-4.6174763654599,0.202607322487127,-22.7902738596888,5.72563265728619e-115,3.16991844389753e-112
"CR_03400W",727.48812443456,1.25271973426091,0.168223623820431,7.44675275571352,9.56656620584798e-14,1.30628673079853e-12
"CR_03660C",245.053194354734,1.49876243872972,0.225977435241026,6.63235440800164,3.3037415387153e-11,3.45700789875879e-10
"CR_03690W",444.009301790166,-1.67673944003859,0.173855425614806,-9.64444701170024,5.18901085933041e-22,1.51201321212068e-20
"CR_03790C",142.011070575391,-1.59713904163174,0.39650655282024,-4.02802685169194,5.6246920933558e-05,0.000254490154892547
"CR_03840C",82.4496591406899,-1.15846383237102,0.328343257140127,-3.52820960132166,0.000418380729017134,0.00156603481236284
"CR_03890W",165.293539503065,1.66435059094913,0.315296678276601,5.27868101892607,1.30117084941993e-07,8.8438956171511e-07
"CR_03920C",956.59974747125,-3.21204251608274,0.237986981667657,-13.4967152134745,1.63505113924627e-41,1.50870627848633e-39
"CR_04010C",1422.2056764396,1.33201286043049,0.142014576127994,9.37940947153187,6.63432509180807e-21,1.726625632868e-19
"CR_04100C",14161.0512708739,1.06394080480681,0.122412011019912,8.69147394885737,3.57767184112278e-18,7.64491982892552e-17
"CR_04140W",2008.57903929511,1.23396230473677,0.110955045799402,11.1212815590891,9.88418615865829e-29,4.36193432653833e-27
"CR_04210C",908.011748340571,-9.1024026930822,0.811450547867516,-11.2174459885488,3.34800189048882e-29,1.52159190396096e-27
"CR_04420C",481.187419333205,1.43965955995597,0.232241951809356,6.1989642643796,5.6835933462451e-10,5.12786421905669e-09
"CR_04440C",64.515455877027,-5.05484192779213,1.52939555281957,-3.30512398736423,0.000949343927771731,0.00326270006779336
"CR_04480C",2004.40842298431,-2.71175446732199,0.221423709250471,-12.2469019984418,1.7453670906159e-34,1.05240451305454e-32
"CR_04500C",1060.77152768122,-1.62740228165415,0.165801779749106,-9.81534868996439,9.67030823669289e-23,2.94460885807299e-21
"CR_04510W",18420.424929703,-2.98131202340849,0.120345756369548,-24.7728886613477,1.75736784270827e-135,1.1891522402326e-132
"CR_04530W",2663.07250500306,2.1562643170949,0.125881505755931,17.1293177988802,8.97003496323485e-66,1.88370734227932e-63
"CR_04540C",191.219336995269,1.08162572967731,0.22855111872217,4.73253307935956,2.21735154218531e-06,1.26676087166121e-05
"CR_04580W",1429.34028317972,1.41043377243114,0.115028521153242,12.2616004995157,1.45595462015574e-34,9.04771799668209e-33
"CR_04710W",171.613664871233,-1.1969131308598,0.265671126851606,-4.50524355071656,6.62968604226031e-06,3.51390670125024e-05
"CR_04740C",3222.59802343434,1.00948416299724,0.15430790841197,6.54201183455956,6.06966983432908e-11,6.21248559513683e-10
"CR_04820W",380.451582963152,-4.26109955105059,0.33841088261451,-12.5914968163257,2.35171157850668e-36,1.66533994338438e-34
"CR_04960C",370.784415415063,-2.40108457710764,0.218839121727764,-10.9719165300553,5.21550082815922e-28,2.19051034782687e-26
"CR_05120W",935.237260860347,1.01558732606039,0.158429276140661,6.41035136181967,1.45184641628714e-10,1.39901023341593e-09
"CR_05170C",3471.87206029882,2.50177152925661,0.265985477590874,9.40566963247788,5.16999412445047e-21,1.36299845099149e-19
"CR_05180C",3759.70824911771,2.19505528394964,0.179401656741445,12.2354237068901,2.01052945866766e-34,1.20040435326334e-32
"CR_05430W",18.9767805059858,-1.32332784561806,0.562260061046633,-2.35358677825118,0.0185932674069109,0.044266223028963
"CR_05480W",3902.50709819241,1.08884856405417,0.116900649806527,9.314307198944,1.22750999126838e-20,3.11480660284353e-19
"CR_05710C",148.123150281367,-1.27389872196948,0.282608883932685,-4.50763862849021,6.55531000003414e-06,3.47751201221323e-05
"CR_05730C",894.004861199058,1.15197967764035,0.14719647126765,7.82613650802599,5.03091066486704e-15,7.95798596078969e-14
"CR_05800C",511.1000654331,-1.29195695996641,0.264268927475132,-4.88879631937806,1.01454397548683e-06,6.11739882248991e-06
"CR_05830C",329.804369278089,1.15067863400051,0.221167954921509,5.20273669125745,1.96375010270094e-07,1.29991718754877e-06
"CR_06030C",178.253005936721,-1.12600260477126,0.261558332040922,-4.30497700449891,1.67003081982387e-05,8.18221053316764e-05
"CR_06100C",18.3090329704329,-1.83538609029968,0.561938373013553,-3.26616970550864,0.00109012897403243,0.0036678925148384
"CR_06150C",5382.57754822047,2.02908813934114,0.155166714982898,13.0768260420077,4.46706340037527e-39,3.69213454481771e-37
"CR_06230W",419.833209707541,-1.64029281294525,0.205810742923334,-7.96990861432474,1.5879174699392e-15,2.66402682973271e-14
"CR_06260W",207.052697727283,-1.40635207983879,0.256151350065356,-5.49031687508174,4.01213280891336e-08,2.91573852103608e-07
"CR_06310W",43.1377050569521,-1.51415496946098,0.624795187958641,-2.42344211133906,0.0153742033515919,0.0377443099359587
"CR_06340C",13399.1764560755,-1.21526650325715,0.149830193317132,-8.11095865494152,5.02219432686111e-16,8.78884007200694e-15
"CR_06460W",96.6850596833053,1.66907699500776,0.321499760852581,5.19153417278308,2.08568296314842e-07,1.37614401360497e-06
"CR_06490C",7242.83750316961,1.63989804370841,0.230042703787945,7.12866792428277,1.01344905970209e-12,1.21974402640034e-11
"CR_06500C",368.756882783058,-1.24774114105143,0.25656889424724,-4.86318166008485,1.15513740384671e-06,6.90361804654215e-06
"CR_06510W",382.912597119407,-1.36169893736949,0.268309609824956,-5.07510311784159,3.8728591544591e-07,2.47229688162012e-06
"CR_06550C",177.041001874743,-2.03721538676034,0.298490323721965,-6.8250634102898,8.78864868444682e-12,9.74915673739183e-11
"CR_06650C",197.817771463213,1.85840860706067,0.326610446526377,5.68998520049047,1.27050382817766e-08,9.82759324966957e-08
"CR_06660W",2007.43412711004,1.31430783476323,0.184117909884889,7.13840297005839,9.44214849852873e-13,1.14027420614953e-11
"CR_06760C",8959.39888486054,1.64146328051079,0.115730044069335,14.1835535768687,1.15829392960971e-45,1.19559492056325e-43
"CR_06790C",397.962083132072,1.01093504760256,0.195708610996353,5.16551133062511,2.39782501508441e-07,1.57187883120173e-06
"CR_07060C",877.441406616158,-3.33114204858431,0.287333582541634,-11.5932917381895,4.45669102783163e-31,2.28077717306677e-29
"CR_07070C",535.326423090095,-1.14356064200089,0.218760081233444,-5.22746488094674,1.71850026754794e-07,1.14881082649473e-06
"CR_07130C",178.756980814867,1.69147691477904,0.317617073840708,5.32552263115223,1.00663181483152e-07,6.99815953461638e-07
"CR_07140C",59.3553124505493,1.2505210206522,0.373590529138225,3.34730386109312,0.00081601710565609,0.00285278081139242
"CR_07160C",401.028518487921,-1.55990154333111,0.243407363348224,-6.40860457906311,1.46857529378206e-10,1.41066617336479e-09
"CR_07270C",368.69276169124,1.91503877005769,0.195764670271173,9.78235126596119,1.3405937785602e-22,3.9825444446008e-21
"CR_07300W",12.2408183631798,-2.54932813383869,0.739153464224218,-3.44898354297014,0.000562700995182852,0.00204955087360261
"CR_07320C",1054.43188481424,1.22642808318095,0.155301342174051,7.89708618104829,2.85498976597238e-15,4.64890044779995e-14
"CR_07390C",1125.40568862644,1.49679422468203,0.121013687703442,12.3688010264598,3.85533251704439e-35,2.55206250313047e-33
"CR_07420W",5172.82668683099,2.05261258206525,0.207271474394542,9.90301529943331,4.03909798758873e-23,1.26144137150848e-21
"CR_07480W",1932.15169068608,-1.55481497893783,0.196646805989326,-7.90663733954685,2.64434537104975e-15,4.35244954316027e-14
"CR_07740W",337.635250444276,-2.35340000612917,0.344597149198924,-6.82942389860176,8.52563081122245e-12,9.50388718404983e-11
"CR_07790C",4176.45666371385,1.32659334746229,0.126759438485999,10.4654403909246,1.24496265468564e-25,4.45989562766796e-24
"CR_07810W",411.677489678991,2.06575851057798,0.163456860006129,12.6379431888055,1.30421114704649e-36,9.34428927707423e-35
"CR_08150W",11666.5021902066,1.00371415346917,0.133099459118072,7.54108363865536,4.66082050801087e-14,6.64739974093354e-13
"CR_08210C",11482.9454945832,1.99174379135183,0.282817230463138,7.04251218389409,1.8880431938709e-12,2.2370005935163e-11
"CR_08310C",90.9877251799572,1.14813548073379,0.270183068467119,4.24947235682727,2.14274648774975e-05,0.000102993891952612
"CR_08320W",317.74726134883,-1.02959679303674,0.186730792353333,-5.51380294626789,3.51161761313408e-08,2.57040279615223e-07
"CR_08420W",557.264545933641,1.74164051799077,0.216155940323256,8.05733358697518,7.79766409994052e-16,1.34146255278638e-14
"CR_08470W",296.553239548663,-1.19622620079624,0.230521476931304,-5.18921801439227,2.11179034352168e-07,1.39035710184292e-06
"CR_08480C",3180.18131312856,1.07389947439017,0.151251495248214,7.10009162308004,1.24674207208267e-12,1.49168157543879e-11
"CR_08670C",418.499772737535,1.57712207327618,0.155058392234007,10.1711494009048,2.66742198803406e-24,8.78086481466348e-23
"CR_08830W",938.993138916065,-4.3878761116604,0.56224228517876,-7.80424423300946,5.98591704230289e-15,9.32333370527483e-14
"CR_08840C",380.087943017122,-1.26097409674942,0.215135843703901,-5.86129245150308,4.59278271676212e-09,3.73431865755425e-08
"CR_09170C",364.311564789761,-3.66713022063537,0.301610834442365,-12.1584830578628,5.17099809127617e-34,2.94311947438055e-32
"CR_09210W",286.662779087852,1.01729711094058,0.191382082627312,5.3155295259359,1.06347602791134e-07,7.35973751134095e-07
"CR_09350C",5.51369489180847,-5.006591195382,1.59831626657757,-3.13241584289351,0.00173374123209074,0.00555417364725545
"CR_09360W",101.433015802345,-1.7097516917928,0.286469586740527,-5.96835325957804,2.3966004611332e-09,2.00484846267874e-08
"CR_09510C",1241.55223123739,1.00436354361098,0.150849071851958,6.65806909701541,2.77448343426547e-11,2.9334382143536e-10
"CR_09600C",1829.29254598285,1.17429627030828,0.138895904846582,8.45450606772998,2.80271222008909e-17,5.50597336140082e-16
"CR_09610C",576.615920370835,-1.80570418209506,0.245059306134644,-7.36843750427884,1.72639428823783e-13,2.29557668457825e-12
"CR_09680C",16.1066521478503,-1.57054155257364,0.642451306815835,-2.44460791955997,0.0145009689542297,0.0359279499313503
"CR_09690C",932.762323885539,1.23068853317678,0.163376796733586,7.53282325141696,4.96548052458881e-14,7.03250613831298e-13
"CR_09830W",222.343118384292,-1.67771449277938,0.349566345464442,-4.79941651863064,1.59128547157834e-06,9.34515768747549e-06
"CR_09920W",741.77085940551,1.64228387044508,0.445198487883235,3.6888801627642,0.000225243274341617,0.000901269080644183
"CR_10100C",8781.07106810809,-6.684714800216,0.886592140389569,-7.53978576584126,4.70744158560435e-14,6.69820543372207e-13
"CR_10140W",3318.44183403783,1.45143775403241,0.100006219686716,14.513474847657,9.95472357647002e-48,1.14385408642835e-45
"CR_10190C",170.178034395486,-1.05521781266855,0.273578842753151,-3.85708851623686,0.000114745618293785,0.000491075766274878
"CR_10200W",12.1325474983095,-2.58780707270281,0.842471182387253,-3.07168616185769,0.00212853389484253,0.0066783984644982
"CR_10320W",233.61629127014,9.28563996829035,1.21301180418451,7.65502853002569,1.93269330668279e-14,2.86377183398984e-13
"CR_10420W",604.120196812346,1.10273632661778,0.147228772773211,7.48995122248566,6.88992149617028e-14,9.60174414454851e-13
"CR_10570C",481.008553966388,-2.16910447269511,0.201568342002638,-10.7611366504504,5.25183469924838e-27,2.07686190379368e-25
"CR_10580W",1403.23594537003,-1.32466688419649,0.138344794091388,-9.57511189992043,1.01747066214595e-21,2.8687020057726e-20
"CR_10620C",1225.00477668929,-1.97750868165515,0.159023271363551,-12.4353414736027,1.68021239538811e-35,1.1497183694285e-33
"CR_10630W",161.609393776575,-1.6274652491964,0.231237968658397,-7.03805373589239,1.94943513858624e-12,2.30078682054074e-11
"CR_10830C",607.038832224545,1.20341774827377,0.175819126718456,6.84463499924462,7.66711048343871e-12,8.59902446485115e-11
"CR_10840C",5128.90878722162,-1.03233014609498,0.149539847605859,-6.90337834779584,5.07801446180568e-12,5.75886556282991e-11
"CR_10850C",4366.7043134003,1.14010869779267,0.126578485042605,9.00712863966516,2.11521896924647e-19,4.91667310027138e-18
