"baseMean","log2FoldChange","lfcSE","stat","pvalue","padj"
679.916021726394,-1.13840552519298,0.21196257864504,-5.37078541160512,7.83944511856475e-08,3.17443727892003e-07
104.667016260484,-1.52610933873315,0.291066624194995,-5.24316157152652,1.57848198511932e-07,6.17402394950329e-07
2082.88894707169,-2.00677457409249,0.152090120871022,-13.1946411943107,9.42023304833713e-40,3.297081566918e-38
860.597260149923,-1.12863196382069,0.149029750423259,-7.57319904660157,3.64143703870253e-14,2.64950436866169e-13
4383.88403087397,1.79236946077445,0.15294258364598,11.7192309561298,1.01590017896246e-31,2.19391208861043e-30
4315.85070433017,-1.13093609830499,0.153424250186623,-7.37129949750017,1.68972753256397e-13,1.15363684678415e-12
238.035012293096,5.89856050102395,0.375156893803731,15.7229164609457,1.05360057797195e-55,7.20946912342607e-54
5712.54370757104,-1.04021519926126,0.110159076127391,-9.44284607160587,3.62788794039407e-21,4.28175146453486e-20
94.7205490156598,-3.72715570996105,0.41325129640888,-9.01910228074232,1.89636883498553e-19,2.01200108102123e-18
501.208092853925,-3.54251288759595,0.242174982448895,-14.6279060362625,1.86437240805388e-48,1.03218436045892e-46
677.033645649988,3.74641165898733,0.258006071559002,14.5206337058257,8.96773445889501e-48,4.74900024823223e-46
210.403091080611,-1.29538948252141,0.207187537831086,-6.2522557875923,4.04566066320947e-10,2.07916231552284e-09
970.814112221325,1.06229406150293,0.123334143982909,8.61313848053405,7.10871393414659e-18,6.69120059643783e-17
1562.62414910881,-1.05409570075285,0.102192235323588,-10.314831625075,6.03870625018327e-25,8.94786400574601e-24
550.810088991978,1.47949469391044,0.187867415885931,7.87520649567435,3.40180547966059e-15,2.66285287546697e-14
1466.57837746175,1.43439201163618,0.147156396545646,9.74739831435908,1.89256276549179e-22,2.43672457544292e-21
246.977756106146,1.22943744832628,0.214532636459016,5.73077117131849,9.99750614112004e-09,4.53687126672288e-08
82.8468727888869,-1.42662638091525,0.29597333170093,-4.82011799075465,1.43473339900366e-06,5.0564388888497e-06
395.849200208353,-1.21682229027303,0.302790413917373,-4.01869489370652,5.85213920064809e-05,0.000165765245264869
175.190037027841,1.70626272719726,0.234187692668546,7.2858770149471,3.1958441825256e-13,2.14583143016328e-12
907.716966066934,2.20724668399736,0.18660640552716,11.8283543255759,2.78549337996413e-32,6.21379292453536e-31
1075.44491939257,-1.18202030219336,0.124736515141627,-9.476136966399,2.63871217705734e-21,3.14476656717792e-20
1207.22924499643,1.12100322855274,0.176149117733081,6.36394461113,1.96637075192659e-10,1.04495618492434e-09
1750.91594404427,1.35210098771981,0.201721984415593,6.70279440110099,2.04471064665414e-11,1.17998045288186e-10
221.481684617562,-1.58687110482221,0.189278039741616,-8.38380990731126,5.12415218166488e-17,4.50955011363282e-16
1600.38166750217,1.25708862481546,0.150869690122385,8.33228081661544,7.92995791809538e-17,6.89906338874298e-16
1780.20320573399,-2.37623216568525,0.208787541099019,-11.381101349138,5.19396121849271e-30,1.01708115178844e-28
577.416742925447,1.35266054806949,0.176269313956029,7.67382885717088,1.66936781990069e-14,1.2458884832347e-13
559.654496513973,1.58588323848853,0.205002853453837,7.73590811917965,1.02667591589478e-14,7.74777735786766e-14
820.9406342108,1.76262560238591,0.210039035724327,8.3918953270159,4.78366728091474e-17,4.21599619982211e-16
124.707690588097,-1.63133763624668,0.257471204915523,-6.33600031810132,2.35806300392146e-10,1.24441973083897e-09
616.862481627507,-1.1371727632701,0.211345975274977,-5.38062180645056,7.42289929396679e-08,3.0157075850739e-07
664.85997168277,-1.16512217118843,0.238675592082208,-4.88161424896404,1.05220933075988e-06,3.76053686873691e-06
3755.92864292577,-2.09688502610778,0.164054101524936,-12.7816677950539,2.07570168107024e-37,6.19658001848911e-36
401.420005524475,1.01371930268246,0.136163984571522,7.44484164349638,9.70607751265945e-14,6.76626032981818e-13
433.207463449402,-1.00950680562393,0.181079894793418,-5.57492485168279,2.47636741322676e-08,1.07262286959822e-07
175.242817843721,4.19690718574976,0.246424030877854,17.0312415181215,4.81712929861269e-65,4.5132796043925e-63
1439.55822290112,2.64264295745876,0.477022734144027,5.53986795241686,3.02699803358607e-08,1.29819845243234e-07
1933.40071660978,1.24492399834409,0.153441015970791,8.11337171138824,4.9234170034498e-16,4.07385999334365e-15
893.894724132678,-1.40428108564623,0.139415436998544,-10.0726369753508,7.29942845663101e-24,1.01724300459686e-22
318.209071719361,1.40175153946791,0.269453995993014,5.2021924347496,1.96951133408542e-07,7.65432292570529e-07
314.79076497216,-1.41190087885761,0.219438045533802,-6.43416630613456,1.24152867271146e-10,6.71483980178757e-10
1367.98203906181,-1.33217070436205,0.123268304544978,-10.8070822364233,3.18644241343049e-27,5.30203122890483e-26
952.295876719175,1.09727104253652,0.186584857081329,5.88081508703701,4.08251050275722e-09,1.91397143662752e-08
1721.48674663001,-3.62044823737696,0.127224023107409,-28.4572689099793,3.9615826643359e-178,3.44657691797223e-175
1337.17357412811,4.2481154075849,0.405711099617822,10.4707892182063,1.17657933278857e-25,1.82324888974106e-24
145.446761046752,-2.85527245729868,1.09174756065349,-2.61532295578438,0.00891431223876151,0.0168759733494052
291.649156485607,1.07825976488129,0.214179405695017,5.03437649097172,4.79406649104205e-07,1.78677263956218e-06
2317.43171774812,4.12315562653308,0.374878803405901,10.9986363301227,3.87954212214833e-28,6.92856642929129e-27
8781.94312931396,-1.36422453106757,0.37701409281633,-3.61849744362786,0.000296318426150864,0.000752535118956948
4.13705681935371,-5.30849970312367,1.59822193731655,-3.32150346530517,0.000895338705810347,0.00207797740792112
383.468683829937,1.30183466041003,0.260867844534951,4.99039911465826,6.02546640181878e-07,2.2225978429483e-06
265.859184225072,2.16150530929518,0.207890394581791,10.3973313131828,2.54974162601198e-25,3.88198162560324e-24
947.620135955943,-1.1048612756091,0.169559671576068,-6.51606166336218,7.21773136200023e-11,3.98152028936426e-10
1297.17846958629,-1.80851650043852,0.191919764926284,-9.42329468324,4.3715111312794e-21,5.1295766453741e-20
527.596286991122,1.92141688616226,0.197910565348845,9.7085109265162,2.77359349744625e-22,3.54112880491566e-21
1639.43089961953,1.15971743586394,0.120763677587585,9.60319741027132,7.750212050373e-22,9.53510937106496e-21
15.2290158999239,2.28722095735076,0.807780522043,2.83148812695562,0.00463319536852434,0.00935859362995463
586.113446872966,2.26189742725093,0.183826421881616,12.304528392048,8.56351537577207e-35,2.17299202660216e-33
156.901458211588,1.17123294237162,0.212259331619164,5.51793380972783,3.43008567797793e-08,1.45671002642159e-07
1573.75255863092,-1.39190780841714,0.172563838661407,-8.06604569772146,7.26116405150198e-16,5.93563611726806e-15
342.886372557526,11.7621440462642,1.21860912496165,9.6521056714017,4.81565778263565e-22,6.0845136714214e-21
1510.94670379881,1.37918464235122,0.223780120119371,6.16312405952557,7.1323583975216e-10,3.58212309754001e-09
16.024158273496,-2.44229320043031,0.655123167657848,-3.72799088934961,0.000193012353841446,0.000502541784905689
53.4954548566387,-1.90218571467812,0.331336232931305,-5.74095292220124,9.4145263329457e-09,4.28829209929987e-08
67.4991026280257,1.47455960101331,0.416018465895748,3.54445708999568,0.000393422538082232,0.000974356753526145
547.222514505303,-1.12170192193027,0.301645278510171,-3.7186125619813,0.000200320024873616,0.000520456037320956
1325.32284689659,-1.01398774942657,0.153411726443805,-6.60958437097048,3.85400521257444e-11,2.18130964168944e-10
32.2523112157663,1.36199341454287,0.487908088828398,2.79149586925971,0.00524650272998835,0.0104483981771187
347.774541991837,2.18300834027819,0.194026993946369,11.2510547933428,2.2883887826847e-29,4.35508990204681e-28
2614.82379612078,-2.09957331492142,0.144840030731682,-14.4958082673354,1.28777532353703e-47,6.7608204485694e-46
1118.72087950431,-2.60001208728797,0.235401845283723,-11.0449945035658,2.31781844997846e-28,4.18857992889283e-27
383.269660481185,1.20386451972267,0.262656685397325,4.58341472596278,4.57443483482368e-06,1.50911745092504e-05
580.290236856044,2.50036150209102,0.176991767041881,14.126993271384,2.58967283470899e-45,1.24181949317935e-43
9784.22802320138,-1.21548853836223,0.104852630898606,-11.5923513596681,4.50590231002428e-31,9.39758392741365e-30
9185.2059203205,-1.0662642985043,0.0912832714186164,-11.6808291588775,1.59729757553903e-31,3.42519092782841e-30
1631.09225305564,2.19596200907974,0.206173094404624,10.6510600494266,1.72390663696612e-26,2.74832236102714e-25
501.545285131105,1.86523643776497,0.26354355059883,7.07752640323291,1.467502396034e-12,9.25164554021438e-12
2179.94124490868,1.60610349140066,0.132773845238988,12.0965351911721,1.10163428859122e-33,2.67288956873328e-32
4555.07973915435,-2.44214037660475,0.116116978125556,-21.0317252138967,3.36199618889884e-98,6.60469573883675e-96
1740.59051731384,-3.73443922895891,0.222332694634035,-16.7966264930396,2.58324674538245e-63,2.34805562378793e-61
2842.36352019512,-2.05971687102706,0.163335480863511,-12.6103456526279,1.85179073616147e-36,5.19696109825961e-35
915.643954770094,1.11189907402495,0.166524730337263,6.67708076616018,2.43748635722142e-11,1.39383022680549e-10
1606.64496610089,-1.48326563792531,0.167906757571399,-8.83386505331436,1.01119630536547e-18,1.00623946073132e-17
314.858280296158,1.20014072500908,0.167582533747862,7.16149050959428,7.98045402846121e-13,5.15933811394148e-12
411.867497633876,-2.34002590252178,0.250208951056809,-9.35228692913739,8.57727194664526e-21,9.91187593075325e-20
2712.20640638563,2.1514690420287,0.246333251193614,8.73397737253784,2.45870322566876e-18,2.3692251019498e-17
310.120572959492,1.58400551413441,0.23990269969552,6.60269982849212,4.03736510310587e-11,2.27873526208663e-10
347.214864880577,-1.48255631141813,0.160971346804296,-9.21006341097818,3.25932329485563e-20,3.63539905964667e-19
560.19077999417,1.3741017222399,0.184906714692517,7.43132408428165,1.07515923328286e-13,7.46604302245455e-13
144.002598222119,1.00500550276181,0.247110254089181,4.06703277638614,4.76155480620235e-05,0.000137040967721041
271.211684822238,2.7543218221099,0.304156543219927,9.05560601442767,1.35811524093823e-19,1.45871636989661e-18
131.659851486016,1.03033567011845,0.235613679190848,4.37298748382037,1.22557752969738e-05,3.81778371143583e-05
3794.8706071853,-1.08521327417043,0.154442272839063,-7.02665956814346,2.11536637116981e-12,1.3145491020841e-11
1160.05412449978,2.0331325776504,0.23103554859247,8.80008548483896,1.36711973928824e-18,1.3493937134952e-17
1245.72179401058,2.18266075275671,0.167778965673503,13.009144167715,1.08550974167744e-38,3.51635868447638e-37
177.906055444713,-4.78614827380685,0.369586773475465,-12.9499988021746,2.34957729715464e-38,7.33791063572911e-37
6371.29310116302,-2.17720672565713,0.161154028970546,-13.5100980072615,1.36339824320407e-41,5.42685967392994e-40
5306.81281608672,-2.20439260293,0.172974112831352,-12.7440607547978,3.36418014461526e-37,9.89751549792604e-36
2361.22989227744,-1.3053954499889,0.142510339620841,-9.16000518602371,5.18948233692646e-20,5.70468365196429e-19
6141.75478016156,-2.45471258251155,0.194141178046169,-12.6439563580262,1.20818144234855e-36,3.43823597378629e-35
7356.1811905528,-3.1579646467864,0.164383525571985,-19.2109558168803,2.99697178966358e-82,3.88331025511727e-80
13137.6820297102,-2.04367304667022,0.140268695005936,-14.5697017184322,4.37798367503801e-48,2.38052862330192e-46
6885.48907662338,-2.71702030467399,0.660658434072301,-4.11259459434471,3.91237078241949e-05,0.000113621068502311
59.6229085168797,1.2738552626528,0.375955499800639,3.38831394494375,0.00070323721208024,0.00166061055508672
1067.65110208928,-1.68870163681712,0.172945273691228,-9.76436996961292,1.60104014215369e-22,2.07699388269105e-21
274.853092503596,1.94431233879189,0.177199469572604,10.9724501065464,5.18480777217153e-28,9.17891841061762e-27
1803.5669970615,1.43878671402248,0.234297892163639,6.14084361039663,8.20843680504952e-10,4.08743909589138e-09
429.71127118181,-5.31045462506719,0.444042262062457,-11.9593450416218,5.80177133872993e-33,1.33836316109338e-31
582.287850981959,1.07345402809639,0.204328035058316,5.25358171133993,1.49169450260776e-07,5.85336309335134e-07
35.7972676914914,-3.22407522675392,0.650932171539514,-4.95301256831212,7.30732530262698e-07,2.65048309070866e-06
1179.67445951341,-1.13358810797178,0.179348574552823,-6.32058610333646,2.60573090685764e-10,1.36800872610026e-09
3484.7063311202,1.88598596257743,0.433309440487996,4.35251528435064,1.34584486130019e-05,4.16897009426151e-05
184.635370660075,1.59665631044432,0.233958151305719,6.82453807030614,8.82086806258118e-12,5.22559207209332e-11
543.504435249792,-3.0467565374193,0.646333441614453,-4.71390824186494,2.43010127317642e-06,8.29558113993521e-06
1306.65659712833,-1.96083274344883,0.364023260840986,-5.38655892186344,7.18193921305596e-08,2.93150199782244e-07
353.277103939986,1.7304860809727,0.214425508880584,8.07033682702571,7.01044973043137e-16,5.73839231966762e-15
1002.22518530366,-1.1458331011859,0.241012323675777,-4.75425108438577,1.99183373707607e-06,6.88046934701831e-06
14.4081845414059,-1.91108287865307,0.660551707249247,-2.89316166725455,0.00381384934964033,0.00784673734436135
385.009532991095,-1.00766143061075,0.178024922635995,-5.66022675752596,1.51173109697667e-08,6.74464643266513e-08
1085.42884666111,1.6412980363678,0.164554988127747,9.97416155561103,1.97764656633789e-23,2.70648709865118e-22
816.100748990907,2.18523884440912,0.17284360139236,12.642868042587,1.22502511091607e-36,3.46995484905993e-35
348.423231244497,4.62722614005593,0.281862202800068,16.4166251951779,1.45433911668672e-60,1.16538489745028e-58
1057.35186896528,-3.94129702531119,0.541208167676267,-7.28240492421531,3.2792103950939e-13,2.1969627399474e-12
2523.28747326104,-2.97020363638769,0.372076964847827,-7.98276678483026,1.43089101521302e-15,1.14962088161574e-14
1000.90043910564,1.15143642193367,0.147366725941351,7.81340845145682,5.56618475691039e-15,4.28546968009915e-14
69.3228064550344,2.17889435499947,0.37798343859354,5.76452334289311,8.18889442105979e-09,3.74683448717161e-08
266.577424810034,1.39531731418765,0.192016821414987,7.26664103647506,3.68536415587969e-13,2.45288171686418e-12
1476.79648702186,-1.05488760728306,0.164728915958685,-6.40377920988461,1.51577267333859e-10,8.12396614057137e-10
2037.88584378177,-1.27040260128283,0.112261751519365,-11.3164331046776,1.08809607396956e-29,2.09699528179577e-28
197.860142692992,1.47605230238091,0.212357334286353,6.9507950235923,3.63233320168405e-12,2.21209091982558e-11
766.067552753516,1.2854824578374,0.139995494611983,9.18231305514718,4.21929144546558e-20,4.66342738709353e-19
130.941198585753,1.017339293679,0.232714006545647,4.3716289740362,1.23322966117197e-05,3.83965676714585e-05
238.176750485679,-1.2272529525658,0.188635690583987,-6.50594247974186,7.72077668582063e-11,4.23981334685732e-10
624.879479887416,2.10092215550646,0.221481966327978,9.48574816423354,2.40650485565761e-21,2.87929559350783e-20
928.711960283862,-1.08117036341763,0.154316413467838,-7.00619162356933,2.44892458621675e-12,1.51257106795741e-11
924.317012535653,-2.11011074113972,0.158791625787695,-13.2885517776671,2.6974863053272e-40,9.95617672693492e-39
3956.18876154345,1.14787907698361,0.211167652744607,5.43586606217522,5.45309070077006e-08,2.25606809563109e-07
532.666414448818,1.22269041078201,0.161846207777449,7.55464355682222,4.20008482798968e-14,3.03782857511368e-13
317.067680316502,1.18073735961842,0.175594057036406,6.72424442800827,1.76505924484238e-11,1.02081773989459e-10
1155.27491989544,-1.16758611116488,0.142679980011467,-8.18325115458415,2.76286484604114e-16,2.33368195733572e-15
50.4080953189202,-1.41266041265223,0.587235423346257,-2.40561171293523,0.0161454147915187,0.0288006959813559
596.870590959594,8.47214781575743,0.473563054974412,17.8902212213645,1.40549272471258e-71,1.45075435483044e-69
28.484105253724,-1.58800929664782,0.537337177785263,-2.95533114457686,0.00312333614601634,0.00655222774000673
1193.0542383838,1.52115408385882,0.168604648516975,9.0220174665331,1.84656772812486e-19,1.96601354270637e-18
1213.74918723527,1.25342157474725,0.187002571389284,6.70269700269523,2.04607447987396e-11,1.17998045288186e-10
957.675541857044,-1.89245315423761,0.252247681037552,-7.50236095909194,6.26784853801602e-14,4.45925205566794e-13
359.263758376346,-1.3053756156164,0.198881989746813,-6.56356876396003,5.25349913106362e-11,2.9325215131235e-10
192.076566304008,1.13578884091508,0.270903027470891,4.19260298239791,2.75771825918565e-05,8.21247149068001e-05
250.446986630549,-1.03961194616016,0.292575985135591,-3.55330580422848,0.00038042195571118,0.000944848984617083
499.76167935539,1.09790613803471,0.151746006666585,7.23515670792591,4.64991904106108e-13,3.06471936797207e-12
525.019656527266,1.20787526119738,0.19016297967788,6.35178972922816,2.12824109423724e-10,1.12802334759833e-09
10428.0440955109,-1.39368919891442,0.19540751811926,-7.13221892549613,9.87636173597385e-13,6.33793919621504e-12
312.726247898036,1.94706148360159,0.230828217331755,8.43511034356428,3.30890468096216e-17,2.95472573417295e-16
538.64926938417,-1.14339338944523,0.212891478594447,-5.37078044172622,7.83966119457426e-08,3.17443727892003e-07
2052.29385506779,1.17562503280954,0.184943857120281,6.35665899432905,2.06189015746109e-10,1.09380758353119e-09
509.421093537446,1.52282068540296,0.152599504767888,9.97919808271493,1.87979843469055e-23,2.57837217731203e-22
149.153310086302,1.04838485878087,0.217977249697972,4.8096067834304,1.51227491411839e-06,5.3143417351304e-06
666.597999261872,2.18207077599876,0.163405541850329,13.353713413205,1.12688319328088e-40,4.26255816588855e-39
466.354769434815,1.59478145804748,0.191779851945399,8.31568823247151,9.12213350046001e-17,7.90238876497887e-16
5467.94579455032,3.04687245977671,0.235063700125311,12.9619012129582,2.01198208857721e-38,6.38175568720585e-37
590.505165030511,1.04060934928361,0.184252045096359,5.64774924880426,1.62562049902527e-08,7.21576445995913e-08
31.1570135953898,9.08803261010541,1.26328710508885,7.19395660218209,6.2940208559936e-13,4.1171414621913e-12
155.590959135511,-3.44504556917968,0.409028511176503,-8.42250717259435,3.68511888310169e-17,3.27625897782326e-16
1095.8560771164,-1.07322810309807,0.129311389930246,-8.29956358582944,1.04494530278424e-16,9.00101399428006e-16
320.055270968358,-1.03549894310199,0.164512504461795,-6.29434793719561,3.08694717173796e-10,1.60132097750291e-09
595.121296001595,1.04631972475421,0.192063528808175,5.44777934284038,5.100257569246e-08,2.11728483958474e-07
163.330304661395,-1.75205977178049,0.297521351691976,-5.88885389844018,3.88883041389512e-09,1.83021462292282e-08
530.874532629767,1.13804747797813,0.177531979427104,6.41038015601813,1.45157222145448e-10,7.80236083729723e-10
5412.16030765516,2.15474335419003,0.125345427343428,17.1904424425979,3.13133595922808e-66,2.97966187370297e-64
4838.22074515491,-3.16482762444753,0.248777111646309,-12.7215385832882,4.48932449580299e-37,1.30813331002106e-35
400.115176146098,1.04777743991827,0.262658637452774,3.98912234556406,6.63182119617174e-05,0.000186033123374878
2026.48931454102,2.46525888591727,0.456033276614516,5.40587499276099,6.4492766787147e-08,2.64663712758575e-07
1515.54432471654,-2.10956081809226,0.167739487733735,-12.5764114734923,2.84670091381918e-36,7.88018571143581e-35
39.288117909963,-1.13858754666019,0.463615711217499,-2.45588645749332,0.0140537553124722,0.0254043840465882
377.399769217293,-1.41800537008377,0.15814070416523,-8.96673236387131,3.05441133571769e-19,3.18516524563711e-18
455.998423801735,1.93348646020804,0.150540130712475,12.8436613616399,9.33527591105174e-38,2.82844926857239e-36
19.8914370349708,-1.22746138314348,0.472637150611759,-2.59704803474444,0.00940287737030089,0.0177176742528256
359.681249981451,-1.18184304273845,0.195123127815232,-6.05690907055146,1.38761973261565e-09,6.73891879715255e-09
150.855874245998,-1.96417414639865,0.289875514662478,-6.77592292914314,1.23614566190602e-11,7.25253090655845e-11
87.7606963902551,6.47237711862483,0.611416171755343,10.5858781916791,3.46515984729684e-26,5.48125284936046e-25
123.729250766532,3.28944880047596,0.337719018427122,9.74019412882371,2.03165866388332e-22,2.61029562511591e-21
87.574173076124,2.14516629748974,0.401930655244484,5.33715522690075,9.44162051179682e-08,3.77540833334489e-07
31.186987738181,1.5276488717692,0.451405294783953,3.38420680798694,0.00071384212944552,0.00168174025853896
158.233140675089,-1.59674771967136,0.307594029663352,-5.19108814114151,2.0906861914528e-07,8.09941406230762e-07
351.085500149478,1.98310531283339,0.209179410959792,9.48040394479634,2.5330059799024e-21,3.02470714070698e-20
276.579865722484,2.02046829641789,0.204010323138147,9.90375518914166,4.00931628477238e-23,5.37813572120348e-22
203.160665291437,1.20846279190435,0.201974146168012,5.98325486123897,2.18722120498997e-09,1.04636112634634e-08
313.639308372656,2.17043623550117,0.192505153508588,11.2746915910713,1.74990750601209e-29,3.35123795962693e-28
213.41504148966,1.91930940750364,0.226548705862151,8.47195043643945,2.41317819523596e-17,2.16758926386239e-16
148.242059945247,-1.76076681568628,0.368822584181136,-4.77402114514097,1.80583409062055e-06,6.27712877390364e-06
284.194689579395,-1.35825149266868,0.21542982220802,-6.3048443281782,2.88483700647638e-10,1.50416587067133e-09
313.881056154361,1.14909380732072,0.256090881631708,4.48705475180981,7.22145212668815e-06,2.31344784069073e-05
1842.99595867554,-1.05593754429851,0.164370298999983,-6.42413836759294,1.32618532876129e-10,7.15364805328276e-10
150.445920761199,1.37587925507738,0.212834407871524,6.46455274237389,1.01598857341942e-10,5.51459038513748e-10
2924.83953903212,-5.21114804859751,0.225017456681512,-23.1588612077032,1.18363477205047e-118,3.27651625535789e-116
4336.921169285,1.02730995254967,0.152273754868789,6.74646759341345,1.51487882050763e-11,8.7946730380281e-11
1760.31600145947,1.03427908101767,0.157016321442817,6.58708006603211,4.48560421562817e-11,2.52237577776321e-10
217.632785940837,-1.87551746915595,0.242066297845771,-7.74794957351271,9.33882091793312e-15,7.07380838186725e-14
170.104793444537,-1.05639993452885,0.265385125648732,-3.9806297807629,6.87329264895531e-05,0.00019236375106681
826.212961992802,-1.22029255726936,0.29599454267809,-4.12268600031756,3.74480011293087e-05,0.000109171051640732
341.432776369357,1.36048252220208,0.232445599384181,5.85290719981974,4.83053689702589e-09,2.24399423171694e-08
265.539491502009,-1.34857649271878,0.31058531262992,-4.34204850609172,1.41160357181194e-05,4.3571544613962e-05
1380.04019718335,2.05549129369971,0.219827732582734,9.3504639726296,8.72640752238399e-21,1.00460910796443e-19
720.061091541072,1.04631077741864,0.173269990598235,6.03861507584857,1.5544255410706e-09,7.53698371426749e-09
8919.37226028185,-1.13601374648045,0.0852458122795249,-13.3263290723938,1.6270907794269e-40,6.11665607821595e-39
4812.20662545737,2.84925755483672,0.229405604865522,12.4201741126027,2.03118959182661e-35,5.30898910481718e-34
365.240643784082,-1.01841548787906,0.164402606475728,-6.19464319763944,5.84172101487277e-10,2.9548240017089e-09
10050.4908699227,-4.97799166225473,0.246376176591644,-20.2048417631932,8.87536766988636e-91,1.3512747277402e-88
2486.05309736977,2.59029121948998,0.217011999727362,11.9361658467929,7.66769766618251e-33,1.75549920252073e-31
892.032831674031,-1.39925070751377,0.121330346091935,-11.5325699842109,9.0404022456024e-31,1.85373904632049e-29
1839.46690354705,-1.48219048842152,0.244304686752428,-6.06697525178274,1.30341632143692e-09,6.34516818349389e-09
85703.5044112142,-3.21908212248514,0.216739834727502,-14.8522865053042,6.72356975756659e-50,3.86288111543212e-48
148.223143213662,-1.24564854511975,0.383435485781766,-3.24865222784497,0.00115953146824644,0.00264187286339742
762.653559624483,1.23467130302402,0.174573994208326,7.0724812628772,1.52187539262744e-12,9.57460861683996e-12
3445.51035498791,-2.8617494251684,0.174103609540481,-16.4370482192847,1.03855640484796e-60,8.43307800736541e-59
4663.00113004422,-1.17497579298919,0.136806110796506,-8.58862068476552,8.80195845670657e-18,8.221461196525e-17
584.339798509689,1.36955756749769,0.156127389853515,8.77205190442668,1.75439493023852e-18,1.72049357892956e-17
849.896722574326,-4.67838011540119,0.230010746790005,-20.3398327282179,5.71249343123884e-92,9.40245540439041e-90
1079.76784931977,1.53322130182896,0.198207186326955,7.73544759017878,1.03039941961467e-14,7.76625305130363e-14
59.6539242206596,-1.00722887470874,0.359668666914626,-2.80043542115896,0.00510337175113086,0.0102134518450171
1026.40916919992,1.95565417419669,0.178288140481703,10.9690648458886,5.38262022025197e-28,9.50149482357522e-27
108.616299435339,1.28092218251563,0.261213836195386,4.90373022031461,9.4033615583783e-07,3.38054733710294e-06
475.967126120343,1.41597541059107,0.266529574037542,5.31263900339862,1.08048949631988e-07,4.30640119933774e-07
495.863504921921,2.59960129566096,0.196834241708217,13.2070582491158,7.98858802429822e-40,2.84505854198691e-38
1517.31676399243,-2.84384883934479,0.210790691561904,-13.491339765872,1.75875226454064e-41,6.91019438132421e-40
469.188928617198,1.05782028249079,0.179605057522851,5.8897020890194,3.86892427997366e-09,1.82225435924513e-08
141.319564021552,1.74742103969594,0.303791786506168,5.75203516787793,8.81754503825738e-09,4.02238571408146e-08
269.567493561042,1.19732384950485,0.238774830206542,5.01444749628407,5.31860729590088e-07,1.96662528427665e-06
395.604264548713,2.16222764438912,0.192890317948057,11.2096224807478,3.65750014809204e-29,6.93899560806247e-28
132.906086168519,-2.17756008639869,0.569363098482698,-3.82455429971085,0.000131008871032781,0.00035070067014929
5660.55317851466,-1.51058405390001,0.121067765245939,-12.4771779740989,9.94492403208404e-36,2.67984899802619e-34
233.104450725456,4.59346755057776,0.254111829241635,18.0765593018097,4.87572613410289e-73,5.2093284485415e-71
1602.32610426246,-1.06032331425894,0.259271890259916,-4.08961925334821,4.32081874517121e-05,0.000124887452102955
3675.15607268909,1.2545474074499,0.112048260960576,11.1964915536825,4.24202406557344e-29,7.99811967781493e-28
55.0387283024135,-1.69992603608133,0.485692137208661,-3.50000732120359,0.000465245380059401,0.00113743250283491
327.059893430465,2.54040149452488,0.463539006000548,5.48044816431668,4.24249802873073e-08,1.77939483436433e-07
290.101375510683,1.03981148106715,0.207298980818371,5.01599900280361,5.27586021088151e-07,1.95200417279881e-06
3597.5835049907,1.10783026369332,0.134177261636663,8.25646797512677,1.50046463599324e-16,1.28340303837062e-15
1069.68568320753,2.26655475852369,0.19982370588089,11.3427721127078,8.05517013636145e-30,1.55733289302988e-28
403.558659347511,2.05655179671603,0.311193275716682,6.60859972626263,3.87972146379627e-11,2.19382578593494e-10
23.7849927382122,1.62845337595199,0.548205551534394,2.97051602522821,0.0029729989395293,0.00627358404079467
43.3643867857184,3.64716348159804,0.524279941514786,6.95651920434034,3.48782731845726e-12,2.12834352398845e-11
807.596426440022,-1.02501760429737,0.134233171853803,-7.63609762133719,2.23904578249793e-14,1.6610596122808e-13
1243.14691626615,-1.30430949634447,0.132070897249465,-9.87582823701723,5.29933471685248e-23,7.06191431633076e-22
327.669877321359,-1.61989098288499,0.251109853209817,-6.45092560956372,1.11169062344147e-10,6.0179519082298e-10
3910.84424527727,2.22017011747044,0.194233796621002,11.4304006619535,2.94745670686631e-30,5.82792576130383e-29
965.340988683982,1.75327510356563,0.169906460702638,10.3190608309717,5.77856127860851e-25,8.5832776065185e-24
2587.46379423394,-1.27297515159685,0.143656335807106,-8.86125310411741,7.91200083611103e-19,7.92501399538095e-18
467.174233276174,1.97185874418583,0.137392433265946,14.3520185014045,1.03480968173378e-46,5.25165913479895e-45
33.8098469408063,-1.27809083722191,0.462052025615479,-2.76611889217328,0.00567278485743683,0.0112348812298505
807.013607089376,-1.45908580360608,0.166839707493472,-8.74543491790271,2.22158251092324e-18,2.15094395731678e-17
284.926325872375,1.00866971779257,0.306984182811446,3.28573840044428,0.0010171542737468,0.00233753567061056
1109.64390189719,2.45711240412098,0.244089593693438,10.0664365364423,7.77439603175107e-24,1.08096054414073e-22
770.89277043393,-1.94033514129981,0.258263758177149,-7.51299816511186,5.77883380772317e-14,4.12097164976981e-13
762.978595624919,1.04542307076619,0.133648348357958,7.822192220185,5.19112595823092e-15,4.00176671969954e-14
259.214852965058,1.28764489848969,0.165939468420487,7.75972654815806,8.51126997110681e-15,6.47920426550506e-14
190.917527257745,1.99143231044024,0.231152969258215,8.61521405859883,6.98110418650794e-18,6.60169635028468e-17
609.328933337383,1.41932142405382,0.147458568757348,9.62522175560647,6.2571812255437e-22,7.75905180228602e-21
1392.52073918549,-1.20992963581053,0.1169298175369,-10.3474858791147,4.29619343358991e-25,6.44429015038486e-24
122.192618615577,1.0379048459703,0.366191754970867,2.83432063087514,0.0045923230198646,0.00928219289444919
157.98831935684,-2.28892696181413,0.268197463147209,-8.53448401395868,1.40782298708313e-17,1.29121114327353e-16
1389.27194862297,-2.7057511710305,0.241519950573484,-11.2030131034962,3.94097213289439e-29,7.45357772960461e-28
5.54715046274239,-6.00461320559581,1.48844353968861,-4.03415584500571,5.47989407925884e-05,0.000156238553102464
1020.60804271414,-3.46517444034732,0.245327964536085,-14.1246614380059,2.67683221509448e-45,1.27358657733792e-43
10.8512543863876,-3.90761809921457,0.905804529784362,-4.31397500313321,1.60345084500053e-05,4.89965662120082e-05
602.242106085539,1.47220168539915,0.23702064543927,6.21128038306838,5.25546032781974e-10,2.67383069310127e-09
1344.88832544886,-1.09401402884655,0.168474600172619,-6.49364371677167,8.37847618638422e-11,4.57622600673362e-10
360.137923208762,1.26891907394452,0.227762536250516,5.57123702095078,2.52936939322091e-08,1.0932476653453e-07
253.749714838572,-1.24447224948963,0.195101477866923,-6.3785895580887,1.78726317819546e-10,9.5393801535586e-10
3834.42106207897,1.1330217546361,0.163083103759441,6.94751159695479,3.71785512235001e-12,2.2619118576535e-11
297.626286502957,1.2855128056135,0.257355126459242,4.99509305798534,5.8807403659578e-07,2.17184407693651e-06
1921.46483474057,1.36892799990045,0.248546313975468,5.50773808713801,3.63473642912518e-08,1.53932857116637e-07
61.7695790439595,-1.39109035903104,0.258759145802427,-5.3760046034979,7.61568453568761e-08,3.08990798283395e-07
1256.91463365353,2.99141377576897,0.220835807720214,13.5458728665911,8.38116763637186e-42,3.42502639758217e-40
1334.6470469342,-1.18398425773918,0.118760053860412,-9.96954968655373,2.07165965078987e-23,2.82879086845523e-22
2649.66265295708,-1.31397108611404,0.118912529269437,-11.0498960385982,2.19468886469679e-28,4.00169316946212e-27
886.358505584531,2.31042792603558,0.132299163951802,17.4636623318141,2.70978477121656e-68,2.66170794463046e-66
519.377351686815,2.20648450544175,0.169592418640238,13.0105138138424,1.06622753854096e-38,3.47236668968688e-37
1168.95188051832,1.85320658677682,0.210278336876784,8.81311225065822,1.21718563324028e-18,1.20727369811618e-17
573.958457907315,1.98210720385276,0.156761264835442,12.6441133652083,1.20577054351336e-36,3.43823597378629e-35
514.658310373743,1.43508799084954,0.157428579819217,9.11580344876083,7.80896876556144e-20,8.47711582571643e-19
1098.28498791449,1.13703395644329,0.144236554330275,7.88311923924428,3.19308097767772e-15,2.50914363278159e-14
3444.17058045823,-5.03446363232271,0.197997592474353,-25.426893172829,1.27187914771472e-142,5.95826462275589e-140
2427.95890139384,-1.71295983269526,0.133299814638738,-12.8504292173072,8.55343349657522e-38,2.60452049970716e-36
32.8902008057266,-4.51135091780704,0.56655676659923,-7.9627518084137,1.6825473804251e-15,1.34471306388305e-14
691.800840293419,-2.37351838694859,0.172276552158492,-13.7773733988186,3.48730946407941e-43,1.46466997491335e-41
766.759339407147,1.74933027953005,0.171262409656699,10.2143271429886,1.71061812389012e-24,2.48039627964067e-23
86.4067489853957,4.20890011678679,0.38862639283194,10.8301962872782,2.47623935911187e-27,4.17736778310007e-26
1100.56072945216,1.89435252458587,0.202631641262387,9.34874984372693,8.86897801096182e-21,1.01717657413856e-19
541.251624152605,-1.60420268454359,0.23224166927254,-6.9074713834451,4.93368437138722e-12,2.97486513086615e-11
43.5387831605645,-1.6440077060852,0.374505010082788,-4.38981498731293,1.13447140239566e-05,3.56130455700492e-05
1903.15006065837,1.17250457247957,0.145083173739812,8.08160272660082,6.39210492258063e-16,5.24635026664637e-15
29.1379639118138,2.70742422689526,0.50626971328665,5.34779023086122,8.90345692728974e-08,3.57901337869271e-07
3375.42628798658,-1.38193889145353,0.119177439211016,-11.5956417640982,4.33603135455158e-31,9.07437489663887e-30
411.760714634001,1.12911790027416,0.171232422154104,6.59406604234094,4.27941193694647e-11,2.41088054542128e-10
1296.70173146734,-1.75412824974909,0.194786284060008,-9.00539921593604,2.14882577766093e-19,2.27193558783942e-18
702.341180073526,-1.20129272547068,0.157511904639815,-7.62667893717429,2.40878502103542e-14,1.78244237887068e-13
197.924778368401,2.61755439615916,0.237254001704368,11.0327091528715,2.65737274930244e-28,4.78798817847688e-27
473.56050459831,-1.93750962260652,0.234242607847712,-8.27138000387251,1.32417260752855e-16,1.13901287850973e-15
82.8764874830484,-1.44497386765191,0.31437938925702,-4.59627417391086,4.30112660180352e-06,1.42512845511335e-05
597.331075786365,1.67895720267033,0.190652551080355,8.80637155472781,1.2926207069644e-18,1.27793183529435e-17
585.362774429857,-1.63806081975638,0.190401543440666,-8.60319086786626,7.75298836132221e-18,7.25279556381755e-17
276.594813936897,-1.01027622131431,0.22929705266278,-4.40597124813502,1.05310932472893e-05,3.31958374099337e-05
158.589434598376,-1.1509002711076,0.336117007629854,-3.42410602552734,0.000616825503983015,0.00146794346199944
133.951591608263,1.0055275647047,0.252836635896673,3.97698522264639,6.97945004708145e-05,0.000195245065625751
623.6203749085,2.00794083836987,0.18340954358191,10.9478536348526,6.80407779490659e-28,1.19759635176246e-26
1312.78551436585,-1.39135140202002,0.134827965347798,-10.319457083187,5.75476380111472e-25,8.56882922953267e-24
116.66429287361,1.3707105587553,0.299410953687136,4.57802408988549,4.69388647943676e-06,1.54517668431189e-05
12.6405785531091,-2.04335014369173,0.717915547665099,-2.84622634283014,0.00442407365291177,0.00898386413678982
654.586410249131,1.35605200367426,0.197545020189576,6.86452132467278,6.67145747831091e-12,3.97935122849299e-11
843.017295047871,1.78252100222607,0.197018389659148,9.04748539113493,1.46298454818623e-19,1.56583056211848e-18
278.381247968479,1.09881877526838,0.202946722213187,5.41432137107452,6.15215849049971e-08,2.52811371168308e-07
1590.77544543889,1.80590797950216,0.168721177652121,10.7035050645846,9.79996328553016e-27,1.5915140375701e-25
158.737467725585,-1.08791498339971,0.229012191561441,-4.75046754490288,2.02946866279782e-06,7.00252926710408e-06
501.082286491136,1.32367027750675,0.226852055168872,5.83494946308239,5.38068732701881e-09,2.48999892260977e-08
959.975698621486,1.43837130437744,0.161121293538785,8.92725767517002,4.36699389623885e-19,4.49239743717814e-18
6242.24400812968,1.9488263962791,0.163366478925806,11.9291693687306,8.34015175958276e-33,1.89520612745743e-31
340.387787864181,-1.67206020608693,0.163125876670334,-10.2501224221221,1.18193743771443e-24,1.73445758932069e-23
1037.31017356957,2.7666172278675,0.221982614611325,12.4632157915233,1.18494224207902e-35,3.15122194509225e-34
2988.45962405525,14.578443032255,1.19665031108278,12.182709432519,3.84299398263816e-34,9.55258504255772e-33
1797.81983482611,1.169699495355,0.11626173765218,10.0609153017684,8.22302367925635e-24,1.140733808808e-22
5900.08246082132,-4.28713851253747,0.204485681868675,-20.9654704102499,1.35574190462632e-97,2.58014631224196e-95
11.6278816049719,-3.78777926645584,1.14579210754262,-3.30581720848077,0.00094699844810657,0.00219202605434018
945.78515162158,-1.412560680569,0.143216484280162,-9.86311518306597,6.01535488831723e-23,7.9638067977939e-22
147.600102385852,1.00983302862764,0.254081097675277,3.97445161354835,7.05416008127684e-05,0.000197063462820991
77.5934239139594,2.12076674058605,0.292523285514502,7.24990742824441,4.17056577661609e-13,2.76373727743112e-12
269.220401779332,1.94351961867151,0.260864654267892,7.45029879239842,9.31290718111606e-14,6.51903502678124e-13
123.355463578529,2.25823911877946,0.314102068382457,7.18950731655094,6.50255357525568e-13,4.24443207645306e-12
129.412928353176,1.25194011598661,0.260739466985776,4.8014983326437,1.57482820571124e-06,5.5087327816091e-06
17309.609453379,-1.24413317471271,0.222501019834975,-5.59158414480736,2.25007204505466e-08,9.82289516443216e-08
307.692042680906,-1.22908846310082,0.15973127783289,-7.69472629140729,1.41797382433825e-14,1.06348036825368e-13
43.1650642129246,1.01197429624232,0.399276801187788,2.53451814188015,0.0112602096292925,0.0208814484294737
366.148341547284,-1.24982035433747,0.152719875490004,-8.18374393200231,2.75158455450839e-16,2.32738193568835e-15
134.712574004582,-1.06649196438141,0.263342476211643,-4.04982887578034,5.12550995601525e-05,0.000146821992625272
366.866538645797,2.47147559542258,0.258189446249732,9.57233392503602,1.04519087217994e-21,1.27304248231517e-20
352.785037787313,1.09074763070764,0.202314606872327,5.39134394480955,6.99326756591432e-08,2.85832211251129e-07
68.5691646331725,1.9173334277651,0.350283403596773,5.47366334824195,4.40826156917031e-08,1.84131090234891e-07
342.994179834658,3.38027950210522,0.179813775195262,18.7987794507653,7.72741713731373e-79,9.80416049296679e-77
3626.62813770811,-1.15486063978262,0.119594662171375,-9.65645639040095,4.61553653501964e-22,5.84378742167767e-21
108.932005114744,6.05482237043433,0.47463015038889,12.7569274001521,2.85231556994967e-37,8.47346430292365e-36
17229.83883988,-1.5059342793982,0.104245720168209,-14.4460058117327,2.65650760274779e-47,1.37102807633339e-45
40.3353143868627,3.515314248598,0.472900468573897,7.43351821832397,1.05746619745073e-13,7.35156294803074e-13
1624.39817811916,1.05004329861736,0.172854507921415,6.07472325277595,1.24201731094113e-09,6.07053404785833e-09
1050.83763598299,-2.93381575404296,0.219578889922089,-13.3611011290017,1.02043377837186e-40,3.88402606892789e-39
5893.45244832092,-1.00420477965846,0.153841029830179,-6.5275484749873,6.68548743964507e-11,3.69126187737429e-10
241.648150027219,1.16051600594598,0.171115726972487,6.7820534469785,1.18479623058111e-11,6.95796436281483e-11
1232.51388484218,-1.57018675865933,0.120447527564893,-13.0362722291113,7.60871793411098e-39,2.49124151713634e-37
95.5489294294064,-2.46042085161465,0.317358523026304,-7.75281164076607,8.98798903117151e-15,6.82504403987962e-14
296.722375915337,2.32356471370285,0.287308855547025,8.08734109249392,6.09813134533409e-16,5.01859728284927e-15
411.83865747126,1.14810212920011,0.153715620456858,7.46900104093416,8.08059002860204e-14,5.67598538341251e-13
2996.86857357781,-1.12808919002776,0.185188407468911,-6.0915756307108,1.11804742177473e-09,5.49992633167052e-09
1085.83910644774,-1.00877126367166,0.128669660129698,-7.84000876861584,4.50514969523528e-15,3.48619588868905e-14
401.613725727727,-1.21897724134834,0.160284187683111,-7.60509978537814,2.84684153418518e-14,2.09640446713274e-13
1097.86772784509,-1.58365353930538,0.200652324207408,-7.89252527007065,2.96132342261395e-15,2.33304781936856e-14
560.613609302206,1.60611602898695,0.224621348502288,7.15032671514117,8.65716038203019e-13,5.58496893289871e-12
859.686294215872,-1.13786689895347,0.124216661089903,-9.16034040014906,5.17338679516157e-20,5.69727406555768e-19
1923.19651847477,1.46595439804995,0.17187508588759,8.52918496290214,1.47382380357443e-17,1.34566521195926e-16
1619.11636370398,-1.53965504798342,0.117345409387639,-13.1207096725644,2.50577355871768e-39,8.47786720699483e-38
1061.3774857073,1.10097962269237,0.129788497717291,8.48287515501231,2.19696352901793e-17,1.97629363245483e-16
479.166969622036,1.59103835128901,0.126233896718997,12.6038916063151,2.00978098295132e-36,5.61447990191446e-35
5796.54852228844,-1.30893298132184,0.211143675426307,-6.1992526116591,5.67319135451725e-10,2.87196470066584e-09
4702.60511971291,-1.93862556832902,0.202306787540203,-9.5826026991001,9.46296512612554e-22,1.15489895026262e-20
1001.61068701119,2.25053899604975,0.193829999917413,11.6108909715145,3.62815225347004e-31,7.61911973228709e-30
249.592134831332,-1.36703552038602,0.216280791795958,-6.3206515429983,2.6046275892187e-10,1.36800872610026e-09
233.979851362052,1.01340307951357,0.21286680761497,4.76073790398831,1.92886410568646e-06,6.68190125348724e-06
125.792953466166,1.89407262932077,0.225513199408081,8.39894353985601,4.50513348519818e-17,3.98782891349665e-16
342.853441113674,-1.63332484970642,0.19197167833591,-8.50815528553355,1.76722411686577e-17,1.60393366195418e-16
243.512046614099,-1.2150410057597,0.169091164598062,-7.18571552007416,6.68561214721542e-13,4.35458587984405e-12
228.598600866206,-2.16335751855571,0.233375116552983,-9.26987225763018,1.86368993472107e-20,2.09794301339211e-19
133.483696582526,1.22889104215951,0.231369907458064,5.31136938100839,1.08804541647941e-07,4.33270688513644e-07
313.13353967119,1.27330010055166,0.224891942462716,5.66183068458645,1.49766560157142e-08,6.69169736872338e-08
382.671148104576,1.06377042165893,0.2053873983659,5.17933636689733,2.22676639192026e-07,8.6047000804533e-07
79.070149834678,-2.40883113544899,0.344220139947057,-6.9979378191511,2.59757318845104e-12,1.60275792478894e-11
962.593838356241,-1.35296396697883,0.257357353432767,-5.25714128208225,1.46311910624842e-07,5.75979014676981e-07
422.064984283644,-1.4279839179926,0.171510207375961,-8.32594129434162,8.3661259875365e-17,7.25779305756371e-16
637.07846122714,-4.48139642470641,0.722428865306991,-6.2032355570428,5.53139501067395e-10,2.80643263813133e-09
628.002412236143,1.23934038501662,0.16291933496363,7.60707981832413,2.80358182562889e-14,2.06704761720096e-13
3.86487967742074,-4.30679121032551,1.38924905555737,-3.10008575719177,0.00193464619445223,0.00423660385624382
1152.78528536311,-1.46009848180407,0.126848585387595,-11.5105618036072,1.16715562734832e-30,2.36145440882101e-29
2.3591795966518,-5.45501389190803,2.11509399806457,-2.5790881619917,0.00990615010660766,0.0185340872962337
59104.8579223814,-7.76320383631269,0.353928813807181,-21.9343651419747,1.22130384631061e-106,2.97509616961265e-104
10013.841723739,-2.90843308071093,0.220662395046076,-13.1804654803263,1.13687199825957e-39,3.9563145539433e-38
18.9666612562952,1.03512768127482,0.45785442802853,2.26082269364951,0.0237702387335032,0.040950708313164
99.6728596391297,1.54882412471439,0.318626632121755,4.86093743765443,1.16831175089141e-06,4.15839775741009e-06
100.843320648098,2.00586573099461,0.267444352652116,7.50012371210466,6.37576304087995e-14,4.53073476300571e-13
956.884484209463,1.2720878916408,0.136658608959388,9.30850900157225,1.29639352917054e-20,1.47295458818071e-19
12586.9538037978,-1.9036954528212,0.157073817537564,-12.1197503356403,8.30116272616049e-34,2.03847100815796e-32
1.92909968745175,5.08204566256086,2.03079851627064,2.50248639726877,0.0123324364509446,0.0226628056687546
644.838583175569,-1.40852700054357,0.175775485978334,-8.01321636349896,1.11746796022902e-15,9.02570275569592e-15
253.866800876835,-2.46081135119928,0.241332954863618,-10.196748109225,2.05022425451733e-24,2.95873595023947e-23
181.339343772997,1.15919585142851,0.234202643755768,4.94954212659251,7.43882759655794e-07,2.69336861254684e-06
58.6647317799288,3.43858902554681,0.463526947761957,7.41831525038472,1.18619491471973e-13,8.19969015964037e-13
1.78434173526984,-5.49263839829573,1.96255243869931,-2.79872185322905,0.00513053112354625,0.0102610622470925
5191.03602970835,-1.06464430000783,0.101119780886711,-10.528546350398,6.38122722560683e-26,9.96453174460144e-25
792.007387179221,1.35154622970964,0.250333840198422,5.39897533884498,6.7022585209933e-08,2.74580747916212e-07
209.781930495938,1.31590224666732,0.207396253765668,6.34486989410197,2.22613499368826e-10,1.17785943627815e-09
406.870998280208,1.72460445271164,0.222875123464125,7.73798540593625,1.01004438197503e-14,7.63172492087833e-14
710.102368438258,1.54241697200759,0.196170272551253,7.86264377343208,3.76109484725468e-15,2.92903678002315e-14
510.928867237054,-1.83017122304263,0.209056432206009,-8.75443632004173,2.05126079476047e-18,1.99874851841461e-17
568.523966485148,-1.4877825810006,0.282135180298823,-5.27329693313969,1.33994502317566e-07,5.30231656344366e-07
150.009424977793,1.60970124446948,0.290841052775715,5.53464247604279,3.11863836275671e-08,1.33187290527268e-07
729.374803750727,-1.13938496337033,0.132281804253326,-8.61331586609111,7.0977186153238e-18,6.69119293611795e-17
18.6695987751955,-2.12084552236559,0.60026941714658,-3.53315604924063,0.000410630016818192,0.00101449768860965
967.006756589338,9.29155408634815,0.448536321176018,20.715276885463,2.52251370421244e-95,4.51826719372169e-93
1044.55299808972,-1.12552144145101,0.12868299005943,-8.74646634284152,2.20137895277222e-18,2.13477672330937e-17
538.90676203454,1.57924434767192,0.197708126834892,7.98775636062123,1.37416687630198e-15,1.10696776146549e-14
956.776788837341,2.87047192179883,0.21569020698395,13.3083089952824,2.0711645283325e-40,7.69109266923472e-39
1060.69065213189,1.71709730453844,0.15923908130067,10.7831399836845,4.13524135435357e-27,6.82482922710386e-26
1058.22864166904,1.11760984466893,0.124444235961449,8.98080844029725,2.68784448167543e-19,2.8222367057592e-18
1364.02773086169,1.70870666970352,0.156374726006224,10.9270002470573,8.56325609238943e-28,1.49856981616815e-26
1663.12753067875,1.76350746386426,0.223111112984959,7.90416685332546,2.69731530717094e-15,2.13056423095604e-14
36.0567360637829,-3.5218806936048,0.493029005834901,-7.14335394454289,9.10806940683018e-13,5.86964472884612e-12
6489.76773803319,-3.90164247557912,0.151252644724232,-25.7955322546107,9.95203079649745e-147,6.06078675506695e-144
86.8684720672007,1.86536540565098,0.284129018191386,6.56520554473776,5.1961136467371e-11,2.90581562062708e-10
595.840720161766,-1.04296388929335,0.140096132022046,-7.44463015673569,9.72163840491118e-14,6.76626032981818e-13
347.673038607979,1.40314606146846,0.194712877733496,7.20623144088576,5.75216035574989e-13,3.76673726521687e-12
633.785619165334,-1.85607687059271,0.16311231336461,-11.3791339985704,5.31246332940334e-30,1.036951976797e-28
103.41467840807,-1.67030550613124,0.240453085031699,-6.94649231017785,3.74480333252031e-12,2.27603316317851e-11
93.7203564384655,-2.06271144000796,0.292807865328652,-7.04459027319073,1.86008024386646e-12,1.16422288644879e-11
538.656690649199,1.93556795099006,0.160157329831441,12.0854159658329,1.26130201795361e-33,3.0481465433879e-32
2375.53134969602,-1.06987164602172,0.150825234007808,-7.09345258477327,1.30806785719807e-12,8.29805546910028e-12
370.847578564094,-1.63189085315303,0.215218601189849,-7.58248052970802,3.39009973106502e-14,2.47550447987841e-13
978.683139954578,1.19643340290471,0.109710466283779,10.9053715969997,1.08648441213801e-27,1.88509688601723e-26
46.2227229437781,-2.80279465345805,0.595269116103073,-4.7084496367064,2.49608019416039e-06,8.51603830948839e-06
1427.53385070706,-1.75201168416624,0.160643578020256,-10.9062043173946,1.07658132314002e-27,1.87325150226363e-26
902.349790291081,-1.27211447907834,0.17932353209427,-7.09396287381619,1.30325106753526e-12,8.27611991792465e-12
1386.43713278355,-1.14908720500852,0.145982065582782,-7.87142722238646,3.50618086716793e-15,2.74103228254849e-14
303.520178642377,2.04590338198828,0.170794819643278,11.9787203514799,4.59359351720387e-33,1.07183848734757e-31
4885.27430336287,-1.65316691735654,0.146480924048804,-11.285885367611,1.54082284860539e-29,2.96012969968669e-28
878.647225606664,-1.00094617259895,0.156786725808718,-6.38412574429369,1.72379406250972e-10,9.20868933393353e-10
578.525163965062,-1.14171228267223,0.216986662050493,-5.26167033440312,1.42752553373676e-07,5.63423882077566e-07
160.830312815552,1.01201219414959,0.212106635679933,4.77124249746107,1.83092945953697e-06,6.36073040991451e-06
969.708612322024,1.56411288351954,0.140601870834464,11.1244101820027,9.5434974414793e-29,1.77194815300637e-27
16.4064750764167,-3.91284026349116,0.752505146201456,-5.19975216547375,1.9955442756883e-07,7.75055142789652e-07
1952.94212975738,-2.22549055086951,0.241116694584374,-9.22993140191187,2.70805276480866e-20,3.03720834948153e-19
3089.4627515715,-2.00771897236029,0.145435527478501,-13.8048729025794,2.38192242917083e-43,1.02878777259932e-41
127.692674968425,-2.03118289530908,0.256725476067798,-7.91188676098771,2.53516945410523e-15,2.01293115717091e-14
395.429629537684,1.1820642735537,0.182048404142098,6.49313175319591,8.40701032406622e-11,4.58769649404689e-10
525.310704557725,-3.42697848148283,0.214651773791802,-15.965293092834,2.22991729348119e-57,1.61669003777386e-55
579.682733513401,-1.15248576677378,0.156992186388166,-7.341039024224,2.11941996353568e-13,1.4325491207472e-12
29596.7043491379,-3.48921738629766,0.249763045819613,-13.9701106496663,2.3725777020642e-44,1.05467140186649e-42
439.539057351529,1.32707110077926,0.154194342990672,8.60648370776831,7.53358511801462e-18,7.05838974903216e-17
604.339188811174,7.62509249230707,0.552597129878623,13.7986465727426,2.59682286407402e-43,1.11370783395851e-41
49.3495037037069,-1.55387509861604,0.35878705139914,-4.33091186695976,1.48493112338576e-05,4.56267938517623e-05
274.078099207413,1.08000877562227,0.208736440179725,5.17403082419326,2.29097004424492e-07,8.84157640649655e-07
3.66822198166505,-5.27351252257243,1.84538946457762,-2.85766913911555,0.00426765121655085,0.00869521442248065
369.039114028575,1.84991409255131,0.161417854676137,11.4604056426281,2.08535804837289e-30,4.20524189224865e-29
232.867865005143,-1.06123038211284,0.301851260879865,-3.51573943742841,0.000438531135528493,0.00107745997773843
11.8842223205567,-2.52794890151002,0.863219352326004,-2.92851277569055,0.00340587835623643,0.00710822453374909
1075.94091124323,-1.88109288378389,0.134891608788604,-13.9452179470396,3.36418783207069e-44,1.48463071719641e-42
666.27924542209,1.20613300885183,0.135829711192164,8.87974360149719,6.70146512750525e-19,6.76814637255506e-18
887.811913995279,-2.3267195653187,0.424311612312671,-5.48351611834785,4.16954268048793e-08,1.75241648890072e-07
1986.3220991369,2.14467191870028,0.272761154989729,7.86282019806316,3.7557994051617e-15,2.92865792284696e-14
972.133313762936,1.94122337125632,0.221090767996762,8.78020999630681,1.63169715759945e-18,1.60533694503726e-17
419.231856742919,1.85743990460619,0.171827743658055,10.8098952186824,3.09022837457076e-27,5.15602487702354e-26
2236.79077849602,-1.86609953546398,0.154530939159029,-12.0758959055026,1.41613411257868e-33,3.40879713264986e-32
197.902935087876,2.66482813937054,0.259473108145703,10.2701515329063,9.60536668266134e-25,1.41296335984076e-23
45.9821124786185,-1.05325201227514,0.375743749429831,-2.80311253047693,0.00506120066321376,0.0101423863241105
366.648036216239,-1.53570817478638,0.180102734058327,-8.52684542972584,1.50392609825461e-17,1.37109430215128e-16
99.0938290512726,-1.05490790278536,0.332652117836634,-3.17120452936189,0.0015180821622912,0.00338525095875262
637.934929030956,1.37920939315051,0.147424483033431,9.35536190985149,8.33139955433804e-21,9.64605005435716e-20
25.1246940949938,-1.54329734173175,0.507104788503016,-3.04334996774058,0.00233960071685348,0.00501872784981955
37.947356968828,-1.69599949461701,0.437738355845454,-3.87445941615358,0.000106861649394566,0.000291180064793246
1628.1071841557,-1.07356116937367,0.21740785961254,-4.93800532918613,7.89256864447876e-07,2.85595621181673e-06
477.456963320531,1.31930518016357,0.222597386290869,5.92686734623031,3.0876820241832e-09,1.46334502157787e-08
1279.51071833651,2.27480657047131,0.186211975659021,12.2162205863536,2.54650642782877e-34,6.38198524505235e-33
185.046580922011,1.10790009288121,0.226688698844236,4.88731947613532,1.02218149703303e-06,3.65966214987133e-06
408.442491468763,-1.47430095273231,0.166245986803662,-8.8681897294367,7.4344582003128e-19,7.4712624488292e-18
1437.26179227174,-1.02478367797011,0.12298881446209,-8.33233235438643,7.92650559144308e-17,6.89906338874298e-16
240.558036616544,1.61427097479963,0.188358161172513,8.57022050306146,1.03287076222441e-17,9.60333273579638e-17
320.003333480887,-1.07079142633465,0.212224291685168,-5.04556484949028,4.52183488191792e-07,1.68944628410308e-06
848.708636758627,-1.62219087975732,0.285987214028147,-5.67224966776895,1.40934376343555e-08,6.32025295973672e-08
125.463073983766,-2.61275481770174,0.319211771934627,-8.18502025118553,2.7225786387592e-16,2.30926238301442e-15
164.340237025647,-1.6613396353978,0.207097850547188,-8.0220032753032,1.04034366626828e-15,8.42512357390134e-15
302.218268408717,1.04966734193744,0.17954947803235,5.84611747937423,5.03178746758257e-09,2.33208414593439e-08
1055.15757194424,1.9884514070643,0.20848851250516,9.53746267922115,1.46369550651735e-21,1.76512982865162e-20
2341.72418804609,1.43841117781051,0.165845957570393,8.67317599345151,4.20231694202655e-18,4.01130253557079e-17
1212.01961154814,2.59030119622263,0.250171049668947,10.3541205093491,4.00853603395433e-25,6.02765048068688e-24
1285.35781581859,2.43874532519735,0.45287576667749,5.38502058321455,7.24363585835544e-08,2.95075199848726e-07
492.032300266826,-1.96339475809037,0.181293501588068,-10.8299235267217,2.48362654433932e-27,4.17825570580841e-26
1005.51627998498,1.930859083816,0.217002086078394,8.89788259048559,5.69221869519915e-19,5.77760197562713e-18
953.163791838163,1.75073228366683,0.137548595322831,12.7281000548047,4.12761286818319e-37,1.20851742150171e-35
956.796580825454,1.46862377726912,0.209614343103318,7.00631338259729,2.44679541808189e-12,1.51257106795741e-11
41273.5637469151,-4.65769234650535,0.234895927967963,-19.8287487858905,1.68171194731775e-87,2.32764221799207e-85
110.345311511795,1.28016158414827,0.262562196577954,4.87565080134525,1.0845030934748e-06,3.86914108919832e-06
309.443849050438,-1.03295714538947,0.191051777484652,-5.40668691487289,6.42012237838415e-08,2.6364494460121e-07
74.0488680362257,2.67717561363765,0.530152409347989,5.04982259145101,4.4222056311072e-07,1.65526934809114e-06
614.293110340551,-1.3373145210574,0.184440550881867,-7.25065347432162,4.14765597525451e-13,2.75154955221133e-12
2670.76843677502,-1.01301969020012,0.166774025635275,-6.07420541862758,1.2460314228823e-09,6.08039372223813e-09
793.913084288868,-2.02797522295663,0.198312095446777,-10.2261801953522,1.51372731594519e-24,2.20540654404455e-23
5870.6584071081,-3.48047010831246,0.0958635004595481,-36.3065201210875,1.27667524973636e-288,2.59165075696482e-285
496.963336067576,1.05198629529783,0.18836972447009,5.58468882543209,2.34119023134486e-08,1.01841775063501e-07
933.137382105846,2.30411702801386,0.253627677905486,9.08464347046731,1.04039097291042e-19,1.12340089096179e-18
173.992976383036,-1.05431446220189,0.301765654541947,-3.49381861829917,0.000476164410770971,0.001161330100759
234.698264977037,1.38056768734823,0.200545528307655,6.88406118549959,5.81698704492027e-12,3.48675699838232e-11
311.371849913986,1.51009452909597,0.172094328542987,8.77480706006402,1.71197128641671e-18,1.68159760230286e-17
396.84751236783,2.08472130418263,0.193037426109081,10.7995705610196,3.45817163982414e-27,5.72289817568723e-26
40.8056145837079,1.83290332202688,0.373559128029307,4.90659492567155,9.26711478488194e-07,3.33550408037417e-06
4198.25846682794,-1.22663962901413,0.13405278178921,-9.15042278602581,5.67111603322583e-20,6.2117080291988e-19
3141.60409285802,-1.06473228782429,0.159143105924882,-6.69040786678412,2.22549438594158e-11,1.2774044119118e-10
348.514026087311,1.69939250630672,0.174583843628903,9.73396203785596,2.16011635601663e-22,2.76949654908238e-21
131.623941822583,2.43308427317795,0.26615730551118,9.14152729531501,6.1576456392864e-20,6.72044120846849e-19
383.839079592751,3.05115165755644,0.18768170002336,16.2570546684982,1.99080759438822e-59,1.51550228122803e-57
379.817821466198,1.76599189508307,0.159858015911251,11.0472526824273,2.26026279323511e-28,4.09672631273863e-27
651.399467777449,1.74430115304534,0.141731739419877,12.3070609320463,8.29906365030984e-35,2.11469864562288e-33
250.178272438173,1.25505075752235,0.266839246555366,4.70339642209245,2.55868928708839e-06,8.72475798340891e-06
24.8183779087904,1.70196758133101,0.488359609684476,3.48507032027204,0.000492007721631817,0.00119661622393681
647.287634931624,3.0641760619706,0.238447120658818,12.8505475490936,8.5403591297436e-38,2.60452049970716e-36
4149.08193142641,1.48691979793077,0.138656467406491,10.7237680704186,7.87291537342003e-27,1.28541701405169e-25
334.235544290537,-2.25727034228824,0.297217365572666,-7.59467852068141,3.08557497149007e-14,2.2585518721604e-13
251.187053246472,-1.6491725394531,0.320806861723548,-5.14070219880226,2.73713587935156e-07,1.04969505700573e-06
330.939921558418,1.13868593319027,0.170100192652197,6.69420719304261,2.16844001330256e-11,1.24583015858609e-10
4061.60878304242,-3.66002952016833,0.240987381324173,-15.1876397015365,4.27020750096994e-52,2.68098594648525e-50
65.7489381900517,-3.80206384779071,0.425124346248765,-8.94341592369283,3.77322407377192e-19,3.90134713230407e-18
70.6777918824917,-1.5540796305728,0.318509184624097,-4.87923019365021,1.06500705077395e-06,3.80404277959727e-06
231.502574248577,1.32020310506561,0.260184091761594,5.07411154973806,3.89310638195153e-07,1.46442358654014e-06
3604.38534118548,4.10676960775078,0.382755057760737,10.7294979504045,7.39971027736548e-27,1.21140418250419e-25
203.012097259217,1.85912726082242,0.221532715146483,8.3921115650712,4.7748746051627e-17,4.21434584716534e-16
5952.57242583491,-1.20971663757144,0.0913997412141926,-13.2354492638716,5.47682598265062e-40,1.97360178901434e-38
288.031913907455,1.57152456011164,0.187207109797785,8.39457733100605,4.6757319481011e-17,4.13283128649284e-16
333.248509965316,4.82534402643374,0.27176399565036,17.7556413051927,1.55879892311934e-70,1.55624351504865e-68
157.304588002187,1.04262490625711,0.232073630494496,4.49264702773646,7.03433214753253e-06,2.25652002046684e-05
1291.21695913035,-1.83270096812738,0.146553370880437,-12.5053484414395,6.97931210014008e-36,1.90600944797548e-34
339.206146516626,1.10281035107212,0.155062110773848,7.11205558578086,1.14327194666469e-12,7.2982454456897e-12
245.237631070361,1.37662396026206,0.208427742118656,6.60480196287095,3.98049084863164e-11,2.24871885604515e-10
116.261914206588,1.12436996015608,0.285797463955013,3.93414953581628,8.34917940978828e-05,0.000230387415521571
19.4563391427328,-4.22406862456722,0.628152138117566,-6.72459483657227,1.76081705451984e-11,1.01933230627622e-10
228.274228893846,2.26031171408754,0.22759045171125,9.93148744638575,3.03691015565748e-23,4.10995174398979e-22
1888.42313450357,-1.07769682242105,0.132057915151993,-8.16078931111906,3.32842308867799e-16,2.78818385282654e-15
876.668113328167,2.00377577780167,0.183917843932203,10.894950348267,1.21833000290628e-27,2.09594059822013e-26
829.459144054307,-1.56558947087906,0.201757633397296,-7.75975334621486,8.50947178737383e-15,6.47920426550506e-14
1052.56070430387,-1.06866583437754,0.172377939786965,-6.19955103128774,5.66244556923461e-10,2.86890961036928e-09
888.004544515185,1.71278995183803,0.181971089432221,9.41242895880993,4.84801679727402e-21,5.66687568049881e-20
1605.00388903515,-1.45663453470731,0.110223271897492,-13.2153084337942,7.15922545323218e-40,2.56468723589318e-38
4671.1974561146,-5.57091457325514,0.270167733432248,-20.6202069450762,1.80783580530901e-94,3.14563430123768e-92
133.841609428169,-1.30260874254175,0.226061367252542,-5.76219085274555,8.30290322792179e-09,3.79614719654983e-08
756.986826933928,-1.4333294524755,0.174060658739267,-8.2346548775421,1.80076008589492e-16,1.53809662315569e-15
680.081502709148,-1.04652130377156,0.169999837915223,-6.15601353863318,7.45988490929363e-10,3.73105160242264e-09
1029.18337615014,-1.79186873330698,0.150111812605336,-11.9368935875689,7.60092200754711e-33,1.746777925508e-31
197.267581338051,-1.80568281170496,0.240152515825213,-7.51890025178485,5.52389075503119e-14,3.9484148706737e-13
21.4227446592303,1.22916998916176,0.508095389940397,2.41917170180573,0.0155558955041476,0.0278633540059585
505.1068345379,1.76205486346975,0.191482948880285,9.20215023725894,3.50857332171519e-20,3.89912619146816e-19
449.799588998512,1.07216046538575,0.200354948075509,5.35130514960716,8.73221287048034e-08,3.51714129505458e-07
1269.3018886956,1.47539776189278,0.153680836328923,9.60040169702735,7.96334588875873e-22,9.77757589970577e-21
369.965068227239,1.07985161041494,0.171351873321652,6.30195392371288,2.93916552192384e-10,1.52987333577061e-09
784.646664422328,2.54833278584781,0.205366019682577,12.4087363127874,2.34321852945802e-35,6.04669527305058e-34
450.712309259491,-1.82968759770093,0.150315605727741,-12.1723063207086,4.36570138147143e-34,1.08077729321793e-32
2910.39081602366,1.57236331802963,0.130598035279983,12.039716483167,2.1970943610468e-33,5.24717829755883e-32
786.886851672471,-2.25404156109802,0.160982131342369,-14.001812140903,1.51946319013431e-44,6.85446727993922e-43
901.845675445614,-1.05617997961613,0.117271925143195,-9.0062474742056,2.13227669572477e-19,2.2583591438198e-18
125.666414242519,2.2982099613567,0.304758879845811,7.54107628469907,4.66108338728519e-14,3.35531889226558e-13
672.657616562398,1.77550478691034,0.152519767184481,11.6411454048626,2.54573587651413e-31,5.4019273477251e-30
1502.46427234353,8.05973081053316,0.791117204054391,10.1877835158026,2.24831731308226e-24,3.22930481996956e-23
444.467748086224,2.04643792130921,0.268619198892663,7.61836060023002,2.56917738905657e-14,1.89652003628539e-13
18.9903571738361,1.99337229375327,0.577253402453759,3.45320146278904,0.000553975106177225,0.00133400885591906
676.072821207769,-1.06021734000395,0.209872399352873,-5.05172353903159,4.3784112204384e-07,1.63988464529335e-06
2.43731757928831,-4.69894423182587,2.07251386502591,-2.26726793539069,0.0233738629860138,0.040324879769072
4.31601156199002,-3.31039468323281,1.10254459461603,-3.00250411584094,0.00267768352531625,0.00568984391806558
86.6699587569111,1.15630327450356,0.33030851823689,3.50067652107683,0.000464078778520383,0.00113503604867033
816.059501381951,1.39890441348662,0.182186210804241,7.67843190388181,1.61047726683477e-14,1.20341184724218e-13
974.590244677907,-1.41512185455444,0.219964892711634,-6.43339869880788,1.24781769081692e-10,6.74286578267527e-10
11.1399835744869,2.09096341312707,0.749226065796543,2.79083111037262,0.00525728967230681,0.0104664577000158
181.285810846343,1.20668144203524,0.221404363596933,5.45012493173803,5.03344489674372e-08,2.0909740396432e-07
369.749777270277,1.60068503380257,0.187446114103989,8.53944100924152,1.34872693482376e-17,1.24074728596324e-16
13.5966112553173,-2.59276561177111,0.850062014011937,-3.05008995700719,0.00228772832647507,0.00491437936798348
254.435532221023,1.06766349381679,0.204831533581873,5.21239808708476,1.86414982470068e-07,7.25410379068827e-07
792.966511893894,1.3341737280437,0.13860678532328,9.62560184143897,6.23409013337962e-22,7.7480834514861e-21
160.256122889599,-1.18784698658831,0.195293923297686,-6.08235508064263,1.18429926355902e-09,5.80707126817587e-09
1556.51126203841,-1.16410981154995,0.112414944239434,-10.3554720364447,3.95232144769925e-25,5.95783109319021e-24
439.914718382532,1.38529482623852,0.1850102378518,7.48766577635661,7.0109283048845e-14,4.94745693820934e-13
2504.56737621102,-2.02291283788764,0.231278853716065,-8.74663984789167,2.19799820703186e-18,2.13477672330937e-17
4.81597158163786,-3.83091649256634,1.7607203757998,-2.17576654715895,0.0295727212948111,0.0498333903390701
6539.49990003257,-1.1927951729875,0.157752663734965,-7.56117294470206,3.99450708448895e-14,2.89601763625449e-13
1720.60183079264,1.48190604130157,0.19952824597956,7.42704890741824,1.1104730962099e-13,7.70248423225317e-13
21.5554514333319,2.85610495085487,0.590465202239355,4.83704194594875,1.31785625514648e-06,4.66071114624975e-06
314.882465937488,1.45176655975557,0.226561442219368,6.40782714628865,1.47608117752893e-10,7.92710262006275e-10
251.475926021176,1.41764374056714,0.171578165242402,8.26237848250869,1.42798079764021e-16,1.22484550107449e-15
2532.92006125553,2.0353979292008,0.221167354569151,9.20297633059765,3.48169608046022e-20,3.87633073674639e-19
151.277527718931,1.35083965644789,0.263578383653231,5.12500167018657,2.97535108859011e-07,1.13391039608972e-06
311.278634750029,1.0642753679147,0.152921853251659,6.95960286436793,3.41233287307676e-12,2.08436381113716e-11
771.232197994927,1.67811098285088,0.198250794559791,8.46458641730574,2.57063257824998e-17,2.30222829434447e-16
368.656088091445,1.16542990694263,0.240539960071919,4.8450573725637,1.26575097061922e-06,4.4842486393665e-06
207.096629243613,-1.68783231115929,0.238669147917724,-7.07184957035641,1.52882104716262e-12,9.5984744095055e-12
525.145232165759,1.57909751967263,0.154190245759711,10.2412283727305,1.29580588643129e-24,1.89243593486008e-23
777.128509132384,1.6943197830279,0.137106497579499,12.3576913781601,4.42688328258626e-35,1.13276131054413e-33
168.966290245254,1.17299409970195,0.252340837279842,4.6484513261764,3.3443651625273e-06,1.12092371160106e-05
358.684817615188,-1.51828446164646,0.186332796659075,-8.14824061501316,3.69257075187058e-16,3.08051450395778e-15
175.641867194276,1.46975760071093,0.235616881155304,6.23791297764509,4.43447213348757e-10,2.26940632713776e-09
551.118359219405,-1.31047882636123,0.14419029863617,-9.08853673760615,1.00380862761462e-19,1.0858249630858e-18
50.5505584728833,-1.56493113232992,0.351923785609514,-4.44678989122473,8.71630153298516e-06,2.77336866958619e-05
1548.97559066476,-1.49161239520702,0.139419963887573,-10.6987001976979,1.03215867147969e-26,1.67176763545514e-25
633.105455999204,1.94059480062731,0.211302034571102,9.1839854006437,4.15424949348124e-20,4.59988716641832e-19
740.688076320179,-1.02428361325212,0.171543732001804,-5.97097662094319,2.35837540859599e-09,1.12558826319354e-08
970.171330950631,-1.24634516024977,0.158709280063627,-7.85300745961489,4.06177497529399e-15,3.15110950312616e-14
126.588219070422,10.2706481591172,1.20973853795206,8.48997352477847,2.06684179417401e-17,1.86751728880114e-16
10.6751142487281,-1.71889989659337,0.758545530364969,-2.26604709642984,0.0234484998343897,0.0404192935158317
349.362661098218,3.72090918309995,0.327412282646726,11.364598643096,6.27522218450032e-30,1.22096176049862e-28
295.080447063329,3.04052023294864,0.21316794736846,14.2634963205472,3.69470022291423e-46,1.81457454496352e-44
912.579992414533,1.28729643471971,0.176780535824685,7.2818901057995,3.291751832879e-13,2.20294161123441e-12
124.150316958339,1.086142441315,0.223319194499959,4.86363227194606,1.15250944665742e-06,4.10695291406887e-06
2303.57324396419,-1.14206728464804,0.353044042037773,-3.23491448278241,0.00121679169143808,0.00276090216127344
719.7431354531,1.36058152817747,0.141290390628079,9.62968197716255,5.99146194553172e-22,7.49240313106534e-21
5.41816461617291,5.50818216368953,1.43943308491567,3.82663301365775,0.000129907966245103,0.000348212814451001
70.8479378719475,-3.6534167342985,0.756837325916225,-4.82721531985184,1.38455400471019e-06,4.8852455901999e-06
395.266119974876,1.55128639095349,0.171844303743109,9.02727851411654,1.75994062987269e-19,1.87706452468032e-18
236.371544574292,1.86676517095998,0.209776524750912,8.89882780342833,5.64395784493944e-19,5.73818084735913e-18
92.9755253363968,1.0911031669184,0.266232730826294,4.09830588272145,4.16185059013735e-05,0.000120349810512519
79.2570051056391,3.95351225558733,0.332503591202247,11.8901340021395,1.33192717892671e-32,2.99315000725596e-31
392.425508445311,1.18785192982983,0.183524454671464,6.47244494994555,9.64296585440181e-11,5.24804844086747e-10
1010.90936877689,1.13945296949324,0.202524654787086,5.62624323784749,1.84176594534246e-08,8.1336871697865e-08
2567.59208595256,-1.18775454386979,0.156532575762848,-7.587906466634,3.25115452043686e-14,2.37689448132779e-13
42.9302134208022,-3.07984678227005,0.455702013820936,-6.75846647340087,1.39459910758488e-11,8.12737661740853e-11
3909.28275413757,1.25654483229172,0.141755856982894,8.86414754942612,7.70916084798551e-19,7.73456170745169e-18
352.50661442963,-1.461643063562,0.271462438762154,-5.38432893415003,7.27154215185138e-08,2.95816243852872e-07
209.772094602635,-1.26721076563851,0.230677986999697,-5.49341869209295,3.94226651856092e-08,1.6626317934928e-07
309.965392294269,1.99579238938536,0.224184845221001,8.9024411414514,5.46316480231183e-19,5.58232779296628e-18
214.920480654693,-3.14382235290689,0.220508634648212,-14.25713944455,4.04706524178907e-46,1.97173018579964e-44
1778.18761242823,-1.96620731124911,0.216658303464736,-9.07515327040827,1.13517619507691e-19,1.2235792969944e-18
78.2032086079832,2.13541180306186,0.318989288241636,6.69430567663536,2.16698029311555e-11,1.24583015858609e-10
711.421657723143,-1.49803382548728,0.208851933032945,-7.17270749536692,7.35288475962734e-13,4.76880385368802e-12
1788.44779155759,-1.42546175713444,0.223934890062418,-6.36551881994411,1.94630706506531e-10,1.03519738220504e-09
979.979246902839,1.35102773885159,0.218295385416559,6.18898899889024,6.05513085052521e-10,3.06022795682145e-09
292.99775337585,-1.57780841897635,0.178119759568846,-8.85813243177269,8.13660225545774e-19,8.13660225545774e-18
27.463170120027,-2.5373082360788,0.643882325715863,-3.94063967085576,8.12646177157925e-05,0.000224546970004163
123.639052333057,-1.90083038694029,0.360224397492866,-5.27679524254859,1.31462635012174e-07,5.20889685897293e-07
93.8961606551675,-1.1875976510016,0.296521069329146,-4.00510376442536,6.19902634666824e-05,0.000174374459358936
457.354396571306,-3.34803360971291,0.231397169019589,-14.468775153552,1.90840317232113e-47,9.93348317900484e-46
223.20748311773,1.29471207453848,0.27057619122154,4.78501847739593,1.70971603461845e-06,5.9634425262465e-06
2036.81365366918,-1.13961126493372,0.10994794302313,-10.3650075990415,3.57730026949521e-25,5.40589544447291e-24
522.968014090493,5.84796944549747,0.357318130238406,16.3662824542255,3.32939674545276e-60,2.59949053587273e-58
1854.64402841143,-1.04689475685209,0.104897285187493,-9.98018923922456,1.86111487058654e-23,2.56429628096653e-22
5032.04846077057,-2.46448748808181,0.442651732416689,-5.56755414607047,2.5833981500027e-08,1.11422767234536e-07
1313.43588398923,1.85126779296096,0.161882451856867,11.4358769077566,2.76726666602694e-30,5.50740326670068e-29
550.707920819532,1.69858883232015,0.181669271213826,9.34989622059361,8.77337673467986e-21,1.00811064743774e-19
768.128553614382,1.07576225765219,0.144999457656378,7.41907780235663,1.17938620606455e-13,8.16188863060578e-13
949.072193901776,1.53308297131626,0.143659845538514,10.6716178454003,1.38198884576386e-26,2.23244352008009e-25
6961.35250381747,-1.02637437823777,0.221648548834681,-4.63063883627457,3.64539251919097e-06,1.2157963002121e-05
463.454011131922,2.12628685594972,0.215508189322667,9.86638541501622,5.82250340289919e-23,7.72528229273553e-22
3127.02420500675,2.74924810163583,0.164056428808541,16.757941895982,4.95481181640716e-63,4.3731599944811e-61
1034.43120991195,7.96584370146345,0.732184439586506,10.8795588526329,1.44259419052522e-27,2.474760174732e-26
927.141886481992,-1.2883295637407,0.176345870815304,-7.3056973649813,2.75832374050864e-13,1.86026484825002e-12
1524.35965217002,1.95224894467299,0.19919807229228,9.80054135166779,1.11983853426603e-22,1.46662724165164e-21
64.9065058149102,2.28350093094131,0.356081438410526,6.41286145420663,1.42813299229097e-10,7.68315364227209e-10
235.223681018568,-1.44222909802234,0.188872283020254,-7.63600182599413,2.24071145854243e-14,1.6610596122808e-13
1530.17197800307,1.52423557791649,0.204288005775519,7.46120934574787,8.57319080295448e-14,6.00813946950435e-13
480.71682610766,-2.31969690150482,0.202970185469183,-11.4287568695996,3.00378216578105e-30,5.92007553061703e-29
838.292636981658,1.55016942996332,0.218620426117556,7.0906889053897,1.33446021859572e-12,8.45667297736517e-12
336.46764015136,1.98060668047614,0.313735200466035,6.31298839764894,2.73698024738735e-10,1.43197677891658e-09
304.097678359723,1.54670890203336,0.160170703419612,9.65662801630659,4.60781325608923e-22,5.84378742167767e-21
314.273161137396,1.10755366599967,0.279889930465977,3.95710436654777,7.58637907672283e-05,0.000210867405646929
55.2332935348837,1.2610159682309,0.38898508658088,3.2418105776626,0.00118772938340061,0.00270099773895059
15.4605700840589,-3.15373341451044,0.710333620950184,-4.43979184075761,9.00459305457028e-06,2.86210708258523e-05
247.761178179841,2.1311364572221,0.239436463808722,8.90063452876834,5.55283171056241e-19,5.66444641831241e-18
1265.25983360534,1.99602822703796,0.154943303821079,12.8823135806041,5.66126676156804e-38,1.7501073389822e-36
985.461282889772,1.50549172236254,0.127621212254623,11.7965634063941,4.06578966107678e-32,8.93886607796303e-31
2172.79149586725,-5.69074811930154,0.675218592440575,-8.42800862270742,3.51597159260502e-17,3.13044839166149e-16
4770.34496064529,-1.3087983828851,0.129897085385545,-10.0756562705043,7.07866376964041e-24,9.88739962319039e-23
1127.40242344059,1.97005567153841,0.161367630688602,12.2084935072271,2.80026135336455e-34,6.98917690245496e-33
92.2481708453025,-1.261763025268,0.314367947960313,-4.01365035288932,5.97868895128654e-05,0.000168879313632232
315.554392287178,2.09448298118901,0.298555087997487,7.01539871665707,2.29294119293226e-12,1.41910689684527e-11
1239.4067836922,6.05395512038227,0.259905327608887,23.2929242970057,5.22928376260941e-120,1.51649229115673e-117
389.037224813262,-1.52071575533966,0.21775917533391,-6.9834749925362,2.87966725567408e-12,1.77143167546012e-11
2452.2123896083,1.74054630776507,0.132351602152332,13.1509273742056,1.68099984861315e-39,5.78377914014355e-38
16.815419710859,4.09652996663723,0.896054646877667,4.57174122238162,4.8368804994058e-06,1.58795699414455e-05
1451.35140116422,1.86076654400277,0.196801658389065,9.45503487742036,3.22914300231305e-21,3.81853997749252e-20
512.02909366847,2.18830647812676,0.221625796993779,9.87387979111559,5.40332965588221e-23,7.18477676950276e-22
559.84208209035,-1.09600948479944,0.167103104332637,-6.55888165080231,5.42128052605212e-11,3.01787919594675e-10
1091.61877680566,2.30697633055443,0.201816837168376,11.4310399613969,2.92583499688907e-30,5.80401795799819e-29
1954.93602631389,-1.04675850632429,0.0963989407369287,-10.8586100461506,1.81490551429553e-27,3.07876729305286e-26
2056.84693925879,-1.24728072367982,0.21037347422469,-5.92888779479708,3.04993398262068e-09,1.4465808375514e-08
313.235385555505,-1.53089169576825,0.260438297292726,-5.87813586435627,4.14912320592387e-09,1.942210632135e-08
974.676465304255,-1.37240025199271,0.239831557591721,-5.7223505771039,1.05060233658525e-08,4.75700240134138e-08
1134.26437715964,1.74120951532256,0.204075903585898,8.53216614370969,1.43632576696831e-17,1.31537201817097e-16
166.282553997886,-1.15852831345563,0.305395227438443,-3.79353771561198,0.000148516060510572,0.000395134472918036
59.5926583577366,-1.53608492603478,0.350051342830335,-4.38817035699618,1.14308225604671e-05,3.58354989883529e-05
477.17983927235,-1.26796842921161,0.132603282084584,-9.56211949869241,1.1536937529968e-21,1.39681808265418e-20
4260.81008045386,-1.15439700083339,0.115372587007377,-10.0058170729896,1.43700496771241e-23,1.98443543160285e-22
12.0133288905117,2.13491755584755,0.732957970353106,2.91274212465286,0.00358270331163249,0.0074263659522947
170.431615012917,1.09060216983129,0.23419942797577,4.65672431080453,3.21280204452515e-06,1.07920377557408e-05
1278.18332013308,-2.16314426103725,0.151132731956766,-14.3128773828826,1.81831555434857e-46,9.15168737684529e-45
80.3924657409191,1.12801960802387,0.300964572113581,3.74801459222306,0.000178239886895012,0.000467074402405603
30.439697862074,-1.63779019643013,0.476428686410763,-3.43763976256055,0.000586807800463203,0.00140285027292391
18.0232046375168,-1.11391455194147,0.502008123987526,-2.2189173814429,0.0264923457842288,0.0451928251613315
3193.61177718439,-1.02265906474714,0.185388639921665,-5.51629843759178,3.46214147032258e-08,1.46929906301495e-07
229.087717202735,1.86817799194585,0.198010633197145,9.43473570980323,3.91981172666274e-21,4.61734108614624e-20
320.508767773123,2.05367230844957,0.170844608137725,12.0207030870651,2.76607745365849e-33,6.5292293382869e-32
191.300564081214,-1.50184852704294,0.209194286544785,-7.17920432650736,7.01182879523877e-13,4.55731455314879e-12
1623.05168099492,-1.15421966560708,0.120339845792328,-9.5913340922751,8.69533125627212e-22,1.06548425252912e-20
366.881848146001,-2.64822806710405,0.240994473972708,-10.9887501711095,4.32878756068455e-28,7.70827960367511e-27
8982.71355127783,-2.34995111145651,0.143538061741524,-16.371623546709,3.04968752776089e-60,2.41202559013816e-58
76.7101736482995,-1.48412205297142,0.270891678099711,-5.47865502322715,4.28571007590505e-08,1.79610460055245e-07
131.887045723078,2.09097042404592,0.233347691794995,8.96075040623468,3.22476246764453e-19,3.35706041503507e-18
317.123364343662,1.57025375242353,0.181521320771231,8.65051965109101,5.12654518348744e-18,4.87061781083284e-17
273.318921472662,7.4689058292298,0.465331169812329,16.0507318524183,5.64939502489872e-58,4.14515851826906e-56
1095.26916711127,2.57035717627063,0.192972521824338,13.3198092244989,1.7756064157488e-40,6.63401415454612e-39
1029.78594222002,1.84820937254031,0.159707418000527,11.572470431738,5.68225993163067e-31,1.17304959266545e-29
1281.31561456705,-2.16501978709182,0.270296130316196,-8.00980681654283,1.14888769192457e-15,9.26718681300743e-15
4882.9606328028,-2.0551504972583,0.138171835661834,-14.8738741684531,4.87110339673349e-50,2.82523997010542e-48
3551.3876281621,-2.2457933232187,0.159323478898598,-14.0958089714325,4.03003041608617e-45,1.87350268961563e-43
107.188499987204,1.58598676412091,0.253202880901452,6.26369952219532,3.75949581874262e-10,1.93863924946169e-09
944.184845747374,3.20994041500129,0.179904814954151,17.8424374901769,3.30939643939525e-71,3.35903738598618e-69
354.339406887119,1.6233766242218,0.226817266580102,7.15720036970157,8.23413036177597e-13,5.31769394519784e-12
9430.99918544545,-3.55563324571456,0.146811498063717,-24.2190379677987,1.40206891150899e-129,4.74366648393876e-127
74.5578567591476,-1.52782199389267,0.308110973248276,-4.9586743950906,7.09758081755832e-07,2.58518344371592e-06
64.9329003829796,-1.03470108716515,0.375944432436558,-2.7522713408976,0.00591834608882089,0.0116756487466535
16.3120654409928,1.90106915009179,0.776742384136331,2.44748991289513,0.0143855151847477,0.025942489628402
1204.55735352616,-1.02304986346108,0.186121632069313,-5.49667361115819,3.87022060633292e-08,1.63337792741285e-07
1970.71460763971,-1.91199118909392,0.246653166665184,-7.75173988213711,9.06419189215519e-15,6.87433731297947e-14
1542.47557465429,1.15862975613614,0.146206821252512,7.92459439450556,2.28892220800523e-15,1.8221616008826e-14
8.76259653071884,-2.67714949501993,0.998129077608177,-2.68216762248346,0.00731467984936743,0.0141282588907858
28.3471688286607,-5.90653529244782,0.851241672170802,-6.93872901849978,3.95643202730944e-12,2.40226032366047e-11
484.517652437952,2.74632636803774,0.220561195038778,12.4515392091292,1.37173895040333e-35,3.61640268742696e-34
2128.25514485868,1.17707985056031,0.152058005913324,7.74099228442643,9.86438855912629e-15,7.46262438820858e-14
760.948844284571,-1.65007421515281,0.204688133944431,-8.06140631288758,7.5421685806164e-16,6.15707864020829e-15
1425.04408230061,-2.1964536522224,0.196573333456079,-11.1737111723405,5.48406572700221e-29,1.02762954699826e-27
2145.53639606979,1.75716932982214,0.193734813454582,9.06997198123133,1.19047625359192e-19,1.28091879582594e-18
1173.57008893331,-1.8907417745831,0.212953298344077,-8.87866865310603,6.76653431251585e-19,6.8112717294581e-18
247.140895797585,1.24235120727117,0.226850480810015,5.47652005336336,4.33771637310076e-08,1.81433329067195e-07
403.14386246177,1.37216602307322,0.19655027514181,6.98124702233669,2.92571358124719e-12,1.79794104034263e-11
150.137949347983,1.88240315260137,0.285337882775096,6.59710212430882,4.19271971636277e-11,2.36422806228234e-10
317.248920818508,1.04052676442006,0.15808834974348,6.58193197733079,4.64374049478746e-11,2.60889110823391e-10
568.365418094227,-1.18476912578327,0.199165293461581,-5.94867260852257,2.70325720947878e-09,1.28615909419733e-08
13096.8070967283,-1.23716475488531,0.182233355967881,-6.78890397597337,1.12988609512198e-11,6.66118714355552e-11
934.859007618538,2.6541963838681,0.24736278833706,10.7299743898887,7.36165752061297e-27,1.20842302696854e-25
342.117997848097,1.42867458694975,0.183305137210188,7.79396916362225,6.49364006704912e-15,4.98063828820266e-14
622.270142300919,1.014602275854,0.173089807814277,5.86171010682877,4.58124320054867e-09,2.1346420115793e-08
377.294687788732,8.29048482091583,0.749423989717338,11.0624758943769,1.90757947943825e-28,3.49914428607799e-27
266.51353632527,1.32424267785611,0.203794506671981,6.49793117332432,8.14320410536184e-11,4.45171570930463e-10
26.711822934301,-1.61103606908556,0.554863899098568,-2.90347970322606,0.00369040890813838,0.00762884937222088
618.622985928517,1.25016996251034,0.188832867939898,6.62051038121312,3.57960774716144e-11,2.02977757730104e-10
988.439464116214,-1.48537818644644,0.143790981548256,-10.3301206407576,5.14957781403551e-25,7.70538793304086e-24
1223.79968733604,2.05148511979713,0.216707242872548,9.46662000126907,2.89045327270901e-21,3.43805867789021e-20
335.291801133779,-2.0797863754321,0.213149817099025,-9.75739225929467,1.71508509597061e-22,2.2175941049811e-21
825.188962973502,-1.33738868222953,0.213451673950362,-6.26553382073989,3.71550345521234e-10,1.91757763069857e-09
267.643991213561,1.91736001280085,0.234280615256416,8.18403183166619,2.7450151927491e-16,2.32505459302392e-15
520.1633905277,-2.16069103209756,0.28563658473332,-7.56447579750632,3.89431834125295e-14,2.82674597118361e-13
880.071244147801,-1.43408874463765,0.17882521592115,-8.01949958371636,1.0617682945426e-15,8.58720971283454e-15
66.3837377472071,1.80829984389495,0.261905870435877,6.90438836245055,5.04201896303359e-12,3.03718056230213e-11
474.960371543763,1.86720300040012,0.291582726398337,6.40368180743774,1.51674047649091e-10,8.12396614057137e-10
4502.37677670516,-2.26539425510231,0.189343758215319,-11.9644517276674,5.4556756512705e-33,1.26331044548431e-31
64.2978305962723,-1.64383647553553,0.449520974826712,-3.65686267736275,0.000255321071623617,0.000655525011040399
36.6085632200545,9.18447900373914,1.25075840711826,7.34312793859219,2.08658893561667e-13,1.41349573057903e-12
6.40934802753501,3.4492546802537,1.57815439867699,2.18562561631821,0.0288430069173229,0.048671075679273
4254.51756612227,-1.19009125116681,0.16569570868156,-7.18239030229787,6.8503021978395e-13,4.45708764795327e-12
479.764969900309,1.18234779615037,0.277361933614753,4.26283369437646,2.01850745319745e-05,6.09455150717525e-05
274.788906745867,1.32424020590647,0.277956814337034,4.76419406757473,1.89609952590453e-06,6.57213779895195e-06
525.309519850382,-1.35839065067396,0.252035480252814,-5.38968025180967,7.05831534848104e-08,2.88297387473169e-07
452.273195919882,1.07670055833766,0.157970925531007,6.81581471222262,9.37310397570380e-12,5.54196147689672e-11
360.788592406842,1.08006512223279,0.171319150528195,6.30440390874477,2.89305141298942e-10,1.5071585205394e-09
754.558688357163,2.98118743879815,0.189941941535995,15.695256217191,1.62983269452015e-55,1.09073418787118e-53
1668.50718285063,2.47653526871013,0.157861951865176,15.6879807923904,1.82777707830652e-55,1.20990895727029e-53
747.857440309109,2.08483916329343,0.139260483526013,14.9707879113029,1.13963043051458e-50,6.80426404101355e-49
1694.00994336231,1.17448903984035,0.209762910670011,5.59912634740273,2.15434744475761e-08,9.42527007081456e-08
664.270558214814,2.05123722816435,0.177925226565182,11.5286475547237,9.4618404051543e-31,1.92717752733745e-29
9539.25424883759,-1.94593968780606,0.106979246251023,-18.1898803366026,6.20755419281858e-74,7.00074167301206e-72
103.635685507482,1.04970984434942,0.364710037443898,2.87820387863849,0.00399946568671126,0.00819540579813983
1010.30750285688,-1.61756365969949,0.207992524790949,-7.77702785869484,7.42482604480854e-15,5.68769693243824e-14
423.043540553224,1.1971091466748,0.163416888367289,7.32549223421895,2.38023411695179e-13,1.60705385501512e-12
247.914938099308,1.06249464124706,0.243525864573322,4.36296425067062,1.28311917294726e-05,3.98277052153355e-05
9562.31540656481,-1.93144169107329,0.104159714839669,-18.5430777536817,9.27581553478681e-77,1.1528513593235e-74
852.242452518698,1.10341927759615,0.21913609517701,5.03531504796071,4.77063554733176e-07,1.7791286272658e-06
249.102859471684,2.0303148671413,0.216304901628457,9.38635625848523,6.21118453038671e-21,7.23252653729543e-20
300.829568920001,-1.81350012862836,0.206749452372576,-8.77148697526082,1.76322106211351e-18,1.72636917496323e-17
584.421282063549,1.01713161317384,0.234556580048966,4.33640195880031,1.44833983070291e-05,4.46375990333033e-05
651.851563101979,-1.79720704609861,0.164420325851992,-10.930564921252,8.23342448886316e-28,1.44500158896763e-26
234.592788581057,1.15269573745907,0.21969429544017,5.24681687865211,1.54749574652048e-07,6.06061035132456e-07
225.60195594905,1.64235481095126,0.184459668107783,8.90359842776906,5.40647881616411e-19,5.53369008242679e-18
662.751117019626,8.93981862492476,0.838221129206682,10.6652270068468,1.48037105647978e-26,2.38504225766187e-25
557.173827953466,-1.03877795909748,0.17406511268742,-5.96775507199355,2.40540078786817e-09,1.14713318700996e-08
162.204016734816,-1.04159738241028,0.216631218332812,-4.80815918604156,1.52326450526762e-06,5.34371015960817e-06
3277.60947505105,-1.27081296931556,0.121185187255715,-10.4865371593147,9.96124861766396e-26,1.54755112452994e-24
461.223655741373,1.65874130971695,0.203732164084006,8.14177435936425,3.89526682928883e-16,3.24073428830177e-15
679.111840387413,3.10100734096028,0.248658061055718,12.470970487723,1.07508664409216e-35,2.88426328745431e-34
151.243453444858,1.42955632816717,0.190942455429712,7.48684374541002,7.05496099589672e-14,4.97276764641331e-13
658.802526977833,1.21212945554046,0.179572678490782,6.75007727081759,1.47766438086545e-11,8.59501058211137e-11
540.331148242927,-2.80433766940099,0.209606284276794,-13.3790724790376,8.01411915987802e-41,3.06955884802875e-39
175632.796694021,-4.24441857470729,0.166700589182266,-25.4613291742273,5.28851689777834e-143,2.68392232562251e-140
65.4644409510393,-1.45316728521201,0.411747014541002,-3.52927218387226,0.000416704308903613,0.00102783687372337
1255.02580515437,-1.97797260375266,0.147286408287373,-13.429430636216,4.06525020165152e-41,1.56692238785176e-39
1539.31360116434,1.9309025847322,0.128783326956671,14.9934205798383,8.10682777941366e-51,4.8881763541217e-49
224.855419951619,1.65071252784175,0.21847879616499,7.55548161568579,4.17312765796208e-14,3.02192002817943e-13
385.111160272288,1.2658289628026,0.238910924138514,5.29833019300831,1.16866488920496e-07,4.64264134067722e-07
340.636681881548,3.41682208159488,0.268024497490099,12.7481708336048,3.19145889570083e-37,9.43494401690198e-36
573.183309235332,1.84513679807733,0.250681663284517,7.36047772262922,1.83253216648727e-13,1.24694088200084e-12
722.582837140943,-2.45017277678408,0.188676884278581,-12.9860782159536,1.46756736268719e-38,4.70393959935e-37
844.44710515797,2.12819569865853,0.209875167679794,10.1402930236392,3.66000056323457e-24,5.20780453974265e-23
327.369884567152,-2.33592060358802,0.184779217683768,-12.6416846703276,1.24360488799708e-36,3.50627489254731e-35
1263.91064456426,-1.9434332695563,0.156455716209996,-12.4216188237431,1.99483665134054e-35,5.23644620976891e-34
679.424725842215,-1.0047849569372,0.153267082729072,-6.55577792077728,5.53525553332517e-11,3.07851198154797e-10
428.766704265945,1.70803129185037,0.172148905317338,9.92182488004674,3.34582114952049e-23,4.51797135267844e-22
17657.9001589644,-2.26558450947558,0.188591794578197,-12.0131658672784,3.0301839499984e-33,7.12502712567192e-32
162.40612311963,-2.27591810539593,0.198939549275063,-11.4402496320585,2.63127339439589e-30,5.27120229337861e-29
565.205290799155,1.4175887539244,0.167861919541534,8.444969280681,3.04125418611126e-17,2.71971189330655e-16
845.627337082393,1.28976570560998,0.117182099795337,11.0065078869776,3.55518000196859e-28,6.36795476823197e-27
736.926860447501,1.14089849107076,0.15121893142393,7.54468028789558,4.53398404476205e-14,3.26768790918354e-13
201.60604840082,1.06438366275915,0.190334557730762,5.59217241182644,2.24245975412989e-08,9.79668572643548e-08
228.429232962099,1.46784874739585,0.169581585224203,8.65570837455737,4.89859665745944e-18,4.66132088186375e-17
481.692389661299,-1.29860908451852,0.188539901468447,-6.88771487841181,5.66956979523332e-12,3.40509665216676e-11
1602.19565753417,1.8546813114635,0.141283492147623,13.1273744955681,2.29475474902041e-39,7.8511552929968e-38
165.58550731418,1.20231302145241,0.256875646214729,4.68052553509632,2.8614046716232e-06,9.65961998347298e-06
326.466128800913,1.42201969080282,0.176591745260427,8.05258302819143,8.10647088369472e-16,6.60005450290118e-15
1009.43724292084,1.72521496016742,0.219224275896401,7.86963466118462,3.55678382275468e-15,2.77702736930462e-14
403.34195457862,-1.3105574292535,0.153995325598237,-8.51037149447411,1.73376962133172e-17,1.57591895431496e-16
7319.50464886753,-2.23605403475957,0.132731682716126,-16.8464227153801,1.11455915462539e-63,1.0284341290407e-61
481.773279805972,-2.58992756487611,0.19203528770198,-13.4867273399013,1.87228585259108e-41,7.30911592453824e-40
950.55557714655,-1.36984206254577,0.210772506507961,-6.49914965305987,8.07752785110762e-11,4.4197793902287e-10
312.128726540491,-1.05588356971869,0.20029042748575,-5.27176252491556,1.35119838418687e-07,5.33990795567687e-07
513.521047842622,2.20848783083904,0.163674405813346,13.4931776282579,1.71544572229481e-41,6.78380808362039e-40
101.783453243669,-1.16445124036159,0.317196703811855,-3.67106980106666,0.000241537359383674,0.000622497891936764
381.470784901003,-1.67715837420966,0.326742501412006,-5.13296668465805,2.8521040720183e-07,1.08898519113426e-06
2400.06202484557,-1.35542362299222,0.152303222052769,-8.89950721149283,5.60951840553488e-19,5.71270352670692e-18
87.6611574961913,-1.8923392454954,0.333815119132274,-5.66882425941158,1.43780749180738e-08,6.443154985362e-08
15388.12630302,-1.18979771527621,0.206173970320867,-5.77084349408673,7.8875706588468e-09,3.61439468114199e-08
287.572302476348,-1.20361963686772,0.184323361725378,-6.52993535708722,6.5798083546743e-11,3.63620988021475e-10
444.821927650957,-1.68755391339167,0.227779720060951,-7.40871010351623,1.2753374186771e-13,8.80590122419903e-13
890.723433350351,-1.49415130595726,0.149063005856589,-10.023622543844,1.20021431648673e-23,1.66120572441005e-22
1768.27607187071,-2.93113740058536,0.396650517478575,-7.38972287044522,1.47135151757665e-13,1.00959501294412e-12
532.970783550913,-2.15703043039514,0.311078609323002,-6.93403649672172,4.08999061483029e-12,2.4808807613861e-11
54.8275593449728,-4.10590367864195,0.67574601354075,-6.07610492162281,1.23136857437215e-09,6.02332097825415e-09
390.807998043494,2.10679044229248,0.202031486533915,10.4280301968615,1.8467699970253e-25,2.832954479064e-24
668.008586702944,1.67781300414833,0.220804859808111,7.59862353394953,2.99297066703832e-14,2.20135161379993e-13
616.713424152177,1.08727287210926,0.150034915525013,7.2467989754558,4.26736593623049e-13,2.81868314009151e-12
1057.27881302061,1.42489922430183,0.157965638771217,9.02031122328773,1.8755570084286e-19,1.99339305084296e-18
468.100013969959,1.91684000839476,0.208816675150242,9.17953514495721,4.32956372067803e-20,4.77663823531326e-19
614.171570831514,-1.12941773139291,0.13885430919795,-8.13383277707873,4.15926194620329e-16,3.45564873838718e-15
101.91434600507,1.14380102095253,0.306731061592781,3.72900290897519,0.000192238933132046,0.000500956398277346
192.555257694302,2.53388261530191,0.204102051641888,12.4147826781663,2.17276026708678e-35,5.63068511768446e-34
291.786088004136,1.17619889642858,0.188492988851562,6.24001403762998,4.37531627085038e-10,2.24101565092336e-09
547.787234917799,1.50372295215249,0.136114867748893,11.0474555573649,2.25516193211244e-28,4.09672631273863e-27
227.777062467713,-1.05439725797757,0.281690531603175,-3.74310507341769,0.000181760178100536,0.000475276721611104
357.925132226588,-1.00389135732306,0.167009161016288,-6.01099575145553,1.84387238790954e-09,8.89088111034767e-09
239.848770435827,-7.08877114557869,0.84262845810069,-8.41268898223185,4.00716473037835e-17,3.55738093411139e-16
346.121976387197,-2.232592304569,0.302807932256438,-7.37296506050012,1.66874234032513e-13,1.14058819894277e-12
10596.4070942068,8.27217040392077,0.330527209756181,25.0271994551459,3.09269161174293e-138,1.25563279436763e-135
879.849435638828,1.1742782552331,0.147412773285125,7.96591929630021,1.63999952066676e-15,1.31243062823398e-14
191.719446657044,2.50267661116543,0.367083542867153,6.81773034993055,9.24900326497631e-12,5.47389989151659e-11
454.073878081733,2.19736982409178,0.515960656349921,4.25879337319383,2.05533344831966e-05,6.19652509914195e-05
42.3565280372818,-2.17465835189326,0.551316391314483,-3.94448339674485,7.99721939608804e-05,0.000221377573282619
628.962674452359,1.3450046512874,0.233125814660139,5.76943678780577,7.953690543255e-09,3.64195303822729e-08
434.885115571353,-1.12255087946778,0.258967622977172,-4.33471515304727,1.45948982381147e-05,4.49130521829804e-05
31.6281764029711,3.58047013603678,0.658931539491026,5.43375134054506,5.51814648270501e-08,2.2814332708536e-07
1551.17563527556,1.96106328316795,0.158665171743613,12.3597589919534,4.31448316134395e-35,1.10865833133269e-33
2560.67711154279,1.02489343261498,0.142185420132154,7.20814716208169,5.67183157371879e-13,3.71813286156592e-12
398.307453941611,1.7864026312415,0.135756946904266,13.1588303359624,1.51411672292857e-39,5.23918797876986e-38
3721.55517967311,-2.65725732574365,0.21183251584975,-12.5441427869761,4.28020933903152e-36,1.17947850111774e-34
1746.77513067942,1.10216347674941,0.168360674925716,6.54644249457722,5.89238230879291e-11,3.26817925870208e-10
1229.43227038779,-2.11591018192888,0.160300412673025,-13.1996552388473,8.81375040395037e-40,3.12068255581731e-38
6418.73754688484,-1.97485057362792,0.146879008739039,-13.4454241663398,3.27522314011853e-41,1.27045279766381e-39
59848.0529672481,-3.12306833864618,0.205988650531555,-15.1613612234804,6.37345830038513e-52,3.9606490866679e-50
853.962333541821,-1.30712053211907,0.217989348199578,-5.99625872968044,2.0191523307569e-09,9.70531783291993e-09
1490.92092212496,-1.73097512941933,0.174084733495992,-9.94329080245961,2.6976504992582e-23,3.66711864742911e-22
39.2458188391324,-5.90198836325608,0.816099081726361,-7.23195074643525,4.76104886652827e-13,3.1345716321251e-12
1452.01642660894,-1.30917212171627,0.122188664786506,-10.7143500095015,8.71673852620865e-27,1.41938335894681e-25
9415.03921659751,-1.17080675282577,0.119367673887166,-9.80840720690003,1.03590718102263e-22,1.35962817509221e-21
280.351400306391,2.32894355358646,0.228015102893491,10.2139881263669,1.71660779880627e-24,2.48316900112355e-23
2133.91862973427,1.41364042964184,0.185515102712428,7.62008272627357,2.53513191096386e-14,1.87365938565169e-13
368.160017216828,-1.13586797779446,0.175519388789107,-6.47146725857877,9.70557911938419e-11,5.27740864616515e-10
726.676377250276,1.10162442082548,0.181754148291094,6.06106892845791,1.3521986463093e-09,6.57213867200608e-09
177.215364114192,-1.12367784078183,0.20471964867012,-5.48886170956895,4.04532173641704e-08,1.70255766238976e-07
132.425342759542,1.06917275617665,0.389083084961137,2.74792916346761,0.00599729645020254,0.0118122688815438
447.601992734739,1.0903357945826,0.154012315102506,7.07953642445347,1.4463748049438e-12,9.12789902809091e-12
133.264502901739,1.58930059393139,0.261388078943389,6.08023365241378,1.20007542766643e-09,5.87969376869553e-09
159.930740918117,1.28344119752825,0.268577587025426,4.778660839658,1.76466570345031e-06,6.14103664800709e-06
109.086075714892,4.69677956399574,0.393537013311312,11.9347847981971,7.7960251460861e-33,1.7781944996129e-31
218.140887240512,2.22913862059132,0.248522527460598,8.96956361810998,2.97691485260544e-19,3.10967606387086e-18
92.3011073094081,3.50472807429418,0.340231888508471,10.3009982093637,6.97338901204843e-25,1.02827939669189e-23
73.1283486757365,4.18461021846484,0.39537766910802,10.5838304624169,3.54176017886869e-26,5.58790660344827e-25
451.320493513106,2.77083667867092,0.150222604702093,18.4448717565893,5.73348895437843e-76,6.98338954643293e-74
27844.4842384671,-1.65523823927467,0.152229186787229,-10.8733303659317,1.54457712401538e-27,2.63486685861447e-26
16330.1893217233,-1.17149659559373,0.136052630955614,-8.61061331460705,7.26707272655168e-18,6.82970260874996e-17
6430.76730988554,-4.24068462430248,0.193518194789422,-21.9136222767942,1.92635128965902e-106,4.51210744385515e-104
2401.73577154849,-2.62805873136408,0.224272025261246,-11.71817451732,1.02864671552445e-31,2.21358957510385e-30
252.687964042446,-1.26885967459534,0.160404716985741,-7.91036384988688,2.56637709282502e-15,2.03241046752983e-14
380.09142059687,1.35237116529018,0.166437573365374,8.12539583427697,4.45904792518618e-16,3.69463970943997e-15
500.750149481572,2.77449627286004,0.273351052659475,10.1499381321804,3.3157355410907e-24,4.74010080874234e-23
9.53801092858372,-2.54640568980506,0.764848035171068,-3.32929624279615,0.000870657436608349,0.00202532612259161
172.208668288927,2.16174576447271,0.2673520936517,8.08576336525341,6.17760286345266e-16,5.07713919546919e-15
153.480569116424,2.4206115143573,0.260152705852488,9.30457942547726,1.34523669883746e-20,1.52276793604463e-19
110.228385513431,2.18117416785444,0.273376376034901,7.97864906796473,1.4794354073027e-15,1.18705686831008e-14
912.245201333768,1.87990072039731,0.185561390492922,10.1308829137547,4.02993991840998e-24,5.70751955886437e-23
476.506714715741,1.52496623081122,0.167004727946082,9.13127580018908,6.76967396322389e-20,7.37519041789508e-19
1206.70426051963,2.05822943647287,0.176570619051839,11.656692645273,2.12122879624423e-31,4.51688229689767e-30
835.024809608215,1.33920075625461,0.1387995113532,9.64845440159209,4.99021533104221e-22,6.27901061281964e-21
694.689677562903,-1.19545373131789,0.168836123524069,-7.08055661528777,1.4357659159479e-12,9.07034691713975e-12
137.638809786044,6.03749256936055,0.689075266112074,8.76173165150089,1.92273556042008e-18,1.87952801973648e-17
938.070149579113,-1.21531990048466,0.224170488128129,-5.42140899381018,5.91310982436286e-08,2.4331647858358e-07
1099.33866351357,2.10509442453052,0.150190069820046,14.0162024496879,1.24078737778457e-44,5.63910084381196e-43
624.074588836709,-2.89661287142128,0.198335634131145,-14.6046013572425,2.6251326657978e-48,1.44027548961339e-46
328.488925406719,1.36528831840013,0.143767059114988,9.49653089382693,2.16999069623414e-21,2.60655687180787e-20
471.869506695526,-1.3001924836268,0.191677212798488,-6.78323972184271,1.17510406394766e-11,6.90770632185448e-11
1080.05267893828,1.62378793157661,0.215133174889813,7.54782674688959,4.425811277635e-14,3.19350600483379e-13
7.92385205280674,2.00084572728934,0.750879660582825,2.66466896404719,0.00770641418076252,0.0147910691335782
439.215912462488,-1.21473525794503,0.224042198541466,-5.42190384603017,5.89676004493311e-08,2.42807766556069e-07
304.042209720099,-1.93249956061593,0.188624049539062,-10.2452447889776,1.24309811399833e-24,1.81982392169466e-23
608.670017600898,1.69577261527972,0.193559916685616,8.76096995864087,1.93577392734118e-18,1.88924090024163e-17
6.89757444612906,4.08630814414433,1.61375083945208,2.53218033679335,0.011335567507011,0.0210084011313747
13.7943702699982,-7.34472775584271,1.37379406219695,-5.34630914337854,8.97658397722241e-08,3.60602878768367e-07
9.20766079855726,-2.49548226217304,0.74163613136108,-3.36483371918953,0.000765898010684281,0.00179534984028763
571.9657863788,2.88652658710197,0.245412779609173,11.7619245081648,6.13204164901879e-32,1.34331415980304e-30
79.1030044531267,-2.25469676951525,0.311441562126601,-7.23955002704075,4.50175807412158e-13,2.97028241293613e-12
916.26040793749,1.06507249017587,0.175044338388769,6.08458691083381,1.16792035830167e-09,5.73137387756418e-09
412.917789929083,1.06702932915418,0.222150673358173,4.80317846002568,1.5616658044363e-06,5.46583031552706e-06
455.933932273828,1.35822362660897,0.19487428186005,6.96974281903644,3.17520894460001e-12,1.94537449422677e-11
245.113605445899,1.49280900175817,0.185778518533528,8.03542311318818,9.32565245352982e-16,7.57242979226621e-15
667.909782021924,1.00187997165051,0.190566715579182,5.25737124977746,1.46129130050767e-07,5.75631566629476e-07
399.418243123755,1.70581320407823,0.204444102760639,8.34366548628396,7.20225361105475e-17,6.29293034308801e-16
682.963729278035,2.42124175970324,0.175716771834831,13.7792296911711,3.39879383234796e-43,1.43740655826382e-41
289.999868506267,-1.20529148506405,0.288029830415283,-4.18460644623596,2.8566056695377e-05,8.47380834266175e-05
187.971541204538,-1.01191517276119,0.243221144484575,-4.16047369115709,3.17588201583886e-05,9.34805291273981e-05
203.443534836592,1.51589281882977,0.267925430550087,5.65789076355102,1.53244615555917e-08,6.82706443844575e-08
6161.14337592705,-3.59281647453092,0.152302545784428,-23.5899961883517,4.88223588737178e-123,1.48664082770471e-120
557.283817217968,-5.15806563883943,0.247888794679443,-20.8079822466747,3.66446327940684e-96,6.76260041563262e-94
304.688925726008,-1.71073848605413,0.225144350897702,-7.59840732948893,2.99797423342025e-14,2.20237190368267e-13
806.276755188353,10.7767485082954,1.19942646961725,8.98491802647508,2.58927241773472e-19,2.72343161036346e-18
8269.49626901139,7.35146376945442,0.205511264990121,35.7715854155625,3.05548785356237e-280,4.6519802570487e-277
1465.31706228982,-3.38274582611446,0.280312626206644,-12.0677611704181,1.56329651964686e-33,3.74821882072809e-32
509.599328817114,1.81676825500216,0.234080796963644,7.761287036648,8.40717984502172e-15,6.41600567120078e-14
294.051088354351,1.69217163920534,0.197084481464015,8.58602172345218,9.00326522054761e-18,8.3966133527006e-17
9578.90949498905,-1.74111617769276,0.137289959563324,-12.6820357674422,7.4374735604348e-37,2.13651952750226e-35
152.743876252891,1.00271258230311,0.270058669652428,3.71294350073496,0.000204862633461547,0.000531804534433428
2940.36100625774,-1.21327423536297,0.162936235880547,-7.44631314701816,9.59848208335189e-14,6.70352705133176e-13
37.4778101915674,-1.75325544882106,0.390388275697745,-4.49105559250581,7.08710481540453e-06,2.27160359609545e-05
62.9296156362935,-1.58392859246949,0.533920153019062,-2.96660199753304,0.00301110466539118,0.0063430049852066
93.3311340885844,9.93823632158408,1.24576440641276,7.97762102563334,1.49180603258316e-15,1.19540772874098e-14
456.103917334117,1.05302836238345,0.220021579007525,4.7860231125213,1.70118475040187e-06,5.93708603435381e-06
322.763091135237,1.35687427373474,0.203909487732517,6.65429690802153,2.84657519279343e-11,1.62318753971086e-10
483.552482347267,1.79320019111888,0.149874095549598,11.964710676272,5.43868285051643e-33,1.26331044548431e-31
2115.55959585853,-2.01822527714196,0.25058108222784,-8.05418054387238,8.00130409508023e-16,6.52315153133047e-15
563.598885883786,1.12585677618501,0.183464098596306,6.13665989585429,8.42745379063188e-10,4.18964845591414e-09
1190.08898135102,-3.62302122315275,0.181128673890145,-20.002471973875,5.24093319091464e-89,7.4226239843419e-87
8.03157815637315,-3.92899168008128,1.41160509867101,-2.78335044537622,0.00538006595949677,0.0106934078633601
412.270342696242,1.66415167231425,0.170139825265682,9.78108252853551,1.35750735379138e-22,1.7702826091198e-21
590.003218052964,-1.89102066285286,0.170290106835219,-11.1047006663911,1.1901545013335e-28,2.19637603427909e-27
192.245774037798,1.36236959265086,0.307906982600787,4.42461415179151,9.66148068676769e-06,3.05812980158083e-05
87.2330073399062,1.07246508590747,0.285356897284365,3.75832894215532,0.000171051916146223,0.000449786774322321
705.054486258592,1.51670184817053,0.22010558707451,6.89079213449086,5.54825612907646e-12,3.33552614275179e-11
574.343340431437,1.81675324439302,0.137050139440607,13.2561210941368,4.15855550002197e-40,1.51650317336131e-38
408.310982861057,1.04654534283717,0.185053792742949,5.65535743593692,1.55522274611068e-08,6.91336242614162e-08
477.175577727064,2.04555544962468,0.20573821319136,9.94251586953411,2.71872420435275e-23,3.68753461124906e-22
392.689351561626,1.19363612574617,0.190957571750784,6.25079233466567,4.08375574145408e-10,2.09697069691866e-09
1235.23837490836,-2.1935851943462,0.114123798431629,-19.2211022108624,2.46478301930212e-82,3.26315838859781e-80
716.299369621571,2.09433450161527,0.180243365090792,11.6194818076122,3.28120355619433e-31,6.91437012360673e-30
102.045028438745,1.15450946282329,0.306723549176081,3.76400659787788,0.000167212468517991,0.000440261103880055
890.214581345166,-2.45014266678077,0.134348676010404,-18.237192501927,2.61551995558739e-74,3.00538047726928e-72
233.895269861407,-1.91882406487434,0.314979111341175,-6.09190894184705,1.1157214597487e-09,5.49292133376683e-09
2434.40098116077,-1.11754305299113,0.240281405120995,-4.65097601884083,3.30367748017378e-06,1.10789624748119e-05
229.358967601821,-2.24260935169596,0.213449343775507,-10.5065179026955,8.06153132697607e-26,1.25561958519909e-24
760.048153521868,13.7885513575635,1.19490268719523,11.5394763986422,8.34315220312337e-31,1.71654719314261e-29
605.930976463123,1.13430294145501,0.131745874760112,8.60977957389857,7.32011919057216e-18,6.86895622042903e-17
389.166958412009,4.23535304304351,0.283924644193443,14.9171730234093,2.54843681624057e-50,1.49230578951011e-48
32.7909781151481,-2.93401291124761,0.496966642377695,-5.90384275534083,3.55130668651192e-09,1.67784776732797e-08
159.407456329803,4.28101084286369,0.349991045941164,12.2317724767832,2.10299049951688e-34,5.29223642233793e-33
541.015771593443,-1.87462813648479,0.148845020992731,-12.5944967724271,2.26399204455619e-36,6.29575869924528e-35
345.519741729421,-2.00415641009759,0.291038764614472,-6.88621810483709,5.72951268132123e-12,3.43770760879274e-11
174.516092823543,-1.50929348199319,0.20665898025566,-7.30330460416493,2.80784528819637e-13,1.89156834127388e-12
61.2695688997962,-1.06067960510388,0.337043808147199,-3.14700813207239,0.00164950374123776,0.00365157316762558
10337.313512825,-5.08685814036358,0.196695246252683,-25.8616221656358,1.80077492026013e-147,1.21852436270936e-144
1660.91789842761,2.15405751687153,0.183772879634975,11.7213025183591,9.91359116347518e-32,2.15620607805585e-30
15.0250602214209,-1.7525398837995,0.590416182804728,-2.96831275097202,0.00299439483612187,0.0063121718767678
923.423156121166,-1.05661195122701,0.148908288827741,-7.09572287442853,1.28677098415841e-12,8.17999508718653e-12
286.705447109137,1.30025179448385,0.178588100122663,7.28073031512609,3.32017822791036e-13,2.21952638945928e-12
4.39556540761233,5.52283738760499,1.88170867481316,2.93501191843811,0.0033353487656142,0.00697058132552864
259.517117322917,1.4167449294339,0.179371415925731,7.89838738866009,2.82534875298894e-15,2.22880491006511e-14
212.706086557862,-1.13136355293426,0.230574729328587,-4.90671096623938,9.26163608777297e-07,3.33550347572663e-06
269.513873387976,3.42408043919491,0.258158780197917,13.2634669119906,3.77053116719524e-40,1.38328522941078e-38
397.368653988625,1.00790843365314,0.183115515878533,5.50422190504993,3.70802263481596e-08,1.56818457264092e-07
82861.185483105,-5.45417464903144,0.136410132701916,-39.9836474094628,0,0
815.616185648253,-2.40397211510719,0.131198222810418,-18.3232063941974,5.40335111278266e-75,6.32815543785508e-73
91.8965331869039,2.76065583029896,0.366680492357206,7.52877747204952,5.12175831134374e-14,3.67824388161361e-13
555.476183138134,-1.49479826849236,0.197908955555701,-7.55295920942624,4.25478282521281e-14,3.07373990575872e-13
3781.08784780394,1.75442627433934,0.205156358934237,8.55165437451406,1.21336650965834e-17,1.12471872813079e-16
2347.82535504868,-1.15381974614148,0.267563731729405,-4.31231743810618,1.61552262674268e-05,4.93406860424421e-05
573.926882173304,1.30228609780579,0.176102935401536,7.39502777075476,1.41378723386416e-13,9.72877316862457e-13
101.828330504983,-1.17765140428774,0.288859305861569,-4.07690311646774,4.56394978623339e-05,0.000131602529347355
108.498679713504,1.54571259789818,0.316466600736466,4.88428350511894,1.03805626929204e-06,3.71213310627629e-06
40.7620885188098,1.60734865809496,0.465764073169773,3.45099321885454,0.000558527602473673,0.00134337800121037
502.407861781539,-1.0224991047048,0.220854996529738,-4.62973046012625,3.66142021548138e-06,1.22047340516046e-05
12217.4304657751,-2.13733228468077,0.0962089015769244,-22.2155356692421,2.43066125703241e-109,6.43596828492495e-107
555.735783348192,1.44693153231335,0.129873874828615,11.1410515334417,7.9178897868808e-29,1.47913953380687e-27
132.535943928487,2.802056675332,0.283341174751393,9.88933810199158,4.63079493478462e-23,6.18454849842946e-22
16.4878626870983,1.27170691087544,0.576562076409737,2.20567214339587,0.0274069637272771,0.046505547255257
339.400413763327,-1.97432945474245,0.20488764223796,-9.63615683785084,5.62547415609813e-22,7.04920526967852e-21
331.73399804483,-1.89976911584173,0.169994854827967,-11.1754506791649,5.37767013289217e-29,1.01080281201584e-27
1526.91608030783,-1.53717700534315,0.18787544212362,-8.18189428042283,2.79416148467033e-16,2.35684812211113e-15
844.819588407139,-2.08141067191905,0.192491994234378,-10.8129726651631,2.98826638054404e-27,4.99959952129484e-26
476.938576230064,-1.21013466641947,0.14168615851052,-8.54095191189495,1.33120608598662e-17,1.22834016116038e-16
1246.29381158137,-1.29877246020378,0.137240835799468,-9.46345490129126,2.9793299929498e-21,3.53686543022696e-20
1632.78490170856,-1.28904881922624,0.131406464398612,-9.80963018163248,1.02342940740461e-22,1.34615228749332e-21
661.286536602068,-1.00475688036459,0.162822173476574,-6.17088483043217,6.79088756343193e-10,3.41789299680169e-09
910.045456304597,-1.07832524333677,0.184591855764718,-5.84167291059263,5.16792002498059e-09,2.39335611803284e-08
13296.4746538012,-1.43350033501431,0.187731027427652,-7.63592654158757,2.24202134859576e-14,1.6610596122808e-13
1716.09729044216,-2.04854275021739,0.244440907653647,-8.38052341517242,5.26928483962981e-17,4.6305836469474e-16
183.38727059731,1.31225857819958,0.204987207554217,6.40166083462794,1.53695791137927e-10,8.22502080869924e-10
2815.07913670041,1.3798894127608,0.133690675434827,10.3215082747748,5.63312037938705e-25,8.40826056629097e-24
500.0908510051,1.61408427818929,0.148374429528501,10.8784531358838,1.46019808564631e-27,2.497923129659e-26
508.029058120385,-1.66592057304412,0.20057888153119,-8.30556317956671,9.93470912257693e-17,8.58189766758773e-16
3392.63167988389,-1.23409304314517,0.114195977856327,-10.8067995590687,3.19627371800147e-27,5.30389834949018e-26
1343.55562275914,-3.0526870233073,0.213419925546221,-14.3036645500383,2.07584438088144e-46,1.02779612029008e-44
3.67689255790477,4.90189467984099,1.81217894012728,2.70497276582229,0.00683099895971303,0.0132716801629616
20.2978077378699,-2.24252972813215,0.669138261737438,-3.35136974877113,0.000804128570085531,0.00187773887723193
245.966345327922,12.1773116870235,1.2010368003786,10.1389996402982,3.70877984345127e-24,5.26491124629795e-23
1082.08866040875,-1.07261343645332,0.118762537091833,-9.03158068797332,1.69209679614506e-19,1.80787184009183e-18
670.259006150465,-1.26797029340606,0.14936678826463,-8.48897072861754,2.08475220170316e-17,1.8809097642033e-16
1415.07242599291,-1.16359756500987,0.189394719821259,-6.14376982688858,8.05855949040687e-10,4.01937979496952e-09
549.460814887431,1.73384913223327,0.144119549833278,12.0306310576119,2.4527877695533e-33,5.8349521549139e-32
956.014176798932,-1.98223790102554,0.202405287643115,-9.79340966882576,1.20173571960963e-22,1.57050869794478e-21
54.6517469711211,-2.02054499997767,0.422373379092369,-4.78378870448602,1.72021515258536e-06,5.9931981002545e-06
1047.32258817981,1.20313701771235,0.124815626777312,9.63931399278159,5.45513045441132e-22,6.84984422007524e-21
326.518966351408,1.06490587629705,0.346309437306257,3.07501258002191,0.00210493674958922,0.00455870014402502
358.753800202264,2.52798916650333,0.186630909456479,13.5453938142697,8.4360256098083e-42,3.42502639758217e-40
1144.11984212361,-1.04612554672135,0.15658865623039,-6.6807236993092,2.37765137759893e-11,1.36089256480991e-10
148.422949585946,2.54866302009796,0.271188963223135,9.39810746649344,5.55532691056939e-21,6.48121472899762e-20
164.661971783703,6.91951245072884,1.01964812753522,6.78617678380413,1.15144047425175e-11,6.78169486285606e-11
186.009589690866,1.27238796091701,0.226528060357926,5.61691103038879,1.94401456379199e-08,8.54188217423755e-08
555.983724527916,1.28837760579202,0.174932321817275,7.36500603437822,1.77138854659113e-13,1.20668414415436e-12
148.645083926319,1.20995138587297,0.244203389242295,4.95468711399611,7.24467711079912e-07,2.63089347673027e-06
133.126664142061,1.68755347788147,0.267050599969371,6.31922743508169,2.62874154834533e-10,1.37890060546280e-09
348.212244887084,1.0616912490321,0.204549365110546,5.19039131927066,2.09852580768703e-07,8.124616763391e-07
18.2117273278226,1.19166850042094,0.524034184554326,2.27402817515505,0.0229642925465114,0.0397082741647513
32.4033461453599,-2.35712744347449,0.440581385911221,-5.35003865085999,8.79354492062674e-08,3.53950354042411e-07
452.979963443027,1.87371066241177,0.211016960666382,8.87943157030919,6.72028918578703e-19,6.77592071878196e-18
317.736773439778,1.55880792306396,0.263353024325322,5.91908115373815,3.2374519910258e-09,1.53313239699433e-08
197.208706785611,1.32633818449156,0.243302607961587,5.45139320784002,4.99767299651197e-08,2.07753095895958e-07
911.96210586151,2.38784835808664,0.198590812526994,12.0239618726675,2.65909169686879e-33,6.30111612215212e-32
3430.32530139472,1.08684476052798,0.121887029180612,8.91682050037906,4.79866559829042e-19,4.91984402248968e-18
685.519645485658,1.30139754738067,0.193184582168121,6.73654974312654,1.62191784285959e-11,9.39817284777823e-11
4642.03901241511,1.09540338801384,0.193389014330078,5.66424826047356,1.47670479662625e-08,6.60288708623633e-08
745.599293173965,1.44186782597499,0.208236983123942,6.92416786079153,4.38545658383241e-12,2.6548141745069e-11
47.3380139037797,-1.32541268304858,0.360836469000718,-3.67316720152791,0.000239562617351448,0.000617931528873493
223.082521497139,1.01069425515911,0.178557755122778,5.66032124711774,1.51089893408852e-08,6.74464643266513e-08
64.6029810696547,-1.1321097402333,0.369128596791876,-3.06697923182476,0.00216233880273019,0.00466973166972583
185.741031707297,-1.10105809501124,0.210469729956052,-5.23143206978574,1.68201846263979e-07,6.55373796383642e-07
121.522467998719,1.14901350837221,0.22294547309711,5.15378712296941,2.55277721824066e-07,9.8084626240288e-07
2407.82130684851,-1.58163673818544,0.180950436220081,-8.74071801773265,2.31633508751047e-18,2.23557538556874e-17
329.990911123401,-4.34968146553565,0.520018590670856,-8.3644730084059,6.03842087495418e-17,5.2912205940246e-16
1063.03987965704,-2.01524887237655,0.208440315640625,-9.66822980565369,4.11432860700709e-22,5.24189565202367e-21
294.982684918141,-1.5598539086384,0.170600848206984,-9.14329515376085,6.05777770474488e-20,6.62331530016092e-19
1032.49780873937,1.94621882095843,0.230871885914633,8.42986495843007,3.46064342830215e-17,3.08569816667059e-16
416.885479602574,2.7781009555925,0.235495773020249,11.7968187707285,4.05347355690658e-32,8.93886607796303e-31
1072.73357139243,3.6688390984433,0.466734471693045,7.86065594241381,3.82127062528305e-15,2.96830843213951e-14
241.730183203197,-1.87007138005837,0.252490461889926,-7.40650306574207,1.2967324641787e-13,8.94348890922796e-13
1587.63837412405,1.59550033370421,0.195244484704329,8.1718074450112,3.03803152424143e-16,2.5519464803628e-15
1417.20760335307,1.35724327729884,0.133370255759413,10.1765065199183,2.52462669310733e-24,3.61764154377026e-23
1843.82372850906,-1.64829257671867,0.156072663666397,-10.5610587914478,4.51539653946775e-26,7.10562401172057e-25
1461.73326459862,-1.47538829102265,0.107341209686634,-13.744845016465,5.46900443324551e-43,2.28124910948392e-41
1709.22986122622,-1.75432502650253,0.148392006614698,-11.8222340038683,2.99609576544802e-32,6.6349902587558e-31
5.4621005962392,-4.80897761054964,1.3883687993401,-3.46376093501623,0.000532679685732329,0.00128628837672874
565.658734856485,1.03230438141072,0.168857549625722,6.11346299705789,9.74919848155017e-10,4.82312093847608e-09
1160.87150115879,2.29330807663556,0.255582811546218,8.97285722291562,2.88920486421935e-19,3.02324014142541e-18
442.193730747991,1.53187493286975,0.244834726247361,6.256771481518,3.93028650107621e-10,2.0249953292347e-09
1185.48969985878,-1.15942442783616,0.267230016244776,-4.33867588727067,1.43343739103949e-05,4.42006770199014e-05
54.8755669508637,-1.34174526766278,0.370199691426813,-3.62438245826588,0.000289652712798323,0.000737143761363054
785.130887474324,-1.40961731082932,0.161834292147929,-8.71025103592269,3.03202561165602e-18,2.91706729462641e-17
422.554253897048,1.29322733303515,0.252862076066256,5.11435859878132,3.14808806231823e-07,1.19599852149208e-06
14.2220856968154,-2.95678386622597,0.821638388524226,-3.59864376777327,0.000319881000482623,0.000807994729547564
411.828134601183,-2.56627342720933,0.28699446696691,-8.94189164805474,3.82564595045423e-19,3.94884471835022e-18
470.925209349379,1.06939598468128,0.173308218217721,6.17048629129539,6.8080278237672e-10,3.42369029287715e-09
464.229264625618,-1.65062754464764,0.191600508256066,-8.61494345537772,6.99761223237482e-18,6.60704782870739e-17
1097.59768312558,-1.52588392893821,0.202825167373491,-7.52314887100962,5.34724778869507e-14,3.83565830779187e-13
113.912787385334,1.58620062873562,0.28642470410257,5.53793232921555,3.06063467469797e-08,1.30985700413989e-07
178.250459184885,1.50497897822005,0.177140055565513,8.49598343759945,1.96263985112498e-17,1.77864236508202e-16
34.3241814886903,-1.67351350284392,0.472820039769308,-3.53943014695493,0.000400991877787327,0.000991892987703014
245.177784624671,1.86636520485412,0.22404634146316,8.33026414386242,8.06621797625858e-17,7.00759878393934e-16
150.94630845972,3.07659997808163,0.225826398163641,13.6237393108144,2.89364022411105e-42,1.19879380713172e-40
22.4331346546999,-1.03432855923419,0.434366074500642,-2.38123697948392,0.0172546077947273,0.0306178792161683
14.4677258884602,-3.2627309442565,0.759489262230495,-4.29595401345688,1.73943641864668e-05,5.29129260217698e-05
238.539915475022,-1.62463988817953,0.255341256380977,-6.36262197188972,1.98338420684332e-10,1.05307844984096e-09
373.276858216512,1.58826251402623,0.164458436335712,9.65753140680533,4.56737043386051e-22,5.80694904847818e-21
41.5333842427124,1.84132846450479,0.393484848518952,4.67954095674944,2.87517922117988e-06,9.70074318946564e-06
644.257612598001,1.88715273791852,0.455390959773638,4.14402766988736,3.41258541060292e-05,0.000100109080686762
1865.05078863382,-4.35901547127042,0.198005198396961,-22.014651668546,2.08466570251499e-107,5.28983922013178e-105
3670.22322104923,-1.00735599898197,0.172250321444884,-5.84820969001381,4.96891924857231e-09,2.30645718169248e-08
8.44386779326158,5.00640246008836,1.39060432582149,3.60016315721645,0.000318017566513557,0.000804288612984867
8.09073795053996,5.67089561700993,1.50731809762534,3.76224210798237,0.000168396914125608,0.000443188075637404
717.392257120465,-1.55208594369689,0.196017021254484,-7.91811820097936,2.41132082463889e-15,1.91709449374032e-14
656.188949251399,-1.09660730928058,0.154092831902641,-7.11653680278543,1.10672634769706e-12,7.07979354776798e-12
1099.71095811584,1.74060294846614,0.220831908467786,7.88202647227515,3.22113757083082e-15,2.52792884102573e-14
1816.80186687451,-1.12975473965671,0.170126456814511,-6.64067635810749,3.12246979103018e-11,1.77718140442746e-10
853.043718626551,-2.2734439509559,0.228255972081437,-9.96006338946866,2.2791734845378e-23,3.10518266685351e-22
108.761593504117,-1.19933546995034,0.382089974313961,-3.13888233289484,0.00169593533223404,0.00374619012452133
2082.01059684942,1.61519760321528,0.201313008334074,8.02331462125338,1.02929272800849e-15,8.34672798078789e-15
330.139906246331,-2.75864481436358,0.261572256546949,-10.5463968189166,5.27826186915793e-26,8.28469453174531e-25
11776.2506225503,-3.18389910898583,0.122067350721043,-26.0831343531155,5.66479286869546e-150,4.31232357129442e-147
309.781517882373,-1.22416913828843,0.245390583312752,-4.98865572493551,6.08008894753086e-07,2.24138872218298e-06
197.718320361976,1.61869395462292,0.251818739204517,6.42801230653562,1.29283277116857e-10,6.97992161029839e-10
148.053877050279,1.02966059072197,0.267854918701765,3.84409812488236,0.000120996588237843,0.000326192661517691
1714.21779940395,3.73721654474801,0.184807016942197,20.2222654019512,6.23530999847844e-91,9.73667638223941e-89
331.125420695356,1.80946441077369,0.195964452269967,9.23363594679361,2.61597769910661e-20,2.93935501615484e-19
51.4675272981346,1.42075177059081,0.413033611135527,3.439796985734,0.000582150687018636,0.00139337404465189
127.858632979117,1.39669991541723,0.273115401198987,5.11395516065981,3.15482275390563e-07,1.19780988599035e-06
67.5873244258144,-1.22252006543996,0.454221653000272,-2.69146144259051,0.00711397211008342,0.0137545090067275
99800.6408923798,-4.34017871008165,0.201849793942708,-21.502022000149,1.49050465328858e-102,3.24184762090266e-100
76.8073385952223,1.31720843635019,0.27715888781787,4.75253904617977,2.00877960651778e-06,6.9350724510733e-06
449.131683759275,1.16870912566626,0.192604393977408,6.0679255625048,1.29572930800023e-09,6.31690173358434e-09
315.373354799077,1.41539245795447,0.24876471082245,5.68968344937266,1.27275090340842e-08,5.73302736816368e-08
1865.42146968215,1.11830103206272,0.180279640141654,6.2031465737563,5.53452479211121e-10,2.80643263813133e-09
573.872338438174,-1.062374003432,0.152223706236291,-6.97903125406051,2.97222358976228e-12,1.82468161911818e-11
267.684021836988,2.63518959045941,0.244974453247244,10.7569975380241,5.49307826795444e-27,9.04130990590338e-26
1815.79828196873,-1.06254687343044,0.173241599409954,-6.13332408064451,8.60615770146973e-10,4.26803749201552e-09
491.587088979409,-1.741768603692,0.163411244903299,-10.6588050578938,1.58622321535576e-26,2.5354591552537e-25
297.36149865063,-1.04680936507443,0.174231534243873,-6.00815099067659,1.87651045316368e-09,9.03395150969709e-09
2103.5477375979,-1.85904771896196,0.168898218654292,-11.0069113444419,3.53929969842977e-28,6.35821096266587e-27
3057.09071055972,-1.39252114554142,0.197588409750931,-7.0475851660366,1.82049405383271e-12,1.14179287207428e-11
28.6194633824352,-3.6046957874532,0.637014200679783,-5.65873693805647,1.52491082402671e-08,6.79846772937238e-08
280.428023573028,1.46385537323202,0.200612875852784,7.29691634701572,2.94437725528667e-13,1.98135441819843e-12
84.0792981907888,-1.63702824592887,0.280759310602584,-5.83071757234115,5.51895266520486e-09,2.54817450576934e-08
669.756912795927,-1.38244866901362,0.110673566098741,-12.4912272889104,8.33577431946948e-36,2.26628864310576e-34
1044.78046480857,2.69262375463957,0.21980601036779,12.2500005806672,1.6799471843238e-34,4.2451777396398e-33
606.605257716153,2.38125748102438,0.18733692394467,12.7110952335679,5.1310719148194e-37,1.48801085529763e-35
1623.61213723479,-1.40891427229221,0.139613833773958,-10.0915090876547,6.02362553953078e-24,8.43307575534309e-23
51.3430386794582,-1.39306248119229,0.392019200891165,-3.55355675952984,0.000380059173799165,0.000944333075657656
122.095897944708,-2.45871699795762,0.213392510303927,-11.5220398056884,1.02163409055092e-30,2.07391720381836e-29
449.65421097675,-3.08345313195266,0.19461216633722,-15.8440923298172,1.54434778938949e-56,1.08104345257264e-54
40.3645836185115,-1.58644526016596,0.423509302617756,-3.74595138845822,0.000179711391583037,0.000470323323910913
840.044604106788,-1.02727154327881,0.14288272870197,-7.18961313666907,6.49751606416584e-13,4.24443207645306e-12
1295.58201024224,-1.70648753397075,0.197829263060613,-8.62606222946858,6.35004776859005e-18,6.01427541379679e-17
1304.23688325715,-2.68661414196005,0.407588822717093,-6.59148139551616,4.35459400227817e-11,2.45096834324159e-10
4235.94951930047,1.57132351297606,0.144132304455725,10.9019523340706,1.12810381473314e-27,1.94621876252827e-26
616.406976518215,-1.1109515094153,0.175910082230722,-6.31545102661132,2.693746837394e-10,1.41056906618482e-09
3657.44543057839,-1.31436387390283,0.137533487002188,-9.55668254002691,1.21591850305125e-21,1.46923485785359e-20
1972.0325870371,-1.91609220910453,0.527822210355964,-3.6301848833006,0.000283218281207559,0.000722277777451437
2592.34259434175,2.73827995619412,0.726777617702414,3.76769989814867,0.000164758598160045,0.000434739975214331
256.740213398552,1.42035649212944,0.225898338023373,6.28759159787388,3.22428775681902e-10,1.66972044549556e-09
244.568808152023,1.04152641626186,0.22091882506558,4.71452089224487,2.42280145677987e-06,8.27530054503051e-06
1930.85421007166,-1.19934973763966,0.152563532022265,-7.86131339345651,3.80126404597301e-15,2.95653870242345e-14
52240.9805949855,-3.26805112904738,0.206845788688423,-15.7994569276444,3.13808264022998e-56,2.17169582715915e-54
27.1367253307616,-2.38006221217815,0.520017476233519,-4.57688889499814,4.71941945177283e-06,1.55274254247956e-05
6212.21173089967,-2.38497078321088,0.172934754571962,-13.7911594989337,2.88091906188725e-43,1.22690888719534e-41
1120.1720612244,-4.1149193473499,0.169138166983455,-24.3287450771086,9.73372157762212e-131,3.48696261221875e-128
3254.79246680726,-4.95645254652936,0.198087109653271,-25.0215804309784,3.5604191112208e-138,1.35518452420842e-135
1510.44291297407,-1.31587744563769,0.154242203830895,-8.5312412099633,1.4478579402179e-17,1.32394217055961e-16
83.9788449006949,-2.02548783254654,0.493935848532673,-4.1007103221271,4.11883892505451e-05,0.000119219244551245
1164.0596437115,1.05084454085686,0.179253464941611,5.86233879048949,4.56392630506481e-09,2.12820146997279e-08
696.045686500599,1.49689097648052,0.431724769192233,3.46723441251991,0.000525843098584426,0.00127230213364289
236.482814966153,-1.2433597816863,0.253278582623398,-4.90906009030799,9.15139364679343e-07,3.29970321545127e-06
584.053938542589,1.93471710458647,0.149304276022241,12.9582163092118,2.11099195458164e-38,6.62677371309392e-37
162.622388143691,3.53129035261871,0.346427234275988,10.1934547957781,2.12090299095093e-24,3.05349863236198e-23
223.088343563326,-1.31196776829408,0.215185298482778,-6.09692101432795,1.081309132528e-09,5.33212357659557e-09
671.348999178218,2.7010347784256,0.167638983556233,16.1122116176489,2.09398582683174e-58,1.5551675226104e-56
44.804547205097,-1.38692239202985,0.397830902458895,-3.4862108083048,0.000489914769173469,0.00119200197533617
733.090162434159,-1.5080864939868,0.239476081042769,-6.29744101131114,3.02599455302806e-10,1.57104065029334e-09
499.941577185823,-1.73582535119756,0.186563571887951,-9.30420303187642,1.3500095462654e-20,1.5253354613648e-19
16.1491481683397,2.53611022185313,0.885472624222942,2.86413171054127,0.00418154099678056,0.00853976682441099
494.154587886612,1.50252729110604,0.466608579486425,3.22010215234321,0.00128144924996358,0.00289681734679962
255.075225039869,2.62706522828705,0.347249163989314,7.56536084380002,3.86789383466891e-14,2.81091568653147e-13
526.062479421027,2.92439957101619,0.476833142847977,6.13296205366442,8.625772833228e-10,4.27428450401615e-09
52.9923168994094,-5.33284065750058,0.614662789511267,-8.67604278069418,4.0977807117467e-18,3.92381832304048e-17
366.932691970308,-1.72908499323373,0.210641036366375,-8.20868062112206,2.23632204634064e-16,1.90478339331671e-15
382.706349611668,1.06970582946519,0.253433046414806,4.22086166187793,2.43370261216893e-05,7.29751300251541e-05
249.529455864454,1.47988819817491,0.26996092988281,5.48186064856619,4.20875698452607e-08,1.76645968544202e-07
53.4475649991841,-2.2205037830162,0.382018596269651,-5.81255416542299,6.15267660616221e-09,2.83218446950324e-08
922.559644852408,1.29531453481287,0.135896021005051,9.53165902307563,1.54789463354433e-21,1.8629799047994e-20
456.396954806381,-1.17007303303862,0.322062883337607,-3.63305768399298,0.000280082372632424,0.000715178888608579
1000.56298858213,1.77422482819256,0.230481681053533,7.69789954708143,1.38321038663764e-14,1.0386869611126e-13
338.715055314114,-2.05647476318867,0.223129651737949,-9.21650146975472,3.06951857128241e-20,3.42997579800181e-19
59.3283581090386,-5.14413706580563,0.877463889228581,-5.86250571556634,4.55933911808492e-09,2.12769158843963e-08
59.1295312244407,-2.18604097861031,0.486441770134343,-4.49394174765579,6.99167615744404e-06,2.24574408221699e-05
1364.68455018911,-1.01716964097846,0.173225206216114,-5.87194937271109,4.3070028813567e-09,2.01301976573003e-08
1098.42206635719,2.3281760807347,0.113432447158254,20.524780510876,1.29346149722035e-93,2.18810569946442e-91
196.628782318002,1.39219069393074,0.231648670123271,6.00992310117684,1.85611346649027e-09,8.94282516687163e-09
358.170043677653,1.08701485315047,0.192854745926843,5.63644336532334,1.7359809112501e-08,7.69441320925261e-08
655.484899190409,2.99843453533359,0.180481396178481,16.6135380090277,5.56141794257824e-62,4.63959387264404e-60
555.906439141125,1.94350092819523,0.166482515995287,11.6739041128514,1.73284423268187e-31,3.70281451825705e-30
449.628818592566,2.02163997336561,0.214645854030033,9.41849066920596,4.57618593572773e-21,5.35941775934267e-20
868.312839289989,1.13969894735329,0.186212608959909,6.1204176973787,9.33303794184981e-10,4.62099195657442e-09
1298.49582515694,2.06748386352285,0.180668641702686,11.4435125212552,2.53413751263938e-30,5.09336549570094e-29
268.985727770887,1.26772840193456,0.227393910557222,5.57503232530734,2.47483906668379e-08,1.07262286959822e-07
936.444338095993,1.34480439857559,0.144444837164289,9.31015898509425,1.27641145008824e-20,1.45296181888549e-19
168.654863843946,1.50273863890494,0.224310401401012,6.69937118171536,2.09318293536255e-11,1.20486616978809e-10
500.58033317548,-1.1925977294394,0.23982769367594,-4.97272734086691,6.60174818080162e-07,2.4175974997644e-06
1377.52391059058,2.04057847022532,0.155950328485286,13.0847975124198,4.02230633323267e-39,1.35336163366779e-37
7.4414425343684,-4.64309336862312,1.11983208145096,-4.14624071370334,3.3797851145691e-05,9.92424848009923e-05
237.0273080324,-1.19340994789472,0.202882135758179,-5.88228206211897,4.04647973648313e-09,1.89854095494471e-08
370.760107999802,2.08853544002532,0.162492603886548,12.8531107882518,8.26197487018442e-38,2.54118317976884e-36
862.837952068259,1.79656345967305,0.199622417201797,8.99980816211096,2.26112431879273e-19,2.38652462763392e-18
18.8573063421831,-2.29778220256651,0.586731801809663,-3.91623940526053,8.99409365241287e-05,0.000247734194225212
1022.20996992552,1.66772815678843,0.182713666674079,9.12755015618666,7.00668511454908e-20,7.61977006207212e-19
604.243651288588,-1.33964754747841,0.218172053583564,-6.14032606593814,8.23522627939826e-10,4.09742876156335e-09
301.609787736169,-1.23276081906039,0.19714055481573,-6.25320761734014,4.02107004375038e-10,2.06826998027363e-09
1150.11627800769,-1.27064086751904,0.177197762172756,-7.17075008137097,7.45879587551916e-13,4.8323475406289e-12
443.488326773754,-1.38688525971227,0.211626473268703,-6.55345826205464,5.62196516666442e-11,3.12103626845819e-10
638.604784530089,3.97165756797194,0.216217599356015,18.3687987462685,2.33523223006236e-75,2.78854201589799e-73
258.72807724058,1.6248924678606,0.166412417949925,9.76425009550393,1.60293452358751e-22,2.07699388269105e-21
231.011575005233,1.50285092960182,0.226756298093186,6.62760391768355,3.41179445250858e-11,1.93642387845081e-10
306.272344505593,1.5339629414074,0.164222314883884,9.34077042143763,9.56356655781486e-21,1.09272270801299e-19
252.373564485911,-1.25246446209428,0.257691249995202,-4.86032980210853,1.17190357417572e-06,4.16874577495917e-06
124.556540587514,1.01437295340526,0.267097599462288,3.79776140050439,0.00014600876658974,0.00038863347400853
1258.51877339105,-1.59400292419204,0.120800215479577,-13.1953649077846,9.33019758163836e-40,3.28444527584842e-38
296.735733530157,1.89817636365144,0.202854215403315,9.35734246329309,8.17674051516701e-21,9.48501899759374e-20
229.561788123699,1.56757088915997,0.222450893946559,7.04681766545997,1.83055932512141e-12,1.14692451543101e-11
1276.99168449788,1.12754188481364,0.230336635897006,4.89519125093853,9.82101698565049e-07,3.52030567643387e-06
221.769519019947,3.51481262251718,0.280446062724445,12.5329362386902,4.93029296724588e-36,1.35249928696069e-34
1087.29601017652,-1.20673325287531,0.194090784126532,-6.21736502485666,5.05572719718361e-10,2.5743627617766e-09
2747.82886806148,-2.15538578917813,0.230603987680004,-9.34669782106732,9.04268437350851e-21,1.03514939538847e-19
2990.05992991469,-1.69524529541515,0.153067095879841,-11.0751777556813,1.65551298758793e-28,3.04594383516934e-27
176.927976591684,1.46747802666846,0.2383830458318,6.15596642600116,7.46210320484528e-10,3.73105160242264e-09
4155.87444229871,-2.37879419803164,0.503327205960667,-4.72613872220834,2.28829353081416e-06,7.84226651809694e-06
1939.42725126975,1.15445974922705,0.144580794601166,7.9848762237868,1.40663375935503e-15,1.13162478130411e-14
146.936980358901,-1.23809008335367,0.345708733019817,-3.58130982847547,0.000341875940606866,0.000857859282363334
354.08690644964,2.09741951961482,0.181916280830256,11.5295866320613,9.35920084249125e-31,1.91266889700576e-29
809.235079226428,1.04477357476605,0.138942569435031,7.51946346619554,5.50014846418761e-14,3.93777668945485e-13
89.8469342466102,-2.48815778521923,0.417100318347052,-5.96537014183943,2.44080100138248e-09,1.16219531653005e-08
532.174248853629,1.01997396507855,0.216952295378118,4.70137438878387,2.58416211074544e-06,8.80176020941819e-06
24.9243387024947,9.20286084975736,1.3077942351803,7.03693333568535,1.96516814173603e-12,1.22747425468435e-11
474.081951094735,-1.12804783677949,0.150464194495711,-7.49711810547491,6.5236195679453e-14,4.62501084619172e-13
1135.95772965596,2.35549112377413,0.167001014915533,14.1046515493664,3.55541065361805e-45,1.66557314465646e-43
28.3230851465921,-1.48348916749573,0.453102569265423,-3.27406920225763,0.00106010646011924,0.00242891209259826
381.424515647141,1.39684175625588,0.226099120422154,6.17800614901912,6.4916187022869e-10,3.26997170363335e-09
30.5741137692754,1.06914908220067,0.477800181847327,2.23764896460902,0.0252439558042135,0.0432449200696653
118.507454230556,3.84351905844104,0.765695354065625,5.01964526496477,5.17669861647198e-07,1.91881281645249e-06
1134.87018057277,1.74300546188356,0.146312842673331,11.9128671826514,1.01428496139372e-32,2.29628082337835e-31
247.715533467219,2.26845796448392,0.325867524187222,6.96128885546942,3.37173621782483e-12,2.06370588608575e-11
20.938747460316,1.56197490951827,0.506175536142756,3.08583643022556,0.00202980450286813,0.00441956003663458
885.163282914074,1.20106050858339,0.212462324786279,5.65305171065771,1.57623859485092e-08,7.00167253292641e-08
1982.11470813183,-1.14938642130646,0.146791698317449,-7.83005057153044,4.87673766004007e-15,3.7641739353161e-14
173.047289742746,-1.6396743762158,0.306295889311326,-5.35323663632063,8.6394745418021e-08,3.48209132756948e-07
118.203000150873,1.67637360228952,0.385045007836066,4.35370818520842,1.33853859537989e-05,4.14844786049035e-05
581.10181158859,-1.12895288372999,0.129830426078704,-8.69559561520357,3.45015134049608e-18,3.31410436334718e-17
2441.54909361235,2.24457520797025,0.111409986925428,20.1469838558786,2.86017987796851e-90,4.24841352605566e-88
503.936095932012,1.0711733935161,0.277375454553818,3.8618175326262,0.000112546612646469,0.000305576848424875
1347.79940238589,2.63333887709495,0.231806773926517,11.3600600728334,6.60991702902833e-30,1.28198709257269e-28
663.155089427788,1.2624335679623,0.210545525041856,5.99601234797713,2.02221651250248e-09,9.7123805687225e-09
157.399976229897,1.47231063707674,0.347396228190969,4.23813074984621,2.25388502011956e-05,6.77500482355779e-05
172.409311898588,1.80255572179132,0.240489254489603,7.49536907841034,6.61120657448185e-14,4.68165674867378e-13
824.339090246533,2.08756616125198,0.157717912173747,13.2360752972196,5.43137829237405e-40,1.96887463098559e-38
41.0326594395726,1.24128446777567,0.379352531474702,3.27211331093609,0.00106746784660379,0.00244302111454983
529.674520817604,2.35228802994673,0.159304236127157,14.7660105414217,2.42657697576716e-49,1.36831979466871e-47
1879.86877695458,1.14382445490095,0.136540819901581,8.37716117220782,5.42195763431752e-17,4.75788501339967e-16
1148.38123132715,1.49196932377321,0.202890374371514,7.35357371385816,1.92976504197002e-13,1.31017492816025e-12
2978.33732909718,-2.23767683138688,0.272878076815865,-8.20028071693294,2.39826333594923e-16,2.03701864936273e-15
677.413025418754,-1.07724026246572,0.145832953415429,-7.38680961495051,1.50393697025536e-13,1.02909844369159e-12
165.057364268485,-1.60760213807916,0.263672402187396,-6.09696777039494,1.08099303428897e-09,5.33212357659557e-09
387.793527208248,-1.08111769434058,0.15891148833164,-6.80326957912788,1.0227101187642e-11,6.04103261229289e-11
1234.35565981616,1.6034154026572,0.187805277046979,8.53764829119316,1.36981116584904e-17,1.2582428355989e-16
484.015309119337,-1.2950517032507,0.207672023091016,-6.23604317989007,4.48777273376638e-10,2.2947553273415e-09
71.8815354050019,-2.6418412934888,0.4224371293663,-6.25380940698047,4.00559809746347e-10,2.06205345845752e-09
731.32347649729,2.27226033095773,0.206912727558143,10.9817330126259,4.67861105356303e-28,8.30692166653028e-27
69.8684797351105,-1.32082669942457,0.366867909549493,-3.60027864264966,0.000317876347344867,0.000804265457137615
610.60162695208,-1.8038988008924,0.162383177195027,-11.1089019937445,1.13547090059532e-28,2.10182911386794e-27
769.347537767923,8.21582244858532,0.491335443472217,16.7214121385686,9.1524577655172e-63,7.85048842140841e-61
41.7305306369015,2.9090073058026,0.487538821715214,5.96671931799893,2.42071292544063e-09,1.15353221564424e-08
214.762248942252,-1.79886550675354,0.270823621623214,-6.64220312826417,3.09028666041062e-11,1.76050942580923e-10
235.398165328917,1.51361079211778,0.231595930491219,6.53556730857656,6.33688748098243e-11,3.50833134174391e-10
1734.37372954065,-3.09941086106034,0.420696867539195,-7.36732574024117,1.7408476318218e-13,1.18720739952909e-12
227.828729019021,1.10735086748844,0.175490480211117,6.3100338329252,2.78974475507822e-10,1.45707937893879e-09
2329.2203100498,1.82877096932808,0.211263364740855,8.65635635204115,4.87084226410146e-18,4.64216422353332e-17
647.377470621218,2.61372572012188,0.145513829215926,17.9620434305485,3.86320283414398e-72,4.05636297585118e-70
1396.99375701211,1.07860034558406,0.184961429168704,5.83148795092982,5.49352793372436e-09,2.53836002400465e-08
1683.12688545978,-1.25550651391525,0.201691012123589,-6.22490065717911,4.81861234879642e-10,2.45979456866473e-09
266.268065739467,1.1081863705717,0.234759310884471,4.72052148388292,2.35240759387991e-06,8.04840575658913e-06
86.0316528750233,3.24577860593956,0.378529770881589,8.57469836092469,9.93468225110783e-18,9.25110319713252e-17
7205.43059307143,-1.70450060738721,0.164045812152589,-10.3903939089999,2.7421823683958e-25,4.16456125275073e-24
347.509732976072,-1.49767136992769,0.456330066158431,-3.28199143776715,0.00103076734979948,0.00236703362001464
1572.9357946362,2.46108959215535,0.216242741244031,11.381143144953,5.19147234404086e-30,1.01708115178844e-28
233.802588449139,-2.47336135992688,0.297832674973178,-8.30453327577177,1.00212581111374e-16,8.64439970210009e-16
1075.98219517035,1.77146916342755,0.224058652130367,7.90627430177,2.65206460535903e-15,2.09754200605669e-14
503.37318816742,1.27030307356528,0.153663477272494,8.26678594102506,1.37618736978477e-16,1.18208477884192e-15
634.978214578541,-1.1105666380816,0.205090635846357,-5.41500412000075,6.128729468131e-08,2.52018652673314e-07
392.20368814146,1.09664908363248,0.160001312350826,6.85400055486992,7.18128026607859e-12,4.27507300297347e-11
100.773643797153,1.61775085399267,0.305636149444038,5.29306123289215,1.20285621777035e-07,4.77535486715868e-07
152.521960982336,1.31938239928922,0.265017578277285,4.97847126921057,6.40884544724328e-07,2.35687613367823e-06
221.315436088519,-1.00188796031518,0.335151709796414,-2.98935655415207,0.00279565683400366,0.00592811633672781
212.503884190882,1.07975317881974,0.205404522811126,5.25671569468117,1.46650755082536e-07,5.76939986080519e-07
2356.71790468332,1.05636251427841,0.129201060548458,8.17611333679578,2.93146270047926e-16,2.4658298129722e-15
52.3800951991724,2.69118325732361,0.360241263811763,7.47050248727152,7.98891607898564e-14,5.61807146894025e-13
174.10669632517,-1.13127155183144,0.331934862906741,-3.40811309160157,0.000654137779318313,0.00155188900508318
116.156183693082,1.72536315286385,0.301364631415517,5.72516802904102,1.03331416533727e-08,4.68220481168452e-08
268.07252443839,-1.38785419235405,0.195225886898214,-7.10896600038315,1.16915541590379e-12,7.45566123859066e-12
6155.12678615387,-1.75516434503048,0.121524177956028,-14.4429230014258,2.77806126896239e-47,1.42171370823369e-45
1699.70239122456,-1.94755436866249,0.137974931920352,-14.1152768952751,3.05812402230635e-45,1.44371901518183e-43
90.9572335046145,-2.35661354876538,0.341911775120229,-6.89246092193433,5.48353586603365e-12,3.29987484428309e-11
592.395923811928,-1.6386341797361,0.23714602823454,-6.90981076906535,4.85300620400801e-12,2.92911870985221e-11
181.47812545644,1.03862110071554,0.207036166565744,5.01661674838696,5.25893247001762e-07,1.94692393570865e-06
1488.3624218783,1.55356911324079,0.197879321744859,7.85109378555444,4.12424393532564e-15,3.19550198042406e-14
17812.4998183474,-3.80333686342648,0.121178861011888,-31.3861413753786,3.12762679987785e-216,3.17454120187602e-213
304.978257825334,1.0157565277221,0.209023214263766,4.85953931624226,1.17659215683773e-06,4.18298087282064e-06
128.18662825903,4.86978851664848,0.316413989467351,15.3905600850526,1.89385851468311e-53,1.2014164952521e-51
21100.4045445018,-1.61593909184353,0.285673229534993,-5.65659965574613,1.54401343618655e-08,6.8685477183171e-08
16.4530743133371,-1.91206278753325,0.605349986363628,-3.15860713736714,0.0015852502927825,0.00352085130672699
227.549704419447,1.63163536657683,0.220799981619258,7.38965354349704,1.47211883660818e-13,1.00959501294412e-12
40.2875913993976,-1.85194016227799,0.419590320334091,-4.41368657123314,1.01625058643798e-05,3.21171046777752e-05
314.393997752609,1.28961961941342,0.209461601561118,6.15683070215201,7.42151099616687e-10,3.71991785733796e-09
18.4047558610099,-2.51034284088803,0.705706387777993,-3.55720577900983,0.000374820539179441,0.000932457958988071
32.957514268057,4.36670251197903,0.611973445926465,7.13544442335777,9.64749346129067e-13,6.19864269576599e-12
239.823218924113,1.6447579649372,0.297734914256644,5.52423611131961,3.309221972358e-08,1.40734370193158e-07
35.133916695647,-1.6187948292488,0.585985227453054,-2.7625181547405,0.00573573718480798,0.0113448000829752
540.005048609626,1.96459461844262,0.145130144655868,13.536778476319,9.48585565659734e-42,3.82575238070714e-40
5.08629841339126,-3.56600745894137,1.23231237128117,-2.89375286822283,0.00380667639766404,0.00783462631354308
1828.95037625375,-1.61302618592857,0.139161390596063,-11.5910467624646,4.57506812681896e-31,9.50927129430971e-30
1022.25339545543,-2.20311742422203,0.246156162722917,-8.95008030614266,3.55223835788374e-19,3.67910401352245e-18
480.925377578064,1.17169791687684,0.161003946294737,7.27744843428808,3.40192969926857e-13,2.26919516632482e-12
148.859010233085,-1.64632798414696,0.269490639685156,-6.10903586881665,1.00234801500192e-09,4.95478848324815e-09
1100.25865072644,-1.54673154838256,0.15924939592987,-9.71263683200224,2.66355724915887e-22,3.40778648054149e-21
1736.52948058776,-2.45001130403354,0.153784871673206,-15.9314195042528,3.83550124927102e-57,2.74802383624241e-55
549.120219092619,-1.08492577794989,0.168944079023565,-6.42180409174659,1.34668667841762e-10,7.25780696598522e-10
3197.58818339174,-1.17531398528686,0.102762355153416,-11.4372036679406,2.72528285476649e-30,5.4416303559108e-29
370.469693089165,1.26503063295357,0.226320722977226,5.58954839093928,2.27660918394205e-08,9.93162602450366e-08
104.223803389511,-1.46177190057632,0.355430493224591,-4.11268005542971,3.91092225555955e-05,0.000113621068502311
45.5999103227579,-1.72063745119099,0.363430394347576,-4.73443464815276,2.19666534009498e-06,7.54948754016842e-06
2040.23485230237,-1.06996813745186,0.1729989324044,-6.18482508869316,6.21713658089061e-10,3.13689824172526e-09
811.671897646174,-2.20072252538286,0.241539228059871,-9.11124268740878,8.14436742080612e-20,8.82547999870272e-19
5356.34852476215,-1.17443803590954,0.09033618739003,-13.00074831406,1.21151965086613e-38,3.90378554167976e-37
990.60572244909,1.23134395469178,0.241229203477034,5.10445641300227,3.31746723984382e-07,1.25486804289744e-06
1255.47144842317,1.9829926586366,0.189824373373649,10.4464596584407,1.52097358119681e-25,2.35094647448948e-24
309.467075308221,-1.1663514997182,0.46922957583026,-2.48567345239149,0.0129306556222365,0.0236266704888749
2307.34468311809,3.6047493458901,0.56910516772142,6.33406538957075,2.38784236114924e-10,1.25904415406051e-09
208.850173886349,-2.81758804915804,0.214720940228353,-13.1220925456156,2.46045935022959e-39,8.37106002396547e-38
1247.90664808348,1.29528347676243,0.188605139091325,6.86769980395519,6.52453355625115e-12,3.89553032917348e-11
63.438329260969,-1.44227699784665,0.301085337923658,-4.79025982398502,1.66565488526857e-06,5.81642101564539e-06
976.671285200182,2.29296275207129,0.231694617900534,9.8964869052576,4.31155016376359e-23,5.77084406534512e-22
1073.75163676087,6.83034132107742,0.269246509277375,25.3683560816043,5.63781317467854e-142,2.45244873098517e-139
2684.51495976206,1.08560598349241,0.159793914129932,6.79378804507958,1.09226827391878e-11,6.44565289550908e-11
344.16408769445,-1.95784188104336,0.204623384135705,-9.56802610470429,1.08966132282812e-21,1.32455837445574e-20
879.562351011923,1.88104649046425,0.121955485962803,15.4240416133308,1.12817484984224e-53,7.2321945637255e-52
689.186565019659,2.49036731229829,0.193209703113308,12.8894526111756,5.16088163490408e-38,1.6035596508452e-36
36.4816626338489,9.82086029527702,1.29623259278157,7.5764645557959,3.55098657879712e-14,2.58678328527206e-13
307.777828296156,1.73775688173311,0.239786112479536,7.24711228587694,4.25751002607058e-13,2.81522649932354e-12
437.052447185022,1.06026236820644,0.194825276273073,5.44211915665575,5.26504366655227e-08,2.1797495533177e-07
707.201672210479,3.15842560253451,0.147649780293985,21.3913328976568,1.60895046534504e-101,3.37879597722458e-99
2656.03589298591,1.08431376969146,0.230675869055218,4.70059470950516,2.59404909577837e-06,8.82556368340239e-06
222.125538271394,1.56575986941502,0.18838906478152,8.31130974205364,9.46515082101709e-17,8.18789325284007e-16
37.5116962238883,-1.54185972108673,0.393153851985943,-3.92177187963012,8.79001918330561e-05,0.000242222700571634
159.125901786429,-1.51578009659321,0.216902270444432,-6.98830903654159,2.78219029271036e-12,1.71319907811993e-11
580.823020860038,1.91977691412526,0.165206604295863,11.6204610724109,3.24380879731625e-31,6.85930401932498e-30
1307.99340561083,2.37742638062992,0.201075021298004,11.823578907429,2.94850180550144e-32,6.55342189616926e-31
106.603682539997,-2.06080299423818,0.265071084840053,-7.77452959639746,7.57282844705754e-15,5.79378457821362e-14
915.350293882759,-1.68072888891141,0.158302985415661,-10.6171648279296,2.47978531380426e-26,3.93278452111145e-25
147.978681820851,-1.18994824477091,0.255759511990641,-4.65260601847901,3.27766122758339e-06,1.09977723834616e-05
920.145600406827,-2.87472437035105,0.186288017697031,-15.4316117906539,1.00332864935608e-53,6.50028880274312e-52
838.630339975748,-1.08506593261435,0.149577975543436,-7.25418250027901,4.04094967533434e-13,2.68368413552738e-12
578.640377542279,-2.42883817705554,0.1874106968491,-12.9599762334334,2.06311441975631e-38,6.51003461985281e-37
652.161383434128,-1.97713725414679,0.145182159526478,-13.6183210154427,3.11650343470429e-42,1.28239904846954e-40
1640.10624120709,1.6709346579178,0.156696190160922,10.6635308503787,1.50762805738414e-26,2.4225474589629e-25
292.007222965547,1.85761320722767,0.247978758518705,7.49101744973675,6.83417295464544e-14,4.83392721182238e-13
42833.0301099194,3.88743884578952,0.200061852764123,19.4311848664767,4.20541660049474e-84,5.69133046600289e-82
1358.6835612725,2.2721990493485,0.173888330646143,13.0670013387635,5.08300156749621e-39,1.68236301880717e-37
1040.75833033322,-1.10834919920821,0.127751694551297,-8.67580820043969,4.10623726285098e-18,3.92574331723116e-17
585.603636182085,1.50461779656649,0.186383501654547,8.07269840522273,6.87613082665449e-16,5.63602109479487e-15
5.2076017149287,4.35120004876013,1.40844705529339,3.08936003835354,0.00200588193170059,0.00437216212027795
12824.3021242728,2.10393582628085,0.221788389185391,9.48623069948983,2.39539539094296e-21,2.87164526197689e-20
12.3299354590162,-3.39659794707371,0.784832589949078,-4.32779931742397,1.50606597746193e-05,4.6206255933215e-05
5701.08378829084,1.64051913612997,0.196608761327484,8.34407950618958,7.17706957317107e-17,6.27993587652469e-16
223.327197570676,1.27067481121901,0.182262405992549,6.97167802816643,3.13182668108569e-12,1.92072754157219e-11
704.654013499775,1.47979611628527,0.16729194287994,8.84559107157522,9.10450932100346e-19,9.07470732649935e-18
143.405421527744,-1.77798950935156,0.342458727038332,-5.19183588845305,2.08230511969971e-07,8.07208031761377e-07
277.617295641709,-1.19792201783913,0.187318337953188,-6.39511342524563,1.60428222478311e-10,8.57776887526704e-10
5169.10747351431,-2.71949511110662,0.135338879126868,-20.0939680352853,8.33288821965786e-90,1.20826879185039e-87
1037.5863067545,1.75236514336031,0.237004747318585,7.39379764830094,1.42693513717143e-13,9.8081658977133e-13
441.635061848436,1.03576833666144,0.159065957974427,6.51156507558937,7.43717953782963e-11,4.09145649371115e-10
6652.55577336263,-2.17542192922905,0.138401892403018,-15.7181516195917,1.13589395071074e-55,7.68621573314269e-54
654.318152857779,8.93983832209946,0.4235020828102,21.1093137081595,6.53141878720227e-99,1.32587801380206e-96
400.429574885559,-1.15566841071817,0.251743559040665,-4.5906573146187,4.4185227994014e-06,1.45926268158105e-05
263.573457842338,1.0473662945167,0.228028831254662,4.59313100345195,4.36644759908642e-06,1.44519923252371e-05
180.206538408131,3.66356465117911,0.302824141221414,12.0979940251872,1.08223451100904e-33,2.63632326881802e-32
456.100325419994,1.11193891267608,0.187337700736505,5.93547859456252,2.92989550469101e-09,1.39072982256962e-08
2711.07575001702,1.41723672972113,0.135902825676085,10.4283095121143,1.84135019727333e-25,2.83177340944307e-24
589.612015440971,1.5042616837867,0.212549847555367,7.07721836118867,1.47076691049397e-12,9.26263752317296e-12
3383.94923893899,-6.25896061882815,0.522287140120102,-11.9837540273132,4.32295192355674e-33,1.01256835440233e-31
782.765749929905,1.09849128415609,0.158705160444293,6.92158516510035,4.46617501123301e-12,2.70099362645571e-11
174.323118924248,2.02596187878166,0.275967001774348,7.3413193090319,2.11498548411347e-13,1.43114017758345e-12
684.584411206034,1.27599615309064,0.138346493795493,9.22319112023789,2.88387177591865e-20,3.22845204326187e-19
227.574886098924,1.9801512350519,0.19553925069286,10.1266176894694,4.20959365556106e-24,5.94812653419184e-23
1227.55867741125,-1.56271075896703,0.119548807573891,-13.0717385700492,4.77613181612173e-39,1.589434030611e-37
360.351216491036,1.6036814341034,0.171070663291156,9.37438017279439,6.95833999629308e-21,8.0870783544704e-20
69.9917769926008,1.0254084635459,0.439176184166978,2.33484533204112,0.0195515020743518,0.0342840908818895
990.253061280162,-4.06619125178604,0.242257821772414,-16.7845612663271,3.16560097508237e-63,2.83507499091936e-61
497.77337172264,-6.53750729300153,0.302034238321716,-21.6449212159782,6.78596878590654e-104,1.53061295948781e-101
614.211108530023,-7.48855083517328,0.315712649558985,-23.7195147094484,2.26823830786894e-124,7.2703006815378e-122
2538.29337520589,-5.78781387548391,0.153698384744112,-37.6569596688988,2.51698052202761e-310,7.66420568957408e-307
712.133181677247,-2.0329959507944,0.222008151950522,-9.1573031572619,5.32104266121651e-20,5.8387657309565e-19
386.384366624904,1.80847437289942,0.208325789759631,8.68099132126686,3.92334090324926e-18,3.76270017335244e-17
6702.28630560236,-2.07379958943588,0.187521867701925,-11.0589746937263,1.98351899413117e-28,3.62751671899664e-27
208.343178689389,-1.29512162000223,0.193806926253867,-6.6825352686609,2.34843416896829e-11,1.34543406293668e-10
781.462630091775,-1.05784508808876,0.117670155634501,-8.98991832197929,2.47414231552267e-19,2.606838529677e-18
255.502311485064,-1.82100468973231,0.234766971148813,-7.75664771250136,8.72037280046171e-15,6.63009617413381e-14
978.118068454895,-1.22775732892581,0.142025947492034,-8.64459875541177,5.39946983027064e-18,5.12192698852776e-17
2030.67129947356,-2.37852103912587,0.16742702102059,-14.2063152329119,8.3716004568948e-46,4.04627355416582e-44
340.300968728799,-2.48624489375358,0.328080107282281,-7.57816410860415,3.50478908004386e-14,2.5561874847266e-13
60.0122466487463,-3.15243014311629,0.412276140083169,-7.64640452508446,2.06676787524641e-14,1.53870615650986e-13
742.132716257407,-1.34203190971905,0.139421598809041,-9.62571022842138,6.2275208391662e-22,7.7480834514861e-21
9977.43066209854,1.59382385231027,0.17839991230939,8.93399459494229,4.10897428995551e-19,4.2341207150303e-18
18.2039084172082,-1.30461495839356,0.507316495224383,-2.57159972260815,0.0101229856695376,0.0189049318391549
726.959642325062,1.25074535143788,0.203598599286244,6.14319231970467,8.08792573412777e-10,4.03072567273634e-09
503.253426660093,2.20937478200045,0.202431156913875,10.9142032070707,9.85900085106555e-28,1.72038152386789e-26
1859.5794670799,2.4992328768148,0.166381346602369,15.0211122090967,5.34040666002361e-51,3.28515924843876e-49
398.083916858626,1.02272172726069,0.156043119332959,6.55409691649685,5.59796037919098e-11,3.1105455026709e-10
935.319531053639,-2.54670270194197,0.170398844591037,-14.9455397309421,1.6653638081275e-50,9.84666562281209e-49
167.68682858946,1.01988908480389,0.231693170728447,4.40189532387743,1.07309328937311e-05,3.37733236810452e-05
514.580896263464,2.90284512386747,0.182485620566922,15.907254033766,5.64350111482949e-57,3.99638625457112e-55
593.878635767738,-1.34512761352735,0.224574480385325,-5.98967260758824,2.10263871521939e-09,1.00906775222113e-08
821.177280008094,-2.1016212120878,0.150795236323046,-13.9369204447914,3.77897134123127e-44,1.65567881065456e-42
2783.58030993948,-1.87363519147004,0.127923180735219,-14.6465650768032,1.41700371185773e-48,7.91702073872806e-47
897.483874914117,1.42520782439268,0.242696701513893,5.87238234183867,4.29576579077683e-09,2.00930980536336e-08
273.386236339943,1.5617299106623,0.332261391076084,4.70030509895951,2.59773083930117e-06,8.83315511521167e-06
528.068649345491,1.20158449272991,0.170874399678229,7.03197491837628,2.0363041458871e-12,1.26930319840864e-11
2034.49770900897,3.89837602850073,0.214340832311946,18.1877432612893,6.45435194480716e-74,7.14672788070466e-72
773.028756969425,2.52994080295428,0.197905549905563,12.7835768333001,2.0253634568321e-37,6.0760903704963e-36
515.699029775048,-1.10197741326805,0.216441885426708,-5.09133161123384,3.55557555396213e-07,1.34077121508541e-06
969.947336365784,-1.34790282198938,0.19440254391442,-6.93356575921534,4.10363020362889e-12,2.48667740697512e-11
552.837284132286,1.09628663990286,0.124761992763937,8.78702412181854,1.53573815300773e-18,1.51337303427461e-17
851.651085451563,-1.53161758359921,0.254085447564507,-6.02796263335926,1.66039425102447e-09,8.03161317612314e-09
1989.58220625588,-4.01368468220533,0.198269761152825,-20.2435543315736,4.04889574492334e-91,6.48888818067977e-89
593.967711783857,1.24928439470162,0.229533682102943,5.44270620004838,5.24771598378889e-08,2.17405376471254e-07
424.982007635475,1.89693142242955,0.156695689245951,12.1058302979357,9.83689522511158e-34,2.4058912418044e-32
243.208840750387,1.46249434801879,0.184019075845863,7.94751490461675,1.90290118849751e-15,1.51684139240181e-14
32.0566364010215,1.80801484861093,0.506970621678904,3.56631088922557,0.000362041849740545,0.000902880780065487
765.78612181364,4.15931788052844,0.254352752319038,16.3525570004895,4.17103591933557e-60,3.21539351250046e-58
1423.52274500195,-1.03438411160162,0.144863458409371,-7.14040740818536,9.30546968041402e-13,5.99051906487541e-12
573.371370160074,1.43046300333813,0.186506334160976,7.66978242199257,1.72288350688524e-14,1.28425465813111e-13
350.085719871245,1.74955518091406,0.216187228502197,8.0927776956828,5.83192454362702e-16,4.80601088913241e-15
677.964747982807,4.2452707732117,0.28630409093895,14.8278383284329,9.68002525521637e-50,5.50947231815586e-48
905.209105320268,1.48875063733802,0.173728099501415,8.56942913443831,1.03999296466023e-17,9.65481273594632e-17
245.053194354734,2.31990493878057,0.222119720504449,10.4443897800335,1.55451886741767e-25,2.39671389938573e-24
444.009301790166,-1.2092578813468,0.169856737197846,-7.11928123250288,1.08491338836666e-12,6.95486582647681e-12
9146.58896932903,-1.10787468171218,0.0853853161438221,-12.9750023979075,1.69591039108674e-38,5.40737920508808e-37
269.374016697672,-1.49781419497381,0.203712659955535,-7.35258277664598,1.94413059345302e-13,1.31845827551547e-12
187.705883856042,1.24653620333998,0.216630066340676,5.75421604395232,8.7044780576581e-09,3.97378346110479e-08
956.59974747125,-1.92231630208338,0.234106864640953,-8.21127695264985,2.18848442231203e-16,1.86664847785438e-15
785.058666478476,1.66450383887986,0.164681128769093,10.107435207186,5.12072743240174e-24,7.20213165434794e-23
416.130844665256,-1.39201626752699,0.175943517683475,-7.91172238599464,2.53851976916414e-15,2.01296684820438e-14
679.634670103532,2.91409085841477,0.223356408877581,13.0468199818343,6.62556826844397e-39,2.18106544620669e-37
102.551586103424,1.37877586111727,0.268824086437015,5.12891489520717,2.91417039575771e-07,1.11182097748286e-06
875.313049075391,1.24315097679195,0.20676999300802,6.01224074493116,1.82976314564807e-09,8.83684183742802e-09
1951.68292144807,1.90664317502314,0.183718134632088,10.378089124633,3.11956592634361e-25,4.72590957498323e-24
908.011748340571,-9.28876998278333,0.791045386629476,-11.7423982742145,7.72638793826175e-32,1.68651263598617e-30
456.741916917725,-1.04478682121724,0.154769103358304,-6.7506162311897,1.472185278156e-11,8.5713272886903e-11
1981.08969586097,1.41430309451066,0.226498973186776,6.24419208004267,4.25996238108094e-10,2.18560833199519e-09
1785.08100186342,1.09703305724835,0.125322875753086,8.75365371769593,2.06554221749775e-18,2.00944921798104e-17
481.187419333205,2.45725843514231,0.230492682646059,10.6608956385641,1.55096569983427e-26,2.48562660841861e-25
2004.40842298431,-2.39403642114809,0.220464561534335,-10.8590532849663,1.80611873729267e-27,3.07241986315987e-26
18420.424929703,-3.95115582223193,0.120711253273665,-32.7322906114996,5.42483727813264e-235,6.60745180476556e-232
2663.07250500306,-1.46725134827752,0.130273668789654,-11.2628389290748,2.00203400264431e-29,3.82206491413913e-28
2030.41437566904,-1.01819478085481,0.123305646411633,-8.25748706961684,1.48771313973977e-16,1.27428593825812e-15
2427.90777239083,-1.00129009425303,0.186890902570223,-5.35761816376698,8.43262170436446e-08,3.40322506160236e-07
588.417878512387,1.19927990271626,0.124543233276128,9.62942643425117,6.00637980190375e-22,7.49566659704791e-21
21.8519827723183,-5.09844136316861,0.94687988471503,-5.38446475151705,7.26605406043912e-08,2.95790569706379e-07
740.116435777749,-1.49120304079987,0.167808739553566,-8.88632525795154,6.31632696127568e-19,6.40040452482012e-18
426.260551237601,2.0066675049735,0.16160704401537,12.4169556915023,2.11455778124936e-35,5.50327217427719e-34
206.251111708169,-1.07099387493173,0.199038974116873,-5.38082493483341,7.41452739805434e-08,3.0143172132277e-07
145.210498370453,1.26114455210254,0.27820868979153,4.53308828364619,5.81275058117537e-06,1.88697500209798e-05
380.451582963152,-2.78153137812922,0.327479580230554,-8.49375517145514,2.00065525601078e-17,1.81039977847038e-16
370.784415415063,-4.01635958257369,0.231362207687146,-17.3596181620324,1.66829234572572e-67,1.61268260086819e-65
4.06805152559967,-5.33566015271845,1.5983702258375,-3.33818790319541,0.000843267026876242,0.0019646121628448
20011.5781454943,1.00649410465026,0.134055826442807,7.50802207824713,6.00273834369381e-14,4.27563467989419e-13
331.035021857872,1.05046759455652,0.199913975978577,5.25459808107207,1.48348073011787e-07,5.82488565210694e-07
3471.87206029882,3.37654095902694,0.265820506596566,12.7023343769015,5.73918649164247e-37,1.65647610114231e-35
295.575984295044,-2.54915161929503,0.183112647160497,-13.9212209469109,4.70792392079559e-44,2.04794690554608e-42
484.784958389745,2.17323483588041,0.236440460261265,9.19146762562972,3.87517575528163e-20,4.29869223126869e-19
542.611600011044,-1.17762905834888,0.192905094228158,-6.10470689258231,1.0298950490296e-09,5.08682956090046e-09
1307.56297864085,-3.51338697180599,0.25957666892675,-13.5350645585079,9.70971122521517e-42,3.89027245799739e-40
1883.61047425665,-2.06398171852152,0.132448635935279,-15.5832614201485,9.46023053066305e-55,6.19492515395032e-53
3924.59445810363,-2.68373272238368,0.10448021348948,-25.6865164489151,1.65368705168887e-145,9.15541285889566e-143
18.9767805059858,-1.70094244935319,0.562189122035414,-3.02556983528053,0.00248165088216821,0.00530289609558049
720.541630427868,-1.10782465072448,0.14992993672421,-7.38894896462389,1.47993953966654e-13,1.01381685000778e-12
1741.92430911496,2.20724658784292,0.202438693980008,10.9032840730582,1.11170910641073e-27,1.92338308467083e-26
378.503249795703,2.14225997008525,0.17983918958453,11.9120864314078,1.0238286940528e-32,2.30930249880798e-31
526.123076426873,-1.08615083896216,0.411355827924759,-2.64041680032019,0.00828041212182409,0.0157734469258394
465.541995017763,1.3689998589288,0.160251355718138,8.5428285632522,1.30975639221922e-17,1.21222134173481e-16
616.400126271331,1.68285560952321,0.206968045380221,8.13099242654406,4.2578995079506e-16,3.53278038193722e-15
1318.23516252774,2.36640636478006,0.239945115300355,9.86228188816378,6.0654984283994e-23,8.01277341192025e-22
2968.86995254504,-2.35545669008517,0.140731130597278,-16.7372825052166,7.0116957945557e-63,6.10017534126346e-61
148.123150281367,-1.45079478851957,0.280878946552287,-5.16519591919468,2.40187206421385e-07,9.25199296082377e-07
2443.84020634199,-1.31842159275544,0.147265976182197,-8.9526557792568,3.47030668716135e-19,3.60036928872447e-18
511.1000654331,-1.10503757576667,0.262879728275914,-4.20358611527032,2.62719134212498e-05,7.8467853229726e-05
178.253005936721,-1.36837490346628,0.260378328789463,-5.25533330607065,1.47756630695649e-07,5.80915352444483e-07
18.3090329704329,-1.89005277142606,0.550485964668674,-3.43342590498859,0.000596005077895491,0.00142228484497788
147.201085079064,1.55221774716099,0.219097725144378,7.08459088809863,1.39455662689629e-12,8.81915873083947e-12
1033.84887657062,2.15715130168745,0.264706666356013,8.14921411456342,3.66296892823234e-16,3.06001107996364e-15
5382.57754822047,1.36883783508448,0.155238020839312,8.81767126174183,1.16864765350898e-18,1.16102189394285e-17
57.9371555127191,1.8108102851785,0.386526369411769,4.68482988090634,2.8019255551053e-06,9.47458447006735e-06
74.7958224545871,-1.08247226583755,0.355502223460996,-3.04490997355551,0.00232749968562744,0.0049962894203282
219.703595872986,1.29011173552764,0.240670197077773,5.36049644364871,8.29935609229713e-08,3.35388710033773e-07
273.930382021303,1.44417501812399,0.19923164462077,7.24872306742698,4.20719093246427e-13,2.78497747594646e-12
13399.1764560755,-2.47799571000374,0.150051130400325,-16.5143421671842,2.89298195643893e-61,2.38084596144771e-59
266.119225692897,-1.5432110421883,0.26978005423556,-5.72025625304692,1.06363514187458e-08,4.81243537445481e-08
275.296665421373,1.10559956841216,0.175167938836058,6.31165483683006,2.76067403832425e-10,1.44313346724418e-09
96.6850596833053,2.37812590724867,0.316265104299104,7.51940658302786,5.50254181071606e-14,3.93777668945485e-13
253.345355177156,1.71514516659648,0.210301460113594,8.15565030157206,3.47306012891838e-16,2.90534837707595e-15
368.756882783058,1.52496727961809,0.247595618995907,6.15910445347297,7.31574635938644e-10,3.66992548012055e-09
382.912597119407,1.08013579677046,0.26188965738654,4.12439272153545,3.71714192705269e-05,0.000108416639539037
177.041001874743,-1.64288780802189,0.293293875589007,-5.60150737795859,2.1249574152857e-08,9.30337214887843e-08
257.693440567691,-2.04982109269364,0.232732110185567,-8.80764193243136,1.27805928297325e-18,1.26559041191985e-17
478.390546072657,1.38144541698091,0.210390986996961,6.5660864883003,5.16548209718315e-11,2.89134062241226e-10
792.492088444636,-1.02145442585925,0.129462026973433,-7.88999253092848,3.02204622494461e-15,2.3778115645882e-14
875.912226102909,1.19408984134726,0.162345692082878,7.35522960928133,1.90599203145273e-13,1.29547895887803e-12
1539.12394718776,1.90459540003414,0.198247633697379,9.60715325834084,7.45824568663613e-22,9.21312702466817e-21
527.369995094138,-1.64842658251708,0.177142480978835,-9.30565369418097,1.33170604614903e-20,1.51025881211314e-19
4252.37495514613,-2.55975352853499,0.18259222970709,-14.0189619932966,1.19347488371291e-44,5.46485867805386e-43
4482.9727116776,-2.24466433126353,0.222397275249954,-10.0930388141704,5.93046232646736e-24,8.32177778068807e-23
612.225803738118,1.10290105339649,0.174143610491458,6.33328463952221,2.39996216449832e-10,1.264339929221e-09
188.367309570619,-1.34120151986229,0.236782459588591,-5.6642773379102,1.47645443275031e-08,6.60288708623633e-08
420.967091118849,-1.18910028301972,0.260174503565746,-4.57039512605135,4.86805490351933e-06,1.59647034800392e-05
369.876236351655,1.13478591070335,0.167496223005844,6.77499402875345,1.24411398218997e-11,7.29225616124824e-11
877.441406616158,-4.20378966831093,0.28905462959396,-14.5432359073995,6.44715147579135e-48,3.44413618312012e-46
2527.83335437975,1.02387655426613,0.11313863814712,9.04975144684641,1.43294136396951e-19,1.53637551172083e-18
252.878897107994,-1.10155592177316,0.160508134932761,-6.86292892403625,6.74627978480388e-12,4.02004343341053e-11
178.756980814867,3.8586698699865,0.309181026657929,12.4802932175254,9.5633820773644e-36,2.58848874893996e-34
59.3553124505493,-1.0311023233389,0.397200346712512,-2.5959250334824,0.0094336645348191,0.0177646929551788
6003.09572901598,-2.13133324125912,0.131277556910508,-16.2353207312659,2.83760913374974e-59,2.13346168204147e-57
377.931704072914,1.23356270975189,0.158930144590142,7.76166606362227,8.38208710973339e-15,6.40488212023543e-14
463.67700925386,2.01718462078237,0.16617930226586,12.1386032633306,6.59420478470259e-34,1.62585858861695e-32
368.69276169124,3.46440309470999,0.191336523526893,18.106334487796,2.84043423052266e-73,3.08897222569339e-71
392.295274013294,1.1939268426656,0.140277220225777,8.5111954795224,1.72149128331036e-17,1.56709744624216e-16
10766.022407886,-1.12456204847438,0.0799551105726188,-14.0649176821912,6.23954231924573e-45,2.87869793365201e-43
598.914414608546,-2.09853974887939,0.201415970562017,-10.4189342236555,2.03217602487463e-25,3.10174235375602e-24
250.17374547119,-1.00074242828058,0.175737505007448,-5.69452962381686,1.23712505956156e-08,5.57667772962982e-08
908.155429755351,-1.95977772916246,0.197690808254307,-9.9133477497923,3.64232793547772e-23,4.90747281572108e-22
940.344115056127,1.05860258060823,0.16278768965864,6.5029645842882,7.87523417161549e-11,4.3207365860485e-10
4430.89524993514,2.60441105753593,0.173577631798282,15.0043011334696,6.88119010530021e-51,4.19064477412783e-49
329.286029060267,1.75389463799596,0.249689015707585,7.02431636019576,2.15116899447067e-12,1.33271812577074e-11
328.008749896351,1.83586970969608,0.156645468927083,11.7199030541423,1.00787268331028e-31,2.1843219364269e-30
337.635250444276,2.61909354012099,0.319133131746989,8.20689950236012,2.26973393364319e-16,1.93054185138087e-15
962.113245789576,1.57882470814804,0.145487233697433,10.8519810846875,1.95149053967383e-27,3.30127149628157e-26
4176.45666371385,-1.88383478812389,0.129449602784119,-14.5526502021449,5.61835339783916e-48,3.02794444184429e-46
411.677489678991,1.61318445968167,0.16363060741747,9.85869627413872,6.28602641512765e-23,8.2861257290319e-22
71.150334153856,3.19420985428345,0.295182308597427,10.8211425998424,2.73348094127638e-27,4.58592257090169e-26
178.653136248158,1.26094017345362,0.205541464561129,6.13472408667502,8.53071198706547e-10,4.23406976375132e-09
1142.19865885737,1.82384299113633,0.186695651499736,9.76907055137761,1.52847812918363e-22,1.98898115528383e-21
591.034596568854,1.0264318623112,0.176178694689446,5.82608393211514,5.67430864079059e-09,2.61791966836475e-08
990.470116507674,1.04202135266973,0.165443094603639,6.29836715256176,3.00797361097592e-10,1.56435177547765e-09
4972.79871618318,-2.06365810714686,0.22120595204709,-9.32912558658252,1.06747910787658e-20,1.21740594887048e-19
557.264545933641,1.04114001208763,0.216556058618845,4.80771592689593,1.52664488115233e-06,5.35186017350209e-06
4821.09025539636,-1.01096242497982,0.0989055456851038,-10.2214938300682,1.58873430308769e-24,2.30916274601529e-23
1771.06496257862,2.18988624599875,0.189079015400876,11.581857676569,5.09302616433062e-31,1.05498399118277e-29
1069.27199544448,1.23141542138711,0.163892491446287,7.51355605446201,5.75424873225267e-14,4.10825026722377e-13
63.0332082394273,-3.49178724994812,0.412468867598841,-8.46557770596195,2.5488610851784e-17,2.28609190113939e-16
798.265582735338,1.03691300434568,0.15451006817992,6.71097370262142,1.93329952197133e-11,1.11705826269501e-10
418.499772737535,2.18296185069988,0.152564076173141,14.3084919166849,1.93667600019454e-46,9.66750560752848e-45
777.99408241897,1.27124588099806,0.17451738218013,7.28435107791113,3.23222294823651e-13,2.1678675941366e-12
370.920125288622,4.10204676759425,0.574885016727338,7.13542125509911,9.64911867912341e-13,6.19864269576599e-12
1258.67614410559,1.68510004725494,0.188162845232464,8.95554085171863,3.38074169166146e-19,3.51343291846729e-18
29.6492631423084,1.43456575211676,0.536755992722182,2.67265903234969,0.00752526955473448,0.0144799025555555
695.511139474498,1.57924781249459,0.17781963516691,8.88117789136296,6.61560578426828e-19,6.69253143292256e-18
474.652245046256,1.1304646841631,0.125926116147462,8.97720598989412,2.77729606099235e-19,2.91114165429319e-18
387.83311742918,-2.03085137044069,0.48698576718944,-4.17024789484387,3.04268483863938e-05,8.96899838688955e-05
3916.72658625272,-2.03157460092375,0.162991965613643,-12.4642622308108,1.16949095785037e-35,3.12377190057401e-34
114.30576971844,-1.67834897503557,0.28596657009335,-5.86903907854577,4.38328123754535e-09,2.04709990311742e-08
538.93142487147,1.1918353339244,0.188459502095558,6.32409255395401,2.54725022032126e-10,1.33961604851092e-09
3786.71451695927,-1.02853400599389,0.109071230603155,-9.42992941682403,4.10365021190708e-21,4.82456173562048e-20
1186.5384221617,1.56766885034528,0.221192225889451,7.08735962143977,1.36694842871224e-12,8.6535508636773e-12
121.441009329483,1.20730976799455,0.305548643525722,3.95128498710849,7.77326915423128e-05,0.000215668378812157
364.311564789761,-1.76718408233103,0.28673767240436,-6.16306907813263,7.13483631743191e-10,3.58212309754001e-09
1011.31131355662,-1.54277929953454,0.146511210240507,-10.5301109519331,6.27604624083738e-26,9.82548113282767e-25
5.51369489180847,-3.15876403121029,1.25718084488422,-2.5125772827864,0.0119852850535218,0.0220848369064895
101.433015802345,-1.20898250785286,0.276421627217087,-4.37369000401471,1.22163821226123e-05,3.8074599348367e-05
1963.7213362143,1.66633544579664,0.216631462698631,7.69202878030133,1.44820029861163e-14,1.08481424582347e-13
20.6496379111809,-2.18934621240327,0.605353904444522,-3.61663845946815,0.000298453704286607,0.000757010853438332
710.840287597945,-1.13540892614257,0.181910657297871,-6.24157453448916,4.3318792958389e-10,2.22063509357398e-09
96.495543070558,-1.51232798856552,0.266585827019039,-5.67294970432733,1.40359448872349e-08,6.2991086487296e-08
551.660908154221,-1.67800770020266,0.189676532813797,-8.84668058462425,9.0160979543845e-19,9.00131746593469e-18
659.424867127817,-1.26512493362794,0.249618918883431,-5.0682253544201,4.01541837226673e-07,1.50763858736772e-06
576.615920370835,-1.14885692857218,0.242757039646369,-4.73253805634537,2.21729715670546e-06,7.61609683267697e-06
1106.2843861806,-1.22797579207643,0.121302167129358,-10.1232799144215,4.35569613832769e-24,6.14032163944807e-23
16.1066521478503,-5.02735073932534,0.849692683381721,-5.91666944726041,3.28526000453508e-09,1.55456359188956e-08
177.055604910576,1.41422260393112,0.325147787738087,4.34947632204191,1.36463016571144e-05,4.22072001482106e-05
514.171822209741,1.16131286604176,0.248223791994051,4.67849135940035,2.88993346376285e-06,9.74512447082822e-06
707.590644682022,1.6492699024045,0.214030320640081,7.70577690802024,1.30049648971561e-14,9.77780694119517e-14
605.468863823002,2.1847485998056,0.175374864507386,12.4575925172766,1.27151354590543e-35,3.366746736767e-34
407.054333486076,-1.79845723349097,0.210553106212137,-8.54158490390062,1.32393267087366e-17,1.22348254410024e-16
2388.30006241003,-1.24905668306149,0.167356096498787,-7.46346687806826,8.42750695673292e-14,5.91284762286906e-13
1525.21941943881,1.67821631238008,0.26982490035149,6.21964952157469,4.98266601803739e-10,2.54141005442611e-09
741.77085940551,3.16010222776242,0.444310411594405,7.11237491919763,1.14062896540063e-12,7.28901406011527e-12
4238.16018261846,1.39142893489818,0.170066777570205,8.18166225513262,2.79954808025237e-16,2.35812556137441e-15
2069.50778513723,-1.11259168675834,0.13625606733016,-8.16544693061216,3.20247306202044e-16,2.68637203136426e-15
278.840416358233,-1.21089823170719,0.276408664635192,-4.38082588078545,1.18230323136645e-05,3.69621492762919e-05
1302.13695507273,-1.89506443850996,0.233764392680614,-8.10672838912271,5.20009255181925e-16,4.29695571785336e-15
8781.07106810809,-12.6360437284582,0.965808929912143,-13.0833784376042,4.0981267499765e-39,1.37129625864598e-37
1048.48942441695,-1.90959343962341,0.244855125977907,-7.79887058519538,6.24636811875001e-15,4.79702167001104e-14
6413.66428647219,1.55491267008232,0.161548736407748,9.62503764905798,6.26839652992565e-22,7.75905180228602e-21
412.278875893067,1.31717865543404,0.180587595180931,7.29384902719568,3.01222968598799e-13,2.024776908131e-12
985.728421570762,1.98656401932165,0.192705953556852,10.3087838370057,6.43099561754878e-25,9.50601051234758e-24
7133.73045474772,-1.34250304563209,0.165838151641847,-8.09526054373443,5.71419143636821e-16,4.71536935602743e-15
1210.30586765566,-1.05762465210232,0.264318620044502,-4.00132480989895,6.2988822449471e-05,0.000177019810206405
233.61629127014,12.2802749341823,1.21077918812632,10.1424562419065,3.57983227183642e-24,5.10566242048801e-23
3707.78290913372,-1.3109780934049,0.123314837216419,-10.6311464459392,2.13471987104285e-26,3.3943718053919e-25
2811.10938003092,-1.91132858580561,0.136551284821578,-13.997148311735,1.62251614343411e-44,7.26553184817186e-43
128.013693063952,-1.63804910916535,0.242056005034636,-6.76723185996133,1.31269623411136e-11,7.66473640051599e-11
747.973500942712,2.10175446955624,0.210602925853333,9.97970213870599,1.87027375159037e-23,2.57109867882288e-22
604.120196812346,1.51895510108548,0.145699025803988,10.4252934616664,1.90071671262432e-25,2.90838311052315e-24
802.787629435082,2.07214575582716,0.21906282884112,9.45913903691083,3.10489100010909e-21,3.67875217717205e-20
490.171984600131,1.49045976073034,0.198778111344752,7.49810806958189,6.47455119917227e-14,4.59557305395794e-13
271.910834534753,-1.18624906272418,0.173557263649672,-6.83491452779896,8.20539362812286e-12,4.86571053507967e-11
360.121499939034,-1.43769757220049,0.285217817083722,-5.04070042643399,4.63831063272382e-07,1.73190139505138e-06
1538.70574677505,1.4416504043525,0.22271316547489,6.47312610046414,9.59957723149106e-11,5.22910781214495e-10
481.008553966388,-1.94163512998478,0.199100247002516,-9.75204782121763,1.80784065383927e-22,2.33257406395787e-21
1403.23594537003,-1.31977300905356,0.137707013193703,-9.58392008108634,9.34299002268002e-22,1.1425463702434e-20
1225.00477668929,-1.87443622249587,0.157931556495221,-11.8686617424212,1.72200133992238e-32,3.85551035298798e-31
773.637391414229,1.7200342466469,0.183941600954864,9.35098008127577,8.68392650332391e-21,1.00161197737202e-19
2679.71784204623,-1.40858972489035,0.224036189794992,-6.28733119492571,3.22969883968841e-10,1.67110160864082e-09
200.180282769203,2.10923100526116,0.219566450593355,9.60634468317538,7.5170249219282e-22,9.26693963047424e-21
5128.90878722162,-2.49662205651149,0.150206863885863,-16.6212248356946,4.89228211345824e-62,4.13805528763343e-60
1264.11242227683,-2.73671177628462,0.213437975074026,-12.8220471325942,1.23398888692288e-37,3.72029322839622e-36
