"","baseMean","log2FoldChange","lfcSE","stat","pvalue","padj"
"C1_00190C",238.035012293096,5.23505380420414,0.376403804220691,13.9080788916117,5.65787902438901e-44,5.30099742438909e-42
"C1_00200C",87.1091729294948,1.1563463302094,0.333734223864977,3.46487188762887,0.000530484123293498,0.00181395188706199
"C1_00270W",94.7205490156598,-3.50355097940552,0.412207634534739,-8.49948105245552,1.9044013808092e-17,3.61302318041372e-16
"C1_00290W",501.208092853925,-3.46564194493101,0.242805816383873,-14.2733069435696,3.20988955074049e-46,3.42951357263326e-44
"C1_00350C",677.033645649988,1.19502108595746,0.260619707813428,4.58530590792061,4.5332222181849e-06,2.32189430687519e-05
"C1_00390W",690.327675357392,1.25013521879712,0.142324631228052,8.78368844528377,1.58199496056626e-18,3.25484773981368e-17
"C1_00490C",1756.34269104714,-1.06407031443822,0.195927097043797,-5.43095023860005,5.6054764832873e-08,3.96024962682363e-07
"C1_00590W",7459.45457719105,1.5400053028624,0.178215636543019,8.64124682174372,5.56028489721576e-18,1.0888146309982e-16
"C1_00640C",1466.57837746175,1.07670139274634,0.147573638740852,7.29602794871168,2.96387363077542e-13,3.7682652215913e-12
"C1_00700W",823.275244378722,1.13319429214585,0.239007306671963,4.74125376301218,2.12399694363792e-06,1.14470277758893e-05
"C1_00830W",344.01522270303,-1.32846710042185,0.236457968099394,-5.61819553428383,1.9296205613608e-08,1.44365960917534e-07
"C1_00850W",436.709186311623,-1.09985922000696,0.169603555933571,-6.4848830200102,8.88006567965415e-11,8.37145510667087e-10
"C1_00880W",175.190037027841,1.74786684759231,0.234614752784634,7.44994433149213,9.33796253100606e-14,1.27793689469274e-12
"C1_00900W",907.716966066934,1.01769932690025,0.187935058594759,5.41516486870442,6.12322584624002e-08,4.30605605122422e-07
"C1_00980W",446.379697490455,1.38726707824088,0.231197578175589,6.00035298461165,1.96889044292506e-09,1.640325347744e-08
"C1_01040W",404.744397326145,-1.31737685794031,0.197072074382329,-6.68474649221249,2.3132473390125e-11,2.33626472547034e-10
"C1_01140C",1780.20320573399,-1.75326071640826,0.208202586657625,-8.42093628400198,3.73487360766589e-17,6.93456715569672e-16
"C1_01170C",296.549348210592,-1.05292185287815,0.192595317215087,-5.46701689378183,4.57672448799464e-08,3.27908848610439e-07
"C1_01220C",559.654496513973,1.1231048807055,0.205883908375075,5.4550396365094,4.89619227133546e-08,3.49154694759168e-07
"C1_01240W",820.9406342108,2.56178269989049,0.209524358182933,12.2266581418368,2.23964523078745e-34,1.20703004030934e-32
"C1_01360C",3755.92864292577,-1.93933117836656,0.164069986852743,-11.8201458753524,3.07150722545327e-32,1.52077065065126e-30
"C1_01490W",4120.36763515146,1.20817266344792,0.159878233840593,7.55683018523045,4.13010604406754e-14,5.80885584488946e-13
"C1_01510W",30.1737262977588,2.09761993329959,0.762948685230736,2.74935912978894,0.00597119233284866,0.015762705378001
"C1_01580W",764.884384091448,1.30944065285041,0.128206064528216,10.2135624993171,1.72415711359423e-24,5.41243135143756e-23
"C1_01600W",1143.30970832423,1.28482570923667,0.153122007236905,8.39086250514488,4.82588470351505e-17,8.84334560590761e-16
"C1_01610C",167.062248377044,-1.53554898303795,0.288533767029852,-5.3219039103977,1.02686812052632e-07,6.93306746563778e-07
"C1_01620C",403.550540111205,2.39512040635273,0.510449072431375,4.69218289484644,2.70305309999194e-06,1.43348980688178e-05
"C1_01630W",1439.55822290112,1.50503118662954,0.47731709878381,3.15310553605626,0.00161543392547972,0.00492392022330907
"C1_01680C",597.90463033047,1.18800726675617,0.167037181036874,7.11223249447626,1.14180701019004e-12,1.35812591641745e-11
"C1_01690C",8959.16624250259,1.03113706474245,0.119437813974434,8.63325466558836,5.96304720306588e-18,1.16394094444459e-16
"C1_01740W",318.209071719361,2.33891528440697,0.268282845982491,8.71809479969368,2.82922031540411e-18,5.66774727658258e-17
"C1_01830C",1367.98203906181,-1.30598550248063,0.1235458610058,-10.5708559707987,4.0676486423532e-26,1.43190637178792e-24
"C1_01920W",217.087135953893,-1.05876853646821,0.179655549589302,-5.89332497041471,3.78500991962843e-09,3.05307422656121e-08
"C1_01930W",1721.48674663001,-2.99952880347838,0.125250019717769,-23.9483299901854,9.61790178210344e-127,4.88108515441749e-124
"C1_01980W",1337.17357412811,3.89015715831925,0.405876132175354,9.58459207115573,9.28237223232805e-22,2.44717086125012e-20
"C1_01990W",7.81268692020321,-3.20835540317185,1.06623734712039,-3.00904429190811,0.0026207090679857,0.00752835765284572
"C1_02070W",145.446761046752,3.8987440322159,0.830294287609445,4.69561707264183,2.6580307718255e-06,1.41498316437214e-05
"C1_02110C",2317.43171774812,2.71510219809063,0.37508543539979,7.23862336909111,4.53261798060376e-13,5.62192332013786e-12
"C1_02140C",4.13705681935371,-3.52395009252547,1.33999571661842,-2.62982190825089,0.00854296085773232,0.0216171398772093
"C1_02270C",527.596286991122,1.20241229210937,0.199005782467753,6.04209725566248,1.5212371685512e-09,1.28671310506622e-08
"C1_02320C",1639.43089961953,1.12700057138876,0.12093280236379,9.31922976529158,1.17187904293007e-20,2.80974148482051e-19
"C1_02490C",584.17997937962,1.09878188926274,0.173670534506491,6.32681814669989,2.50268004662658e-10,2.25463335561478e-09
"C1_02520W",342.886372557526,9.25621802201654,1.21955518391947,7.58983123032482,3.20322427723373e-14,4.55395709607326e-13
"C1_02650W",1755.66845209009,1.25410987758269,0.112774371269117,11.1205220075222,9.96870073264224e-29,3.99403864880206e-27
"C1_02890C",347.774541991837,1.16268954470914,0.196717727941141,5.91044618539421,3.4118230368293e-09,2.77780779335434e-08
"C1_02970W",2614.82379612078,-2.24848828326662,0.145180459861349,-15.487540715975,4.21092623626688e-54,5.45628527209899e-52
"C1_02980W",1118.72087950431,-2.08123708221221,0.234818550379364,-8.86317149496852,7.77698114614661e-19,1.65023746271892e-17
"C1_02990C",383.269660481185,-1.03220669707166,0.268028919585067,-3.8511019582126,0.000117587527812915,0.000459043618192727
"C1_03280W",1294.0307520686,1.34084112237472,0.128955019029465,10.3977428134717,2.53875693387773e-25,8.44865012421607e-24
"C1_03350C",2179.94124490868,1.08127664087982,0.133163349982009,8.11992669924496,4.66465327696928e-16,7.65707236030806e-15
"C1_03380W",4555.07973915435,-1.51300834813388,0.115470647233997,-13.102969320574,3.16623708251937e-39,2.35151022348085e-37
"C1_03390W",1740.59051731384,-3.17373127103163,0.221355796735556,-14.3376921582187,1.27215979030481e-46,1.38347377195648e-44
"C1_03510C",2842.36352019512,-1.03992595646577,0.162583176411239,-6.39627038553715,1.59217962296239e-10,1.46249983466681e-09
"C1_03620C",915.643954770094,1.12135191875116,0.166722169728369,6.72587167368389,1.74544344271951e-11,1.80165263833252e-10
"C1_03650C",858.661808894086,1.0432405311705,0.169222211034725,6.16491490562324,7.05210535947086e-10,6.11785208535292e-09
"C1_03750W",411.867497633876,-2.18575528837546,0.250335584568316,-8.73130079427032,2.5176013543232e-18,5.07688485027428e-17
"C1_03770W",311.23180735732,1.31697980743534,0.151113943723819,8.71514418181218,2.90388852646556e-18,5.77930755757362e-17
"C1_03790C",2712.20640638563,1.05785634171274,0.246635467695852,4.28914929225539,1.79358785790198e-05,8.25619807605673e-05
"C1_03930W",412.329634121615,1.24267192581538,0.178983010319379,6.94296024856183,3.839674941528e-12,4.26708401348641e-11
"C1_03940W",3268.63467500377,1.72949489803965,0.114481373152295,15.1072165752144,1.4514236789846e-51,1.76783404100324e-49
"C1_03990W",327.569285961789,-1.17834300026982,0.223409790848823,-5.27435702702564,1.3322233002057e-07,8.8475898563279e-07
"C1_04020C",3794.8706071853,-1.25030107875998,0.15462820275391,-8.08585404533109,6.17300771367393e-16,1.00249645270065e-14
"C1_04140W",177.906055444713,-4.9567086768631,0.379270925122063,-13.0690447079956,4.94830239097234e-39,3.58751923345494e-37
"C1_04320W",1067.65110208928,-1.96870981352697,0.174162343062749,-11.3038776288033,1.25549161716205e-29,5.23694790994305e-28
"C1_04370C",824.29458906619,1.20842039278785,0.142104231933406,8.50376077015184,1.83545579285874e-17,3.49310180578429e-16
"C1_04450C",429.71127118181,-4.8647020738364,0.439837243584954,-11.0602322672495,1.9559037274203e-28,7.73471019479845e-27
"C1_04470C",35.7972676914914,-2.81443592399724,0.645517968292278,-4.3599652716761,1.30083087103538e-05,6.16982866402295e-05
"C1_04600C",1369.90318023054,1.70154274063186,0.0948527170556741,17.938787558749,5.87224370347629e-72,1.32451719089521e-69
"C1_04610W",15614.8123025932,1.28584225476651,0.139174904478224,9.23903816990008,2.48722899768621e-20,5.80353432793448e-19
"C1_04650W",543.504435249792,-2.61143502384047,0.643297232825508,-4.05945322097913,4.91877604063828e-05,0.000206731166925377
"C1_04660W",1306.65659712833,-2.01571848117213,0.364438052168528,-5.53103186996509,3.1835247292087e-08,2.31080638866281e-07
"C1_04880C",511.565523712633,1.54940704072656,0.188671175458798,8.21220855257206,2.17156670904129e-16,3.73583086385917e-15
"C1_04900W",385.009532991095,-1.58973220626178,0.181576834322297,-8.7551488172771,2.03834351134645e-18,4.13783732803329e-17
"C1_04970W",2173.66814847846,1.46348052663329,0.146671110787324,9.9779739771342,1.90312966457179e-23,5.70938899371538e-22
"C1_05020C",588.061276793303,-1.06250104739523,0.181547432554433,-5.85247079755128,4.84323305801673e-09,3.86063996378559e-08
"C1_05030C",215.116824446584,-1.26571608839555,0.256124419111412,-4.94180169460912,7.74039243232176e-07,4.53695764319918e-06
"C1_05070C",370.745457617628,1.23403229809323,0.165422899467303,7.4598637919362,8.66119696271994e-14,1.19067019194051e-12
"C1_05080W",348.423231244497,2.28398703732317,0.285434682363736,8.00178527153416,1.22628098230541e-15,1.93192090630081e-14
"C1_05160C",2523.28747326104,-1.40090186277113,0.37134449268588,-3.77251282936394,0.000161611653661447,0.000613272946439687
"C1_05180C",552.725853014127,1.07726534463287,0.171413510645053,6.28459997452343,3.28698954644066e-10,2.93085890744123e-09
"C1_05210C",1000.90043910564,1.31884795195559,0.147378968029417,8.9486849418863,3.59742324395715e-19,7.7414514331092e-18
"C1_05270C",761.031118779613,1.08862014112172,0.153702636685542,7.08263803794666,1.4143575898217e-12,1.66604211257527e-11
"C1_05440C",238.176750485679,-1.76557768169724,0.193041597728093,-9.14609961001321,5.90262619035423e-20,1.35649032072669e-18
"C1_05500W",624.879479887416,1.17021729510585,0.222655909091089,5.25572081101659,1.47445825712155e-07,9.70751436310297e-07
"C1_05540C",928.711960283862,-1.43991079696797,0.155755994791431,-9.2446573173387,2.35995698207994e-20,5.54908803894473e-19
"C1_05700W",839.662518529852,-1.15786548397951,0.2344440992857,-4.93876999893481,7.86168714542675e-07,4.59920026086925e-06
"C1_05760C",49.6948870648731,3.10447441618623,0.454072939024048,6.83695095959421,8.08964178879685e-12,8.65833365444162e-11
"C1_05830W",50.4080953189202,2.32343582906567,0.516341600608418,4.4998036693691,6.80162521865908e-06,3.38137939441909e-05
"C1_05890W",596.870590959594,7.01481914083211,0.474351382912653,14.7882337725235,1.74472296901007e-49,2.00478544929647e-47
"C1_06050C",1012.63204675681,1.03156605508363,0.17355112861331,5.94387408094629,2.7836346236473e-09,2.27853963145323e-08
"C1_06070W",690.206779470959,1.26299020973567,0.179598103836509,7.03231372022383,2.03136415607796e-12,2.33856478459636e-11
"C1_06230C",1132.04555818233,1.70961719777757,0.259455544446928,6.58924904234326,4.42056748506029e-11,4.3143038435925e-10
"C1_06340W",44.7313642292767,2.2895222485054,0.472942494374332,4.84101613988877,1.29176879190775e-06,7.2173137089158e-06
"C1_06610C",4511.11686580342,-1.3040165690333,0.437764170153548,-2.9788106426707,0.00289369544030184,0.00823871212315951
"C1_06790C",534.071668911282,1.19140565433531,0.164912345127644,7.22447827306769,5.03029275973621e-13,6.21389105614474e-12
"C1_06810W",5467.94579455032,1.95781957882449,0.23518951248104,8.32443401991542,8.473261010449e-17,1.5202733167949e-15
"C1_06860W",31.1570135953898,7.2672099505536,1.26951336594326,5.72440601691027,1.03796247726323e-08,7.9895355633306e-08
"C1_06870C",155.590959135511,-6.07551829704566,0.605963325862695,-10.0262145211447,1.16913262746586e-23,3.57789834234527e-22
"C1_07000W",595.121296001595,1.39813266797101,0.191806125246813,7.28930145568561,3.11566210189039e-13,3.92844351977483e-12
"C1_07120W",5412.16030765516,1.40252772226602,0.125542726631463,11.1717162745972,5.60865514767601e-29,2.27711398995646e-27
"C1_07160C",4838.22074515491,3.26345594563597,0.237922888280549,13.7164438832293,8.09389055097677e-43,7.04168477934979e-41
"C1_07170C",400.115176146098,1.8497742091529,0.261632587711509,7.07012159812664,1.5479799190553e-12,1.80597657223119e-11
"C1_07230W",1515.54432471654,-1.23501076845071,0.166523359914034,-7.41644156764714,1.20308923351021e-13,1.61383555772625e-12
"C1_07350C",377.399769217293,-1.04892550302506,0.156833443766393,-6.68814940126836,2.26010343748445e-11,2.28638371001334e-10
"C1_07420C",455.998423801735,1.21685174359605,0.15238517962429,7.98536804298312,1.40103663020168e-15,2.18427061802731e-14
"C1_07480C",19.8914370349708,-1.17494443663849,0.475929943115494,-2.46873400935264,0.0135591964492207,0.0322686621241712
"C1_07580C",87.7606963902551,3.92780998985321,0.619705857129062,6.33818438968731,2.3248849561914e-10,2.10067498267146e-09
"C1_07640C",123.729250766532,1.91401543145673,0.342447958130471,5.5892154881166,2.28097755263507e-08,1.69611151349787e-07
"C1_07670W",31.186987738181,1.45288271906485,0.453796468665238,3.20161750781853,0.00136658324238474,0.00423536485807789
"C1_07710C",2235.01635373734,1.69640924419384,0.140913586172786,12.0386492904505,2.22569968426545e-33,1.12954258976472e-31
"C1_07800W",276.579865722484,1.15075536749998,0.206594511088774,5.57011588272786,2.54569961255693e-08,1.8746445756314e-07
"C1_07890C",4493.34109718682,1.70615239900749,0.152454137133054,11.1912502414968,4.50042636483734e-29,1.85186463255807e-27
"C1_07910C",1023.91705546366,1.66756362091534,0.163107772213607,10.2236919693286,1.55310458270099e-24,4.90072896821193e-23
"C1_07980C",148.242059945247,-1.4001473423866,0.367711168413631,-3.80773678544244,0.000140244430660628,0.000537565516265994
"C1_07990C",284.194689579395,-1.16469484582714,0.215347986984229,-5.40843154439346,6.35790795961004e-08,4.45053557172703e-07
"C1_08050W",1593.02223790457,1.21731707249785,0.118410088330012,10.2805182368006,8.62625094589632e-25,2.76494043476361e-23
"C1_08070W",2924.83953903212,-2.82935720416476,0.220463113820157,-12.8336988221658,1.06171755742476e-37,7.02810861382261e-36
"C1_08080C",1695.55017462395,1.13939812904777,0.12927776178315,8.81356633447126,1.21226325030687e-18,2.5196870970542e-17
"C1_08170C",826.212961992802,-1.48304379149017,0.296514278060058,-5.00159318193032,5.68584734587169e-07,3.41487281423655e-06
"C1_08190C",594.942466955758,-1.40509881509493,0.399432384683766,-3.51773884385303,0.000435240472486654,0.00151625096076067
"C1_08330C",4812.20662545737,2.23904181967471,0.229490015680909,9.75659796366897,1.72856643997744e-22,4.91914468199186e-21
"C1_08400C",2486.05309736977,3.30776161518573,0.216871838094651,15.25214912294,1.59302252122293e-52,1.97989941923421e-50
"C1_08460C",1839.46690354705,-1.31513837295478,0.244316460416376,-5.38292987182874,7.3283094907478e-08,5.07152327257433e-07
"C1_08500C",85703.5044112142,-1.39293285258304,0.21668058491164,-6.42850790323951,1.28862554643589e-10,1.19266406957365e-09
"C1_08520C",561.263667318225,1.04644284772367,0.179976871766967,5.81431845908847,6.08814156950689e-09,4.81516651406454e-08
"C1_08580C",762.653559624483,1.31835799749573,0.17467665562156,7.54741950379433,4.43966768745857e-14,6.22985627111122e-13
"C1_08610C",3445.51035498791,-1.37386017878466,0.173112043657848,-7.93624839586586,2.08388466643284e-15,3.20476202489293e-14
"C1_08790W",849.896722574326,-3.63080329333983,0.222223364012983,-16.3385308717031,5.25027746583035e-60,8.41426046497548e-58
"C1_08810C",1079.76784931977,1.01446126019227,0.198706583566073,5.1053228432914,3.30230235723412e-07,2.03759081616574e-06
"C1_08840W",59.6539242206596,-1.0341172066602,0.362062742861114,-2.85618232488751,0.00428768836545627,0.0118100507216774
"C1_08920W",751.6710749163,1.40995613406913,0.165746527407758,8.50670090119268,1.78952391920613e-17,3.41636384575716e-16
"C1_08930C",578.682783117604,1.374394126769,0.16366532458191,8.39758898398274,4.55739164633741e-17,8.38504988706793e-16
"C1_08980C",4048.1242314647,-1.15267501738206,0.133705694266499,-8.62098674035957,6.63795971520947e-18,1.29153912669731e-16
"C1_09020W",1324.46959234269,1.41080342500162,0.130678579473071,10.7959807237753,3.59602571217898e-27,1.32726039922242e-25
"C1_09030C",3924.01281378236,1.15973260477469,0.101324399798532,11.445738707366,2.46991521866873e-30,1.05187298473375e-28
"C1_09040C",495.863504921921,1.06120901565672,0.199598026047129,5.31673101519626,1.05648066667499e-07,7.12510217059878e-07
"C1_09080C",1517.31676399243,-1.44462756669558,0.209060085663833,-6.91010702549183,4.84288194871306e-12,5.3045235733206e-11
"C1_09100W",141.319564021552,1.31036650160876,0.305946538879957,4.28299174883918,1.8439701215988e-05,8.45615816305474e-05
"C1_09110W",269.567493561042,1.06463950288521,0.23958438242015,4.44369324966345,8.84276564241839e-06,4.32164949139689e-05
"C1_09120W",395.604264548713,2.52348702969655,0.192535321678713,13.106618607403,3.01755039090989e-39,2.26875084946188e-37
"C1_09150W",132.906086168519,-5.13090332422827,0.605179711561632,-8.478313509533,2.28481609405837e-17,4.32128261267561e-16
"C1_09240C",233.104450725456,3.52112854331337,0.256766288209229,13.7133599892371,8.44544595034131e-43,7.24405152641952e-41
"C1_09250W",1602.32610426246,-1.75464907038291,0.259928512249609,-6.75050634190499,1.47330080179751e-11,1.53374391161485e-10
"C1_09300C",55.0387283024135,-2.01471941756142,0.491370985153505,-4.100200212131,4.12792859581016e-05,0.000176290919694838
"C1_09320C",328.588805525042,1.49219172851436,0.459552622165922,3.24705301752278,0.00116606665924252,0.00367564490413404
"C1_09330W",327.059893430465,1.25669774593872,0.46491223033519,2.70308601052002,0.00686989669301061,0.0178610700366444
"C1_09400C",84.187243079827,-3.18612068761257,0.359630779447244,-8.85942157817991,8.04306628558549e-19,1.70077339163943e-17
"C1_09510W",1069.68568320753,1.08401992175758,0.200836471493181,5.39752522884964,6.756637529472e-08,4.69189538819663e-07
"C1_09910C",467.174233276174,1.32077294460714,0.139437301580195,9.47216368675575,2.74106067533492e-21,6.9845437292007e-20
"C1_09930W",33.8098469408063,-1.06233594356383,0.461356493812812,-2.30263572272348,0.0212993474825841,0.048024074849662
"C1_10030W",1109.64390189719,1.04544589434978,0.245026096858567,4.26667162295462,1.98410871684488e-05,9.05788762037879e-05
"C1_10060C",72.760347603609,-2.24679466832429,0.322314468430375,-6.97081542527664,3.15109168019605e-12,3.53409729878342e-11
"C1_10300W",157.98831935684,-1.18574867478324,0.257465899638943,-4.60545911690082,4.11556838602783e-06,2.11687596882682e-05
"C1_10360C",1389.27194862297,-2.81294799460812,0.2419654420277,-11.6254121705781,3.06112349053271e-31,1.38090681906253e-29
"C1_10370W",5.54715046274239,-4.87943451495337,1.48844353968861,-3.27821269994169,0.00104466646226534,0.00333766125606101
"C1_10400C",1020.60804271414,-1.0114800941428,0.23822183032482,-4.24595887271803,2.17660556334069e-05,9.79713812324079e-05
"C1_10450W",1344.88832544886,-2.78717140198803,0.171580812264141,-16.2440739451525,2.46028527863769e-59,3.84183008894962e-57
"C1_10470W",1254.62642861961,1.15119394849599,0.171777472560598,6.70165843830238,2.06067260221388e-11,2.10562015897358e-10
"C1_10700C",1468.70368045267,-1.00375641005778,0.194153293383378,-5.16991698964254,2.34198000806883e-07,1.49190985869657e-06
"C1_10930C",446.581974881411,-1.04185650165392,0.1818980963333,-5.72769326703058,1.01805425474836e-08,7.85798531231627e-08
"C1_11040W",1757.88834238188,1.14190099151362,0.179528553981239,6.36055360660316,2.01027880868666e-10,1.82453024514184e-09
"C1_11080W",1633.31592520579,-3.06760617754741,0.280453734299421,-10.9380115233992,7.58451480766592e-28,2.90501227538902e-26
"C1_11220C",2276.41658349984,1.06213046073528,0.160705111420575,6.60918903789947,3.86431013815075e-11,3.80803377691554e-10
"C1_11270W",3444.17058045823,-2.75407044713083,0.194376945708499,-14.1687093450939,1.43106498366145e-45,1.42871897549152e-43
"C1_11320C",2072.04336180505,2.01615242783653,0.435009250796541,4.63473460425214,3.57395704213683e-06,1.85711590329465e-05
"C1_11340W",32.8902008057266,-1.33676781191408,0.394492888916222,-3.38857264470986,0.00070257415693666,0.00234705244966772
"C1_11410C",86.4067489853957,1.52899351922609,0.40386825916246,3.78587196329049,0.000153170529891001,0.000584100517868628
"C1_11480W",311.494699160458,2.01413045051937,0.555933568093564,3.6229696606131,0.00029123999418453,0.00105574497891892
"C1_11530C",43.5387831605645,-1.54960079406988,0.376047259191974,-4.12076077192948,3.77623377470026e-05,0.000162410054293253
"C1_11630C",29.1379639118138,3.32309103988114,0.502557438222777,6.61236067191201,3.78239061063613e-11,3.73334826884507e-10
"C1_11660W",3375.42628798658,-1.65185950235277,0.119521875531179,-13.8205620938559,1.91568123002303e-43,1.76765131679398e-41
"C1_11700C",1296.70173146734,-2.28131959215576,0.195913333898359,-11.6445345845593,2.44653595015238e-31,1.12025593506977e-29
"C1_11950W",197.924778368401,2.11321088809403,0.239069524431023,8.8393152290046,9.63070385330545e-19,2.01549781672269e-17
"C1_12190W",276.594813936897,-1.48066788138837,0.232071264182896,-6.38022930844832,1.7682301522764e-10,1.61447100860019e-09
"C1_12260W",133.951591608263,1.1506513852255,0.252989570065248,4.54821669102302,5.41024135169474e-06,2.73203729948764e-05
"C1_12280C",372.38855129389,1.44132596128849,0.234364078251584,6.14994401890062,7.75102999184204e-10,6.68608677766544e-09
"C1_12320C",1685.50351423725,1.2738408762606,0.141595110140714,8.99636205653353,2.33320902771944e-19,5.14827644159833e-18
"C1_12340C",1321.62334425335,1.27746289498563,0.138643551417405,9.2140087434695,3.14167568667284e-20,7.3025973022281e-19
"C1_12470W",12.6405785531091,-2.06152416268938,0.725325964767069,-2.84220373022414,0.00448028511640311,0.0122628927455708
"C1_12610W",897.111463540366,1.07379419741021,0.159047128603229,6.75142146130142,1.46403631292183e-11,1.52670910029006e-10
"C1_12850W",6242.24400812968,1.97053878043274,0.163389290877285,12.0603912891251,1.70968702886073e-33,8.82372373369649e-32
"C1_12910W",445.465208580627,-3.97876336286539,0.973125137868224,-4.08864513723432,4.33900032364303e-05,0.000184399943970594
"C1_12930C",55.0937894742318,-1.07001775435681,0.421831948816933,-2.53659723346649,0.0111935653259742,0.0273990405286106
"C1_13060C",2390.84302818883,1.60491706498145,0.156077368550038,10.2828301110607,8.42176363061472e-25,2.71367939208697e-23
"C1_13070C",1037.31017356957,1.96051870883716,0.222539280432843,8.80976475264911,1.2540876083252e-18,2.59775290295934e-17
"C1_13080W",2988.45962405525,12.6224982929439,1.19673589926233,10.5474384955983,5.22008303445764e-26,1.80626736817313e-24
"C1_13130C",174.218420592908,-2.04371119011522,0.286966775878435,-7.12176935416723,1.06550257246585e-12,1.27483510143752e-11
"C1_13140C",5900.08246082132,-1.53991612717403,0.202437503306149,-7.6068717605413,2.80809689379978e-14,4.02383766664486e-13
"C1_13210C",29.0957708152996,1.43267855081802,0.568692442961359,2.51925020026222,0.011760505534925,0.0285117351543365
"C1_13410W",466.575596790013,1.09004803263298,0.151550236011419,7.19265150171621,6.35449929302655e-13,7.75529072034704e-12
"C1_13430C",398.715380576992,-1.12088323493694,0.202098827032716,-5.54621346097912,2.91922404099655e-08,2.12656392460156e-07
"C1_13680C",1650.84689485756,1.70115315024353,0.177971276151899,9.55858263774877,1.19380376742378e-21,3.13373488948743e-20
"C1_13820C",342.994179834658,1.49477234358004,0.184741415649325,8.0911599509306,5.90991843429819e-16,9.62336985691871e-15
"C1_13850C",108.932005114744,2.10522996840131,0.494367246740802,4.25843334541352,2.05864582595335e-05,9.34214089422944e-05
"C1_13950C",121.821139302543,-1.22156015414956,0.289331153145043,-4.22201391336932,2.42129159707407e-05,0.000108424013427802
"C1_14030W",432.499287364165,-1.25391240001255,0.152280155504649,-8.23424691061778,1.80690675704792e-16,3.16208682483386e-15
"C1_14220C",296.722375915337,4.01919545234675,0.284126000238219,14.1458206886274,1.98190932359241e-45,1.91584567947266e-43
"C1_14360C",603.86528728004,-1.54298109100458,0.18861500281768,-8.18058514940121,2.82468803421585e-16,4.77843059121515e-15
"C2_00100C",1619.11636370398,-1.12854474097287,0.116929131996599,-9.65152756804609,4.84288718437413e-22,1.32256425797482e-20
"C2_00130W",18.2517477596663,1.61737045659556,0.550453963265933,2.93824836322266,0.00330072485850845,0.00930190392795765
"C2_00150W",479.166969622036,1.01364459634577,0.128141754817337,7.91033802986931,2.56690944705519e-15,3.91791441918949e-14
"C2_00340C",4702.60511971291,-1.55132360837276,0.202232396911875,-7.67099451948227,1.70667840433108e-14,2.47468368628007e-13
"C2_00390C",2149.02664884068,-1.00994086253508,0.138385576304007,-7.29802114865225,2.92030744776054e-13,3.73627570522304e-12
"C2_00400C",1994.47325603549,1.35237170466183,0.150460103056755,8.98824124925462,2.51218112414789e-19,5.52317077475113e-18
"C2_00610C",176.837815255472,1.08067587363376,0.301222062942757,3.58763851185471,0.000333686477191232,0.00119407421821333
"C2_00640W",243.512046614099,-1.17654429318592,0.16996612488468,-6.92222814389742,4.44594451512413e-12,4.88732889839457e-11
"C2_00660C",228.598600866206,-1.42640563663518,0.229658276165397,-6.21099165443489,5.26512702182702e-10,4.61361490114051e-09
"C2_00750W",79.070149834678,-2.34319767786813,0.345964643358056,-6.77293972911285,1.26191532524599e-11,1.32501109150829e-10
"C2_00770W",422.064984283644,-1.38180572598647,0.172101673165438,-8.0290080890624,9.82638798033776e-16,1.56656290053029e-14
"C2_00860C",637.07846122714,-8.85869471008053,0.800148644342418,-11.0713112778699,1.72852608980978e-28,6.88021169081146e-27
"C2_00940W",615.295947701821,-1.17568164740081,0.245038970201376,-4.79793743188941,1.60307834836825e-06,8.77944886831172e-06
"C2_00990W",2.3591795966518,-5.29163038142984,2.11509399806457,-2.50184170834581,0.0123549150606071,0.0297162056552516
"C2_01000W",59104.8579223814,-6.62155942745282,0.353371567696026,-18.7382348575049,2.41507179030428e-78,6.12824466789712e-76
"C2_01010W",2580.48015032796,1.66331841982755,0.178264748991039,9.33060758922763,1.05265718412411e-20,2.54392152829994e-19
"C2_01030W",1182.18841148965,1.17696258072198,0.138320246448011,8.50896821648125,1.75487929675811e-17,3.36075940794242e-16
"C2_01120W",12586.9538037978,-1.06636806570988,0.156954964310409,-6.79410218335582,1.0898911823068e-11,1.15634796171576e-10
"C2_01250W",253.866800876835,-1.0906691261023,0.232381560280059,-4.69344092873746,2.68647588983141e-06,1.42762985768528e-05
"C2_01450C",58.6647317799288,2.08954696005176,0.470367254954628,4.44237335410035,8.89720028261077e-06,4.34166263790862e-05
"C2_01540W",305.214678531722,-1.2127381727824,0.165201675540968,-7.34095564594715,2.12074088089162e-13,2.74793871587872e-12
"C2_01620W",3126.78585534898,1.35000992382761,0.130721862625991,10.3273461432395,5.30068248528128e-25,1.7170827837959e-23
"C2_01690W",2836.53054147229,1.56405303196148,0.16121842416429,9.70145341681066,2.97233934501945e-22,8.2279757323493e-21
"C2_01740C",674.485642106786,1.37817058955315,0.150314228024692,9.16859706272624,4.79214907510697e-20,1.10546166164399e-18
"C2_01750C",576.895591255649,1.52254755979889,0.208528270657755,7.30139637659854,2.84796373659552e-13,3.65138929597193e-12
"C2_01970C",510.928867237054,-3.39351401016886,0.217892007129123,-15.5742932238806,1.0884952195637e-54,1.44107301894412e-52
"C2_02030W",4141.06284117691,-1.51263764848475,0.181596791590837,-8.32964963330925,8.10819558055017e-17,1.46961044897472e-15
"C2_02060C",150.009424977793,1.24157422357153,0.292490964467444,4.24482932603454,2.18759864214307e-05,9.83934692071736e-05
"C2_02070W",1.52354932480978,-4.9208864947078,2.1294915738861,-2.31082693871744,0.0208424159089761,0.0471159290592666
"C2_02180W",729.374803750727,-1.63557673187473,0.134280264139244,-12.180321079639,3.95720911883696e-34,2.09560030727974e-32
"C2_02220C",18.6695987751955,-1.47004759429992,0.584013521017745,-2.51714650670776,0.0118309622163265,0.0286369474950034
"C2_02230C",967.006756589338,7.13943489699607,0.449357253716051,15.8881042599292,7.66095625537312e-57,1.1108386570291e-54
"C2_02270C",556.440031550637,1.16650708057558,0.141683569318964,8.23318530287369,1.82299867744473e-16,3.1811065746815e-15
"C2_02310W",1542.07674403435,1.3815958809015,0.169363843671439,8.15756097022547,3.41857511911237e-16,5.73529544776704e-15
"C2_02430W",956.776788837341,1.07418809670664,0.217196863249857,4.94568881260003,7.58750858027095e-07,4.45592355389104e-06
"C2_02510W",1364.02773086169,1.0792576972224,0.156969054163477,6.87560808067553,6.17259867995802e-12,6.68881244856661e-11
"C2_02550C",36.0567360637829,-2.86299182771884,0.475920118825658,-6.01569825369713,1.7911294147695e-09,1.50040964731035e-08
"C2_02570W",117.753731599007,-1.49451515834623,0.274194992837774,-5.45055598163478,5.0212593245992e-08,3.57236790733752e-07
"C2_02580W",409.239816110333,-2.18175070592537,0.251155646028417,-8.68684714210451,3.72636996327732e-18,7.32051389559965e-17
"C2_02590W",6489.76773803319,-3.65799889495921,0.151180155502556,-24.1962900672991,2.43405597244128e-129,1.34758189746976e-126
"C2_02600C",86.8684720672007,1.16421469054122,0.289337845937498,4.02372073645945,5.72858411625631e-05,0.00023862569950753
"C2_02610C",169.437939878232,2.84663091965125,0.291955813092412,9.75021147720808,1.84084389714042e-22,5.21429736445822e-21
"C2_02690W",1041.52397583671,1.62347965951551,0.141612062307131,11.4642752394529,1.99422058867167e-30,8.55267844014822e-29
"C2_02860W",2375.53134969602,-1.26306383879278,0.151257607073079,-8.35041531618665,6.80233495579326e-17,1.23660357853078e-15
"C2_02880C",370.847578564094,-2.0576215307838,0.218158537052814,-9.4317717682791,4.03219439535457e-21,1.00639606015202e-19
"C2_02910W",46.2227229437781,-2.13057909172762,0.586188803903766,-3.63462945306849,0.000278380451949034,0.0010133514359651
"C2_02920W",1066.40282342581,-1.12780652586137,0.147978122483488,-7.62144097339267,2.50859348454915e-14,3.60314488700573e-13
"C2_02970C",8428.80181507838,-1.04161359139598,0.143356406226331,-7.26590194896126,3.70557312232124e-13,4.63717557260184e-12
"C2_02980C",902.349790291081,-1.87137492134068,0.180787935674978,-10.3512157177626,4.13205150395649e-25,1.35291363758575e-23
"C2_03080W",4181.28728062606,1.16813734793298,0.163193388597143,7.15799431566822,8.18659487874022e-13,9.91055855468503e-12
"C2_03090C",969.708612322024,1.76149157196312,0.140578974092782,12.5302633863336,5.09930462847335e-36,2.98603511417334e-34
"C2_03110W",16.4064750764167,-3.30735651958127,0.714775945535004,-4.62712342271919,3.70779572446654e-06,1.92174263506394e-05
"C2_03120W",1952.94212975738,-1.62950242362631,0.2404593718487,-6.77662264148145,1.23017640061771e-11,1.29840108834694e-10
"C2_03170W",127.692674968425,-1.24810216648305,0.249773208545911,-4.99694172064749,5.82466619333981e-07,3.49135995250388e-06
"C2_03210W",55.2932950574023,1.57873698266911,0.345700066727374,4.56678240653663,4.9526764712042e-06,2.51978276605126e-05
"C2_03220C",525.310704557725,-2.71593598106718,0.211799099522194,-12.8231705762403,1.21623480569955e-37,7.96437630829062e-36
"C2_03270W",29596.7043491379,-2.35782268721884,0.249644963153411,-9.44470362003627,3.56411530541956e-21,8.9691992603327e-20
"C2_03350W",604.339188811174,6.29966536132449,0.553160710766048,11.3884902501487,4.77185993055981e-30,2.01809909563259e-28
"C2_03470C",4349.01906510692,1.37635216954878,0.0964484352140454,14.2703421418324,3.34931352027435e-46,3.51677919628807e-44
"C2_03560C",1136.16118779362,1.68192515388968,0.145383888771373,11.5688551744178,5.92682051842388e-31,2.63462313556215e-29
"C2_03640W",369.039114028575,1.16686303833105,0.1635797337293,7.13329831103667,9.79918589559782e-13,1.17706197444163e-11
"C2_03690C",232.867865005143,-2.52114449930065,0.309101966522987,-8.15635218261596,3.45294641217852e-16,5.77704495883714e-15
"C2_03700W",324.18422440282,-1.19645403207471,0.15910733047975,-7.51979200749009,5.48634517644273e-14,7.68088324701982e-13
"C2_03710W",11.8842223205567,-1.98447937819537,0.848138492699433,-2.33980581624024,0.0192937684883066,0.0440401237233085
"C2_03750W",1075.94091124323,-1.75368185365467,0.135021797522576,-12.9881388474439,1.42858963794284e-38,9.8864896534908e-37
"C2_03950W",986.318146067744,1.52704340907944,0.156379761308993,9.76496828168276,1.59161804465135e-22,4.57214806222958e-21
"C2_04010C",887.811913995279,-2.79636178678207,0.425201154355284,-6.57656207688825,4.81450050531468e-11,4.66883886582268e-10
"C2_04180C",419.231856742919,2.42125818324041,0.170936639744869,14.1646529781693,1.51614012619833e-45,1.48924086589481e-43
"C2_04190C",599.035251405836,-1.69533532184582,0.189221166851571,-8.95954374478456,3.2602460397194e-19,7.04074410705359e-18
"C2_04230W",2236.79077849602,-2.56440456161899,0.15568560469406,-16.4716870686814,5.86127133277823e-61,9.91531733794983e-59
"C2_04280W",197.902935087876,2.41239896630769,0.26061249490767,9.2566512099213,2.10944348501324e-20,4.99864234386405e-19
"C2_04400W",3108.27434631065,-1.07223789641724,0.167414166389805,-6.40470229933024,1.50663064723911e-10,1.38600916037556e-09
"C2_04460W",4428.09487463734,-1.47986134556443,0.181872048236922,-8.13682674116386,4.05772754936266e-16,6.71509803685289e-15
"C2_04470W",54.654660537694,1.05010424052847,0.312293856348536,3.36255170949152,0.000772256611320212,0.00255600150159788
"C2_04510W",477.456963320531,1.01989394646814,0.223371898783634,4.56590086766484,4.97353776966217e-06,2.52828422514546e-05
"C2_04550C",3229.12130073725,1.63023746290434,0.105559876788228,15.4437226767031,8.31587495422304e-54,1.05507663481705e-51
"C2_04570W",1279.51071833651,1.0814502019439,0.187103343237204,5.77996193565002,7.47175284275278e-09,5.8412034418953e-08
"C2_04590C",2872.86083428556,1.27783664601524,0.136464630827531,9.36386694681503,7.68706115533404e-21,1.88008845124435e-19
"C2_04680W",646.801143954664,1.11422628933833,0.141144221646583,7.89423949730148,2.92090796985808e-15,4.43599240310118e-14
"C2_04790C",712.223200330262,1.46131334814402,0.162665555938977,8.98354503944415,2.62180077491871e-19,5.72285545493008e-18
"C2_04830W",195.415519393485,-1.15660539881981,0.265724983491081,-4.35264077778606,1.34507445363075e-05,6.34181225198025e-05
"C2_04880C",320.003333480887,-1.04871078680385,0.212861818391661,-4.92672098137508,8.36210303015131e-07,4.86391666223701e-06
"C2_04950C",5906.62435745513,1.30999458514788,0.112259646710652,11.6693275235791,1.82862966959695e-31,8.50103411285912e-30
"C2_05000C",966.170007531425,1.41238610697763,0.152131695394415,9.2839700715613,1.63278608088194e-20,3.88424501272305e-19
"C2_05060C",164.340237025647,-2.82754017837697,0.223731264858737,-12.6381092967148,1.30145922147158e-36,8.25613193621034e-35
"C2_05070W",116.483973288763,-3.53783318734202,0.32495010338307,-10.8873120842538,1.32493099643369e-27,5.04301860517574e-26
"C2_05100C",2341.72418804609,1.02531052592102,0.166096816930438,6.17296914455878,6.70192952616077e-10,5.8223610291468e-09
"C2_05130W",368.570238605429,1.82374277057662,0.169981979589487,10.7290359541702,7.43679569985672e-27,2.71198118635494e-25
"C2_05160C",1212.01961154814,1.13696622587424,0.250997092701418,4.52979838785127,5.90399981108616e-06,2.96416808322463e-05
"C2_05300C",1271.16687962329,1.6058060408482,0.136170401780128,11.7926217434613,4.26067604154253e-32,2.04311158212551e-30
"C2_05360C",285.113422757819,-1.40657737579081,0.313887903153285,-4.48114553527065,7.4243460330768e-06,3.66701276086275e-05
"C2_05460W",41273.5637469151,-3.03656242847152,0.23463845846228,-12.9414523449048,2.62617404613738e-38,1.79701122932322e-36
"C2_05480C",79.3429086203065,1.15392977008178,0.35450783220666,3.2550191145258,0.00113384734355478,0.0035870806868824
"C2_05500W",4320.34418638321,1.27893957675487,0.157825145809394,8.10352222515573,5.33904682628786e-16,8.74053633658416e-15
"C2_05660W",2670.76843677502,-2.16747197002182,0.167675019308885,-12.9266242458513,3.1849875475165e-38,2.15517490715283e-36
"C2_05700W",5870.6584071081,-1.1934896134279,0.0928550468997359,-12.8532551894203,8.24656318667641e-38,5.5188538249296e-36
"C2_05760C",1382.29096512964,1.14916851418334,0.134621580757475,8.53628747870373,1.38603258242721e-17,2.66275660157152e-16
"C2_05990C",383.839079592751,2.32788106791905,0.189204573496587,12.3035137306606,8.67180194833694e-35,4.84507099682312e-33
"C2_06070W",651.399467777449,1.68049267415761,0.142075852417689,11.8281371926394,2.79270711984885e-32,1.39406445572783e-30
"C2_06190W",1719.44871739242,-1.24690214400641,0.198475538936119,-6.28239706862685,3.33392005066646e-10,2.96835864160215e-09
"C2_06260W",84.7909107894497,-1.30098033233249,0.292470405459389,-4.44824607224451,8.65743162650179e-06,4.23824426088391e-05
"C2_06360C",647.287634931624,1.74247190312207,0.239818131152637,7.26580552832778,3.70821757612003e-13,4.63717557260184e-12
"C2_06390C",4149.08193142641,1.10943768165182,0.138828175950046,7.99144463333603,1.33366611160363e-15,2.08792458089103e-14
"C2_06460W",334.235544290537,-2.39809194265846,0.298765592516972,-8.02666706850531,1.00156407443357e-15,1.59256532984345e-14
"C2_06470W",251.187053246472,-1.7074946941122,0.321820513817202,-5.30573602614431,1.12219257888386e-07,7.5348983521529e-07
"C2_06570C",4061.60878304242,-1.53348800440122,0.239164377667914,-6.41185790021999,1.43756803430656e-10,1.3264832316556e-09
"C2_06590C",65.7489381900517,-2.81595626112915,0.400905257042891,-7.02399435193208,2.15613528241677e-12,2.45896327152025e-11
"C2_06630C",70.6777918824917,-1.0920016850131,0.313946774155576,-3.47830197634697,0.000504601115439687,0.00173030450057866
"C2_06680W",3604.38534118548,2.90612344307199,0.38287968649646,7.59017400391351,3.19476177229872e-14,4.55395709607326e-13
"C2_06890C",546.210207946808,-2.54371818848639,0.231393150408389,-10.9930574176329,4.1270435559609e-28,1.60087230928674e-26
"C2_06940C",568.584739352355,-1.79929792376683,0.171480394187876,-10.4927326082275,9.32905834391561e-26,3.20982854883876e-24
"C2_06990W",333.248509965316,4.61141865738522,0.272258402803313,16.9376541179397,2.37404684811328e-64,4.25233685441467e-62
"C2_07030C",850.152534280136,1.16412574084389,0.158501862322396,7.34455560197791,2.06443860350951e-13,2.68068893291534e-12
"C2_07060W",648.655064688114,-1.35271358820334,0.203401965298483,-6.65044502504339,2.92208131833198e-11,2.90301390353047e-10
"C2_07140W",1291.21695913035,-1.84712460599444,0.146961019221557,-12.5688064479856,3.13419771148695e-36,1.85313243329665e-34
"C2_07190C",1269.16826818445,1.49113923696402,0.22414554356936,6.652549112593,2.88059648395192e-11,2.87587419463397e-10
"C2_07270W",890.438021957724,-1.40348491423354,0.1969786824808,-7.12505991286821,1.04035424095349e-12,1.24719632429267e-11
"C2_07280W",19.4563391427328,-4.78042361597593,0.7051710542251,-6.77909790444966,1.20928562208632e-11,1.27856761085168e-10
"C2_07380W",10073.4736311259,1.05148618913551,0.216872108174803,4.84841595346136,1.24451237300214e-06,6.95966974433704e-06
"C2_07410W",829.459144054307,-2.83513380624286,0.205503993506841,-13.796003463789,2.69378201791572e-43,2.44852723718011e-41
"C2_07440C",358.357588177757,-1.78484648686075,0.178667938399989,-9.98974132037591,1.69022245305279e-23,5.09576967281757e-22
"C2_07550W",2567.06648663626,1.11617532292081,0.0885999359084167,12.5979247216902,2.16773243602613e-36,1.32014905353991e-34
"C2_07570W",4671.1974561146,-4.68890919020621,0.267369913054838,-17.5371609192411,7.45605111612086e-69,1.56577073438538e-66
"C2_07580W",133.841609428169,-1.27839392311694,0.227408620683537,-5.62157194953465,1.89227657644516e-08,1.41920743233387e-07
"C2_07640W",756.986826933928,-1.31648634863456,0.174200450677014,-7.55730736354678,4.11498796643412e-14,5.8009899804592e-13
"C2_07680W",996.857525829903,1.46748685547781,0.162483163712017,9.03162408924264,1.6914257128565e-19,3.78705242327063e-18
"C2_07750W",197.267581338051,-1.28981458534676,0.237491164311537,-5.43100030304624,5.60390393248081e-08,3.96024962682363e-07
"C2_07760W",557.77201083345,-1.9324694301109,0.260495663800898,-7.41843223765877,1.18514785050179e-13,1.60034377152016e-12
"C2_07800W",449.405891351264,1.1598736511247,0.188246518882792,6.1614613540178,7.2076662365984e-10,6.23504082114833e-09
"C2_08050C",118.98653890301,-3.05876572659436,0.468594846886665,-6.5275274513084,6.68642559739331e-11,6.38249716114816e-10
"C2_08100W",786.886851672471,-1.934971444883,0.160515049843054,-12.0547664955713,1.83050522681968e-33,9.36787969019481e-32
"C2_08260W",1502.46427234353,3.8777312945194,0.792133294864137,4.89530148481449,9.81551320755092e-07,5.60754929024251e-06
"C2_08340C",18.9903571738361,1.80329555541579,0.582750206815771,3.09445716934061,0.00197173401378793,0.0058919824062652
"C2_08420W",221.090932342009,-1.07045537715045,0.249401309250222,-4.29210007104043,1.76991144113868e-05,8.15954631077561e-05
"C2_08430C",4.31601156199002,-5.35630175662565,1.47799286312463,-3.62403763256468,0.00029003937592308,0.00105201893947085
"C2_08510W",93.7736989198269,-1.00536878485357,0.253202151571783,-3.97061706866478,7.16867205318711e-05,0.000293198205533308
"C2_08870C",2504.56737621102,-1.18950029052632,0.230855395796462,-5.15257738040946,2.56930544734171e-07,1.61643286924701e-06
"C2_08900W",1079.72807515873,1.12484865648299,0.189605026616557,5.9325887955376,2.98195022088931e-09,2.43432665485468e-08
"C2_09030W",97.7409513409367,-1.03979107214915,0.292599813403867,-3.55362862352189,0.000379955346518727,0.00133907873859898
"C2_09060C",6539.49990003257,-1.53945547468622,0.157899740288149,-9.74957572366419,1.8524082272149e-22,5.22276208506424e-21
"C2_09070C",1720.60183079264,1.29559466920406,0.199703271333358,6.48759862847397,8.72152466689027e-11,8.23474189478477e-10
"C2_09120C",21.5554514333319,2.32362538613786,0.59778130831173,3.8870827070527,0.000101456193183985,0.000402520010742976
"C2_09220W",2057.85492616721,-1.75742451348376,0.22159021093269,-7.93096638198331,2.17447082166336e-15,3.33564919494456e-14
"C2_09350W",151.277527718931,1.50918686567435,0.263648842272604,5.72423096064234,1.03903319641344e-08,7.9895355633306e-08
"C2_09510C",777.128509132384,1.25144608815036,0.138031609264489,9.06637323739664,1.23044416278602e-19,2.78565239827765e-18
"C2_09590C",358.684817615188,-1.53043871943825,0.187265706843645,-8.17255195963919,3.01933592181064e-16,5.07949054249358e-15
"C2_09800C",126.588219070422,7.66785617449574,1.21262475839703,6.32335446014798,2.55945266861585e-10,2.30237322775045e-09
"C2_09880C",349.362661098218,1.43189089049498,0.330597875111153,4.33121625483394,1.48287951566023e-05,6.95206793715997e-05
"C2_09900C",912.579992414533,1.28970070801217,0.176967835625812,7.28776900870936,3.15129655057628e-13,3.9651644613656e-12
"C2_10000C",10.3893066834233,-2.1606087210934,0.818907773320577,-2.63840299418868,0.00832975281504641,0.0211720344923342
"C2_10040W",5.41816461617291,4.73157582907699,1.45963184963825,3.24162276278751,0.00118851232430984,0.00373865705322672
"C2_10070W",70.8479378719475,-3.13991789394189,0.752640602391777,-4.17186886272639,3.0211150138577e-05,0.000132937792156022
"C2_10110W",2421.16694901338,1.33795126027406,0.116118005952323,11.5223409952752,1.01806856748122e-30,4.42859826854331e-29
"C2_10150W",79.2570051056391,1.38711482047009,0.350156082671544,3.96141860477474,7.45057808660716e-05,0.000303911725033072
"C2_10240W",1649.8702726186,-1.12916338030527,0.235487746569507,-4.79499845216781,1.62676086908408e-06,8.90114437800723e-06
"C2_10300C",145.540702440867,-1.1111469889074,0.24668265654434,-4.5043579653022,6.65739064417729e-06,3.31779942905398e-05
"C2_10350C",3909.28275413757,1.66025591586246,0.141694943136439,11.7171148039051,1.04159228002785e-31,4.91728448478263e-30
"C2_10360C",884.41385125431,1.24041293636075,0.149656652891637,8.28839154420293,1.14790165227624e-16,2.04407048607085e-15
"C2_10580W",214.920480654693,-3.14335086296035,0.223169370167554,-14.0850460822663,4.69352532942414e-45,4.46618269628016e-43
"C2_10590W",1778.18761242823,-1.51572595493263,0.216396505811892,-7.00439200367778,2.48060678671699e-12,2.8079731098711e-11
"C2_10690W",1788.44779155759,-1.29801532121407,0.223980402048074,-5.79521828403302,6.82323748945466e-09,5.3617440401005e-08
"C3_00010C",27.463170120027,-1.52731681365373,0.610060316534812,-2.50355050518448,0.0122954130451579,0.0295847749683966
"C3_00180C",108.227640555832,-1.22763050528291,0.310552510554735,-3.95305290911998,7.71603669702505e-05,0.000313271089899217
"C3_00210C",144.587434522829,1.38980071754476,0.26919887688733,5.16272851363509,2.43375991680419e-07,1.53910673866433e-06
"C3_00220W",522.968014090493,5.57983284681863,0.357591414042239,15.603934064702,6.84433170175697e-55,9.47317728720453e-53
"C3_00250C",2174.96745418749,1.52572127038821,0.15771501462396,9.67391262034238,3.89206976713694e-22,1.06768940909297e-20
"C3_00310C",146.076723295312,-1.1068610579541,0.320791690179272,-3.45040439587305,0.000559747385838391,0.00190545644480481
"C3_00320W",5032.04846077057,-2.70480417369395,0.442875189088298,-6.10737345495028,1.01284058358108e-09,8.69985776305891e-09
"C3_00340W",324.943897894985,1.11086874688198,0.200038743833611,5.5532679599607,2.80377770803275e-08,2.05228440407686e-07
"C3_00450C",2303.19904977207,1.06715303057481,0.129847964997408,8.2184809796296,2.06096918629452e-16,3.56571089333341e-15
"C3_00460W",5277.84782175895,1.07327308627789,0.123339570876376,8.70177412368032,3.26735424882872e-18,6.46045044654769e-17
"C3_00520W",404.031643691542,-1.06529761137399,0.16931958244927,-6.29163854507591,3.14132267351412e-10,2.80920045252584e-09
"C3_00810C",3127.02420500675,1.22052283509905,0.164497943435815,7.41968446295671,1.17399687267554e-13,1.5888091010209e-12
"C3_00880W",5706.10137265358,1.98098986327226,0.183108746507763,10.8186523093711,2.80877076970129e-27,1.05588975231363e-25
"C3_00920W",1034.43120991195,10.0835469741158,0.731708590131983,13.7808235547665,3.32457768260583e-43,2.93430117203906e-41
"C3_00940W",927.141886481992,-1.75573676874432,0.177546389517438,-9.88889029800223,4.65155387688854e-23,1.36850063334547e-21
"C3_01080W",454.479222528656,1.24350845784707,0.170525146032297,7.29222925052681,3.04867813483966e-13,3.85798217631194e-12
"C3_01090W",431.561491195415,1.02120724333435,0.188895722980481,5.40619568945914,6.43774588709289e-08,4.49608629041235e-07
"C3_01180C",480.71682610766,-1.64312608008342,0.200708843701463,-8.18661524714592,2.68675377307901e-16,4.55775222229837e-15
"C3_01270W",27.9530246693535,-7.87346008042149,1.25537305083648,-6.27180906518206,3.56877054140206e-10,3.1728193572465e-09
"C3_01280W",364.11549852329,-1.3188386131146,0.257415690408668,-5.12338082818822,3.00105350086255e-07,1.86303932928165e-06
"C3_01410C",1422.64288427792,1.50499597361559,0.118054207760166,12.7483467313006,3.1842670087603e-37,2.06299851950535e-35
"C3_01480C",802.094172472195,1.65720924475694,0.153224828042022,10.8155399221754,2.90576570965678e-27,1.08565111483496e-25
"C3_01490W",10845.1908364566,1.01882113154465,0.129948852167317,7.84017030202669,4.49935791409584e-15,6.76570115971449e-14
"C3_01540W",2172.79149586725,-5.21712998702697,0.674511473478448,-7.73467938228284,1.03664018568955e-14,1.51758142568495e-13
"C3_01610W",3210.11867434642,1.21125733801844,0.0971337721241804,12.4699917601255,1.08837305022507e-35,6.31256369130539e-34
"C3_01640C",16.7197746593146,1.87212027749736,0.709927337396372,2.63705900432469,0.00836282837576832,0.0212422606192651
"C3_01710C",315.554392287178,1.40859651621731,0.300026099534945,4.69491327054782,2.66719863325323e-06,1.41862355253381e-05
"C3_01800C",533.929727346501,1.00640409973189,0.208263863887711,4.83235104230326,1.34930062232019e-06,7.49748247256381e-06
"C3_01850W",804.963875636595,1.6127846259516,0.172900392941143,9.32782510506267,1.08065547724562e-20,2.60126160333036e-19
"C3_01930W",1239.4067836922,4.81766073236597,0.260391818114025,18.5015826044746,2.00499125394136e-76,4.88415869460116e-74
"C3_01940C",389.037224813262,-1.44554905836637,0.218174220304077,-6.6256639136909,3.45690891650468e-11,3.41762586063531e-10
"C3_01970C",16.815419710859,4.04259343893307,0.898189947382003,4.50082240478888,6.76910462968642e-06,3.36796137212339e-05
"C3_02060W",145.893580805233,-1.44894329555466,0.404457205668532,-3.58243906956653,0.000340401028975752,0.00121443600847237
"C3_02090C",559.84208209035,-1.12571833377565,0.167726593954679,-6.71162698313556,1.92466195758892e-11,1.97993096650617e-10
"C3_02190C",1066.93676656687,1.05674750021389,0.119305107139635,8.85752106971476,8.18133533750124e-19,1.72402533582638e-17
"C3_02300W",313.235385555505,-2.61583910263396,0.268495300192929,-9.74258804811233,1.98435040734504e-22,5.56898340125865e-21
"C3_02390W",197.589714259122,-1.20677104624977,0.242550307874997,-4.97534328784157,6.51321091222917e-07,3.86226430919919e-06
"C3_02530W",477.17983927235,-1.10435995749789,0.132648348771601,-8.32547082360911,8.39942219968158e-17,1.51338701763494e-15
"C3_02610C",4260.81008045386,-1.67844249274926,0.115879189737656,-14.4844168875287,1.52007151396691e-47,1.68313373091973e-45
"C3_02650W",12.0133288905117,2.20346676698776,0.734639417930718,2.99938543073871,0.00270524844327967,0.00775657392635272
"C3_02750W",41.2915330728519,-1.77650818983062,0.445474931360459,-3.98789710658971,6.66615622334245e-05,0.000274118105335284
"C3_02790W",96.0549643281245,1.33194946538445,0.396801875818862,3.3567116149231,0.000788753356217796,0.00259649077803588
"C3_02850C",224.281507430148,-1.14786833712602,0.212378773566667,-5.40481667658609,6.48747104566944e-08,4.52562413151511e-07
"C3_02930W",23.2247672837384,1.42129745733771,0.462842650016194,3.07080053510191,0.0021348571660042,0.00629297199465903
"C3_02940C",1631.11104053607,1.13318293396521,0.124440100809928,9.10625213729177,8.5276996316618e-20,1.94508205081724e-18
"C3_03010C",1349.42951738513,1.71135728201682,0.145042625718224,11.7989954576629,3.94998544634931e-32,1.90915963240216e-30
"C3_03190C",397.915694205326,1.05514625732909,0.155214107681706,6.79800485335296,1.06077882983873e-11,1.12742462019509e-10
"C3_03360W",366.881848146001,-1.72982012489281,0.234864326339469,-7.36518888097358,1.76896222370542e-13,2.3166374386568e-12
"C3_03420C",8982.71355127783,-2.55875366911554,0.143698320666804,-17.8064270844791,6.30056069183452e-71,1.37037195047401e-68
"C3_03430C",230.94658183066,-1.07403199315574,0.163189663342766,-6.5814952439716,4.65740409732258e-11,4.52949678116818e-10
"C3_03440C",76.7101736482995,-1.35335587559863,0.271581606442751,-4.98323834712241,6.25288490321643e-07,3.7223918925306e-06
"C3_03580C",273.318921472662,5.9092726708601,0.467191967415099,12.6484894497549,1.14046456767902e-36,7.31097812333182e-35
"C3_03640W",135.897824609726,-1.1031434791279,0.247059204426238,-4.465097674421,8.00322318620465e-06,3.93696520226061e-05
"C3_03650W",1095.26916711127,1.19160603669102,0.194114910867867,6.13866308035521,8.32188533595092e-10,7.16835667552208e-09
"C3_03700C",19.4908224086544,1.46922130632609,0.546168528384536,2.69005120209282,0.00714410568229002,0.0184874628191477
"C3_03870C",1281.31561456705,-1.23035519679684,0.269498615724284,-4.56534885528163,4.98664376087079e-06,2.53072170864193e-05
"C3_03980C",147.296266698568,1.00825129573835,0.217870752365437,4.62774963959917,3.69660509694342e-06,1.91757453495617e-05
"C3_03990C",107.188499987204,1.11954443133499,0.257070126770065,4.35501567374398,1.33057397219065e-05,6.28642008583481e-05
"C3_04000C",944.184845747374,3.69483811049769,0.17966693327971,20.5649311370249,5.65801477390905e-94,1.81354263016348e-91
"C3_04080W",2374.55897934316,1.48798760563161,0.109686537908449,13.5658179572919,6.38632471619069e-42,5.25577263805423e-40
"C3_04190W",65.5756696914025,-1.32828597602094,0.437408417719971,-3.03671790987641,0.00239169165486146,0.00694914226054691
"C3_04270C",924.788734587882,-1.31203354744382,0.461745042125945,-2.84146753672333,0.00449064236804587,0.0122857196861632
"C3_04310C",3.06364357263973,-5.2758359898582,1.71599129490898,-3.07451209426913,0.00210847172432697,0.0062272516009463
"C3_04330C",778.768084953538,-1.42729674441686,0.163856895266766,-8.7106297363511,3.02191237530534e-18,5.99460793668063e-17
"C3_04340W",1970.71460763971,-2.37350299872015,0.247240079627597,-9.5999928583392,7.9949963536405e-22,2.11693599102916e-20
"C3_04430W",4700.47700311354,1.69736793638734,0.124504341122806,13.6330020389661,2.54875976443277e-42,2.15582596741605e-40
"C3_04480C",28.3471688286607,-4.30685399383867,0.709131668682155,-6.07341934374824,1.25214904674056e-09,1.07251585016175e-08
"C3_04520C",2128.25514485868,1.47962737483379,0.151998782480484,9.73446859696897,2.14938152682924e-22,6.00446490751838e-21
"C3_04550C",1425.04408230061,-3.10557721980112,0.199314271062245,-15.58130887091,9.75369536454015e-55,1.3200001060011e-52
"C3_04630W",403.14386246177,1.31874621091227,0.196994476383737,6.69433090267673,2.16660654845506e-11,2.20471199986156e-10
"C3_04660C",150.137949347983,1.63785750237488,0.286790995739806,5.71097951715626,1.1232776645467e-08,8.58313798881982e-08
"C3_04900W",934.859007618538,1.17491014914576,0.248417524804805,4.72957835832616,2.24986607385583e-06,1.21039614750724e-05
"C3_05050W",377.294687788732,7.55017369154839,0.749882568548193,10.0684747295378,7.61498268940288e-24,2.34218406961937e-22
"C3_05080W",26.711822934301,-1.63927409773015,0.559314021339527,-2.93086537291552,0.00338019234435297,0.00950825467764876
"C3_05220W",3793.91896458507,-1.24252982410213,0.199789599298004,-6.219191732042,4.99722368368698e-10,4.39784569850487e-09
"C3_05230W",15.7871276016314,1.7859858855791,0.771558413394899,2.31477728007743,0.0206251239350838,0.0466767018820737
"C3_05270C",278.624269773427,-1.13737615502582,0.249181110892404,-4.56445575249455,5.00791806022303e-06,2.539402247024e-05
"C3_05450C",520.1633905277,-1.52701661694406,0.284347998773212,-5.37023866365232,7.86325076032181e-08,5.41098272659433e-07
"C3_05470W",880.071244147801,-2.37697540987809,0.181560433191139,-13.0919240943632,3.66211869557704e-39,2.68702444048966e-37
"C3_05570W",247.783680276793,-1.42477203180031,0.263425869311267,-5.40862609858861,6.35100636206558e-08,4.45053557172703e-07
"C3_05580C",474.960371543763,2.75727264169684,0.290938807898474,9.4771565939014,2.61306278894155e-21,6.68636654817396e-20
"C3_05590C",4502.37677670516,-2.08506078723958,0.189343277617403,-11.0120666203569,3.34247348460021e-28,1.30485022571893e-26
"C3_05600W",64.2978305962723,-2.76433792751037,0.472110279526487,-5.85528010591704,4.76206718775732e-09,3.80091601224667e-08
"C3_05630W",36.6085632200545,7.35428292544504,1.25668885143164,5.85211121835523,4.8537186152789e-09,3.86394070157497e-08
"C3_05640W",6.40934802753501,5.8437012560345,1.51131703931612,3.86662831425419,0.000110350414979483,0.000433570340145193
"C3_05710W",4254.51756612227,-1.22405005367099,0.165780545397217,-7.38355668174519,1.54116010646213e-13,2.02714147912622e-12
"C3_05780C",525.309519850382,-1.40242294848463,0.252499657593995,-5.55415782281829,2.78953366174205e-08,2.04431528279291e-07
"C3_05810C",88.5611455070159,1.03426943552607,0.353553730234483,2.92535291549639,0.00344065781396608,0.00965603967145318
"C3_05930W",1025.69130494776,-1.82931908178206,0.176427340611603,-10.3686825150827,3.44237946785467e-25,1.13319410590459e-23
"C3_05980C",754.558688357163,1.43243209962502,0.191604924815301,7.47596702436444,7.66381740490498e-14,1.05833668924878e-12
"C3_06030W",1668.50718285063,1.12388463815564,0.158762954184923,7.07901061633414,1.45187264124946e-12,1.70693134849599e-11
"C3_06040W",66.9926274678782,-1.4896561760845,0.384226172301191,-3.8770294255665,0.000105739574070376,0.000417609601873275
"C3_06050C",641.013523096566,1.59452505224171,0.172327465803454,9.25287820375846,2.1852737814593e-20,5.15826253065394e-19
"C3_06130W",3.4096908265908,-4.95112305278317,1.56355874731808,-3.16657308929113,0.00154246578520194,0.00471567099993967
"C3_06140W",230.184008197952,-1.0334087584375,0.207964384488917,-4.96916220042749,6.72428044122342e-07,3.96810735339638e-06
"C3_06240C",311.368587968533,1.55066206560845,0.216099301915868,7.17569215569311,7.194227231581e-13,8.74507861084397e-12
"C3_06280W",1010.30750285688,-1.03303904502126,0.20727736002723,-4.98384891087742,6.2331758406759e-07,3.71428971327947e-06
"C3_06340W",154.344417321127,-1.0717974425933,0.233783591045861,-4.58457087513489,4.54919760884831e-06,2.32811877629296e-05
"C3_06540C",165.069716460409,1.05212709046096,0.262680359193651,4.00535119447327,6.19254075404058e-05,0.000256025615696586
"C3_06580W",662.751117019626,7.90990918361275,0.838475294035608,9.43368187456319,3.9594100993798e-21,9.9229660515321e-20
"C3_06760W",679.111840387413,1.06799431362986,0.250894874351626,4.25674026378507,2.07429101993291e-05,9.40612979254759e-05
"C3_06850W",540.331148242927,-2.56054726961712,0.209306589628688,-12.2334766151393,2.05932196654111e-34,1.11975631930673e-32
"C3_06870W",175632.796694021,-1.47817254225748,0.166614551987294,-8.87180936254717,7.19669041267476e-19,1.53244211934228e-17
"C3_06920W",1255.02580515437,-1.9754873251011,0.147663687836302,-13.3782878786766,8.09915557485944e-41,6.24352625960683e-39
"C3_07060W",1730.30720841938,1.03835992280848,0.14963297428531,6.93937902235779,3.93827208378253e-12,4.35210038722903e-11
"C3_07160W",340.636681881548,2.30977168619182,0.27012180202595,8.55085250012483,1.22182682274373e-17,2.35472321218648e-16
"C3_07180C",573.183309235332,1.64992574424133,0.251063242833323,6.57175349773,4.97261377717217e-11,4.80685998459976e-10
"C3_07260C",1150.18528363609,-1.04047693421514,0.190624575569002,-5.45825180782377,4.80845404996478e-08,3.43299943309326e-07
"C3_07280C",722.582837140943,-2.45892493212401,0.189287847979439,-12.9904003789567,1.38699556726939e-38,9.70896897088576e-37
"C3_07330W",327.369884567152,-1.36414766544051,0.179866443035697,-7.58422550875582,3.34478971288377e-14,4.72616458270584e-13
"C3_07360W",679.424725842215,-1.19296880216618,0.154195774273314,-7.73671527503488,1.02018175331191e-14,1.49708599461917e-13
"C3_07380W",404.889856148259,-1.33072877611255,0.167343470064109,-7.95208068532791,1.83404734155837e-15,2.83485997718033e-14
"C3_07390C",898.842234613007,1.3780547977055,0.164899844312648,8.35691994404027,6.43769554506259e-17,1.17381933740812e-15
"C3_07440W",17657.9001589644,-1.18063555680977,0.188460243046728,-6.26463989286606,3.7368795665134e-10,3.31743390088434e-09
"C3_07550C",565.205290799155,1.13547957664452,0.168585744335766,6.73532380284197,1.6356526526784e-11,1.69406881884548e-10
"C3_07640C",2607.33498292374,2.21721068639784,0.175925781340894,12.6031026805646,2.02998987883911e-36,1.24875134971012e-34
"C3_07830W",1009.43724292084,3.11004224745262,0.218178088513573,14.2546039734835,4.19676286980661e-46,4.33191286052919e-44
"C4_00080C",513.521047842622,2.01567733634853,0.164209294990463,12.2750501819376,1.23315325981012e-34,6.76567869571496e-33
"C4_00190W",87.6611574961913,-1.16477287818557,0.327378382622428,-3.55787962801723,0.000373860556574557,0.00132142239671448
"C4_00270W",22113.3470698113,1.01605888268645,0.137018366035303,7.41549408365193,1.21172214871276e-13,1.621843491354e-12
"C4_00330C",2185.82825388863,1.28906856967186,0.129447969853343,9.9581984262271,2.32232757194254e-23,6.89901215274638e-22
"C4_00430W",1768.27607187071,-3.13300734912952,0.397389851070725,-7.88396417444472,3.17155250006021e-15,4.80466535456883e-14
"C4_00440C",532.970783550913,-1.28946772723498,0.309699825780868,-4.16360494870722,3.13261935929829e-05,0.000137447059784774
"C4_00520W",616.713424152177,1.30948736857417,0.149941783326413,8.73330528371476,2.47336335537218e-18,5.00424678877626e-17
"C4_00650W",2169.55518608029,-1.08265397088679,0.192378831002447,-5.62771883603458,1.82608419188536e-08,1.3729447813064e-07
"C4_00660W",1169.40037616179,1.43591431068063,0.147125566184197,9.75978783240778,1.67505282586961e-22,4.78923554438776e-21
"C4_00810C",192.555257694302,1.66487744387631,0.208119038872865,7.99964026786296,1.24783227874684e-15,1.95858210762068e-14
"C4_00820W",291.786088004136,1.61461889702333,0.187667280391572,8.60362495611587,7.72370792416974e-18,1.49325019867282e-16
"C4_00860C",227.777062467713,-1.44796449322625,0.284014796288598,-5.09820091117689,3.4289677768769e-07,2.10933472335155e-06
"C4_00990W",239.848770435827,-6.82661991498931,0.839767477447636,-8.12917872901906,4.32208652090331e-16,7.11392078710842e-15
"C4_01070W",10596.4070942068,11.2219316340642,0.330333989237459,33.9714712977882,5.87919811368714e-253,1.79021582561773e-249
"C4_01090C",115.97697370793,-1.01511185453099,0.211536913371141,-4.7987457051998,1.59662354941188e-06,8.75196887121363e-06
"C4_01100C",191.719446657044,3.08814413398229,0.366416921593137,8.42795174566558,3.51768052140833e-17,6.55127656739349e-16
"C4_01140C",415.524493306925,1.35324937129523,0.18192245216272,7.4386055992958,1.01753618609845e-13,1.38630768978514e-12
"C4_01160W",454.073878081733,1.97168711651458,0.516241940298273,3.81930827893485,0.000133826427423525,0.00051615132552835
"C4_01200C",628.962674452359,1.54997813349124,0.233092077183125,6.64963885612261,2.93813045335849e-11,2.9142043096015e-10
"C4_01240C",231.046991834298,-1.22111824875189,0.23768555920367,-5.13753655393734,2.78363334039646e-07,1.73870020953994e-06
"C4_01390W",54.737741498214,-1.54609000427609,0.569524191351011,-2.71470470922139,0.00663348888870435,0.0173233050309646
"C4_01690C",1229.43227038779,-1.21899826983107,0.158755477555627,-7.67846431883862,1.61006989058768e-14,2.35139703445539e-13
"C4_01750C",59848.0529672481,-1.08792594462979,0.205885083838212,-5.28414164031766,1.26295510890524e-07,8.41509476283689e-07
"C4_01760W",853.962333541821,-1.16721710146012,0.218078583138031,-5.35227753530173,8.68540494925208e-08,5.93648890470765e-07
"C4_01800W",39.2458188391324,-4.86355542385837,0.689926632640274,-7.04938060623355,1.79715959866488e-12,2.08470513445126e-11
"C4_01930C",280.351400306391,1.39926409762902,0.230419577756843,6.07267885503042,1.25793867300476e-09,1.07596158969087e-08
"C4_01940W",40.9628257928458,3.59060668996394,0.60020562418453,5.98229430929161,2.20016262134037e-09,1.81804482550378e-08
"C4_02020W",2133.91862973427,2.25670008491345,0.185264609444741,12.1809561560464,3.92651362830361e-34,2.09560030727974e-32
"C4_02070W",177.215364114192,-1.24073817597392,0.207107353086638,-5.99079732072518,2.08814743834186e-09,1.73017930605468e-08
"C4_02140C",950.897566028413,1.10748218542542,0.199380632506677,5.55461265972427,2.78228022368142e-08,2.04145621231564e-07
"C4_02190C",109.086075714892,1.94320850969388,0.404311952389213,4.80621089287819,1.53817644756988e-06,8.44679401776425e-06
"C4_02230C",73.1283486757365,2.79528141377929,0.402072447725419,6.95218344254274,3.59675269440215e-12,4.01176262067932e-11
"C4_02260C",451.320493513106,1.63200719880721,0.153114641152641,10.6587272550915,1.58755057969341e-26,5.72081836114369e-25
"C4_02340W",1766.83510819734,-1.38879947911333,0.153342953536105,-9.05681967829277,1.34309379965483e-19,3.02942268144367e-18
"C4_02360W",2048.0498929768,-1.02676912391948,0.153423219766476,-6.69239718396156,2.19543997421681e-11,2.22837157383006e-10
"C4_02410C",6430.76730988554,-4.08298116789638,0.193543194205868,-21.0959687042955,8.66133265525981e-99,3.29671974190826e-96
"C4_02500C",500.750149481572,2.05580598861633,0.27425859010862,7.49586726819435,6.58614137428423e-14,9.13658336432596e-13
"C4_02560C",9.53801092858372,-2.70329944344046,0.785557354190451,-3.4412502524737,0.000579032731702686,0.00196780654914585
"C4_02640C",172.208668288927,1.19667864008172,0.270937035490421,4.41681454850063,1.00166097902691e-05,4.83368887660371e-05
"C4_02660W",153.480569116424,1.59080323837978,0.263636247533043,6.03408390638848,1.59866987320143e-09,1.34659744506179e-08
"C4_02680C",76.0247803172331,-1.01765683675569,0.314065952654432,-3.24026475380292,0.00119418763937297,0.00375069763990789
"C4_02720C",496.848482817672,-1.74516222115978,0.256241857310682,-6.81060557192203,9.71887602068545e-12,1.0347544574471e-10
"C4_02890C",2090.96054297191,1.26098560786694,0.146452973309384,8.61017416971859,7.29496570066151e-18,1.41485162793085e-16
"C4_02990C",938.070149579113,-2.86337732999436,0.227506728496734,-12.5859017397609,2.52443466607302e-36,1.50723599180242e-34
"C4_03000C",178.50288532547,-2.39526539220088,0.250700052874469,-9.55430748712385,1.24413181892698e-21,3.25182951813962e-20
"C4_03370C",304.042209720099,-1.52582103529126,0.187118745795565,-8.15429276636065,3.51229106087366e-16,5.86023357827961e-15
"C4_03410W",1063.68154223701,1.42112829273984,0.18214356660169,7.80224258948189,6.0816593013883e-15,9.05557583018454e-14
"C4_03430W",606.841396953366,-1.07490783171633,0.221508206582,-4.85267723621974,1.21805842665382e-06,6.84315112391308e-06
"C4_03460C",40.6975567355909,-1.0079912453306,0.330770056099328,-3.04740778901675,0.00230824334002824,0.00674529843607102
"C4_03500C",13.7943702699982,-7.18134404089886,1.37379406219695,-5.22738031740693,1.71928617103362e-07,1.11346114121564e-06
"C4_03530W",52.2148183879896,1.37683235706068,0.355766191457967,3.87004833544829,0.0001088137771806,0.000428085208675615
"C4_03570W",16.7442875935445,-2.71634283754225,0.978962537815189,-2.77471581660773,0.00552499626266841,0.0147441340820863
"C4_03600C",497.422962942536,-1.06210437984461,0.143349165611689,-7.40921215210759,1.27051919871623e-13,1.69309888844241e-12
"C4_03620C",571.9657863788,1.72993503020168,0.246749969424999,7.01088245008884,2.36819646513773e-12,2.69073068520312e-11
"C4_03710C",159.103912562485,-1.51752938280458,0.230581840674164,-6.58130483462057,4.66337353332093e-11,4.52949678116818e-10
"C4_03720C",916.26040793749,1.74096852360856,0.174525626574568,9.97543201980544,1.95249879510897e-23,5.82878316775177e-22
"C4_03730C",412.917789929083,1.27201913566708,0.222094797106556,5.72737025918167,1.01999389171478e-08,7.86299088676328e-08
"C4_03750C",245.113605445899,1.05619507797222,0.187841333076258,5.62280442049161,1.87882074741835e-08,1.41085306433758e-07
"C4_03780C",667.909782021924,1.65107548437293,0.189958672626059,8.69176153711674,3.56862509085948e-18,7.03330964509198e-17
"C4_03890W",289.999868506267,-1.24803755208057,0.288800685431064,-4.32144941144355,1.55007593486265e-05,7.22814888461986e-05
"C4_03910W",187.971541204538,-1.19702018544571,0.245501035069355,-4.87582541192768,1.08354411709636e-06,6.13840341685287e-06
"C4_03930C",203.443534836592,1.29670833283149,0.269049781831683,4.81958514890267,1.43857045067928e-06,7.95721529939767e-06
"C4_03940C",6161.14337592705,-3.9443409783894,0.152789186444591,-25.8155768099454,5.92832272142719e-147,5.15764076764166e-144
"C4_03950C",557.283817217968,-5.83539945499711,0.264966722288705,-22.0231408857408,1.72858187493593e-107,7.01804241223986e-105
"C4_03960W",2331.72057646523,-1.43073281299666,0.246924022326346,-5.79422285250861,6.8638267557317e-09,5.37975610584377e-08
"C4_03970W",3.38678205186261,-4.98388200424419,1.93565772532154,-2.5747744237253,0.010030548060338,0.024931594984527
"C4_04020C",806.276755188353,12.0037703205659,1.1992453239818,10.0094368354177,1.38538907175136e-23,4.19752211291831e-22
"C4_04030W",8269.49626901139,8.16151527184282,0.205460900234589,39.7229607313326,0,0
"C4_04050C",1465.31706228982,1.72429507132673,0.2668384054063,6.46194489395648,1.03365743767061e-10,9.6548677843773e-10
"C4_04160W",8495.17396708862,1.00888932777015,0.2379027268782,4.24076403414526,2.22760224538685e-05,0.000100044968100339
"C4_04360W",37.4778101915674,-1.4858833030264,0.388172666101855,-3.82789266938366,0.000129245090122613,0.000500383088904459
"C4_04400C",93.3311340885844,6.29556571094879,1.25363596297857,5.02184517424891,5.11774305146058e-07,3.08890537000941e-06
"C4_04520W",483.552482347267,1.11562493191675,0.151659207484919,7.35613056680183,1.89317846224124e-13,2.46883444005335e-12
"C4_04530C",526.821599130617,2.02642342409372,0.205745102257275,9.84919398742123,6.90958484029426e-23,2.01336706590393e-21
"C4_04720W",1782.24898165472,2.07321536302299,0.142264701780674,14.5729428106433,4.17511076761051e-48,4.70859714347185e-46
"C4_04730W",563.598885883786,1.13834237082238,0.183737306562488,6.19548850540728,5.81045331092298e-10,5.07685231901305e-09
"C4_04770C",1190.08898135102,-3.49002097828447,0.181320621999356,-19.2477884743682,1.47318729638451e-82,4.07805028862803e-80
"C4_04820C",814.983468928861,1.64806837811277,0.20002080388391,8.23948482413509,1.72953745201997e-16,3.03541299216185e-15
"C4_04850C",590.003218052964,-2.77433799324329,0.17507466909093,-15.8465985264971,1.48398820373884e-56,2.1017414327371e-54
"C4_04950W",35.7263173001207,-1.60721250383704,0.410287308626033,-3.91728544862685,8.95516869453483e-05,0.000358324424111151
"C4_04970C",1027.94102081165,1.24282856706025,0.155876127726984,7.97318091733108,1.54641537147994e-15,2.4024667378349e-14
"C4_05130C",574.343340431437,1.89184427738069,0.137227727539296,13.7861663331775,3.08736152195923e-43,2.76500465716643e-41
"C4_05200C",3.64843700343666,-4.10911123055004,1.68748665514522,-2.43504813387483,0.0148898088557671,0.0350111721743713
"C4_05310W",258.616102224614,1.09558772328738,0.209654527512057,5.2256812017779,1.73515098138359e-07,1.11939295303242e-06
"C4_05370W",597.769076992476,1.15887227646895,0.169119556360759,6.85238479455852,7.26288730111878e-12,7.80087895305350e-11
"C4_05540W",2434.40098116077,-1.29866305279443,0.240485146633077,-5.40017989042742,6.65741050943417e-08,4.63355771456618e-07
"C4_05560C",229.358967601821,-1.68625504233851,0.209930067392391,-8.03246082509297,9.55367478335696e-16,1.53514193748401e-14
"C4_05580C",760.048153521868,11.1926384172635,1.19539903725415,9.36309806888688,7.74322495047383e-21,1.88624959793543e-19
"C4_05700W",389.166958412009,3.85366115690374,0.284589603968166,13.5411171145057,8.94186484993637e-42,7.07220219949513e-40
"C4_05780C",32.7909781151481,-2.59008756051069,0.486504569342791,-5.32387098441765,1.01581966677937e-07,6.86608409621127e-07
"C4_05850C",624.270229452436,1.17812800217082,0.165621549259446,7.11337387821005,1.13239967993925e-12,1.34957222129746e-11
"C4_05870C",159.407456329803,4.08869275644766,0.350869951406366,11.6530148565281,2.21481904802283e-31,1.02183696988326e-29
"C4_05900C",345.519741729421,-6.01844342627762,0.355120373832901,-16.9476151461519,2.00420218372873e-64,3.69866402997211e-62
"C4_06150C",3.81561421856959,-2.71959906208481,1.18036439632017,-2.30403345828056,0.0212207654856314,0.0478646154842574
"C4_06210C",1660.91789842761,1.20962895036956,0.184335203763559,6.56211578511674,5.30495964709235e-11,5.08774870091219e-10
"C4_06380W",4.39556540761233,4.97355564061002,1.89254631673739,2.62797036808276,0.00858959976599881,0.0216878800834011
"C4_06560W",38.3948757149252,1.12469918323051,0.383817319915325,2.93029815194019,0.00338636916061624,0.00952123185048612
"C4_06570C",82861.185483105,-3.91560954829717,0.136103396153045,-28.7693743063852,5.18479642958414e-182,6.31508205123348e-179
"C4_06610C",9530.30544874142,2.47010429716572,0.143674930081501,17.1923125054909,3.03194014135687e-66,5.7701610815198e-64
"C4_06620C",91.8965331869039,1.81595473504307,0.371118039389366,4.89319985099895,9.92095707741157e-07,5.65188293745898e-06
"C4_06670W",541.138630473976,-1.83825273661996,0.262532100261945,-7.00201131513374,2.52313697422541e-12,2.8508171007482e-11
"C4_06710W",555.476183138134,-1.89945925323753,0.19964593689938,-9.51413929447932,1.83223321811187e-21,4.74821289289417e-20
"C4_06720W",3781.08784780394,1.00434838082793,0.205361961742672,4.89062517861233,1.00516210461102e-06,5.71562765367053e-06
"C4_06760W",2347.82535504868,-1.34689169371931,0.267747234643598,-5.03045977491487,4.8930503975622e-07,2.95915361679779e-06
"C4_07050W",284.611867458668,-1.21831439953729,0.183145606623068,-6.65216284464145,2.8881688148357e-11,2.87698044756756e-10
"C4_07090C",1755.32155034536,-1.01725471879848,0.232960805805243,-4.36663461599163,1.26175536232935e-05,5.99850909959855e-05
"C4_07110C",12217.4304657751,-1.0151950065681,0.0958882845339979,-10.587268418679,3.41409328727627e-26,1.21589638125804e-24
"C4_07140W",555.735783348192,1.29229509259102,0.130646703350881,9.89152469557744,4.53074060463117e-23,1.33942768360213e-21
"C5_00030W",866.248975695256,1.15768458942857,0.181100489809043,6.392498389426,1.63196946722615e-10,1.49679127340471e-09
"C5_00130C",1079.88184555712,1.0296146984229,0.154853624438209,6.64895447012124,2.95182283050742e-11,2.92302455899027e-10
"C5_00180W",1568.77475013297,1.20544138180879,0.162854720286115,7.40194315332697,1.34205955903247e-13,1.78452897696675e-12
"C5_00410W",3.67689255790477,4.9670313191606,1.81430255998398,2.73770837825663,0.00618689109156574,0.0162756659816999
"C5_00420C",675.127647320435,1.29981411265008,0.14714336293045,8.83365777948448,1.01307270634208e-18,2.11288108959702e-17
"C5_00540C",245.966345327922,9.77624173081899,1.20231952912363,8.13115107424469,4.252329831056e-16,7.01807281060461e-15
"C5_00590W",19668.258704827,1.7808813435967,0.210193575591405,8.47257742576563,2.40022033507369e-17,4.51152525944406e-16
"C5_00640C",755.247879808551,1.20412980520476,0.152886154194971,7.87598989290535,3.38055567396788e-15,5.10858165123185e-14
"C5_00650C",1698.21990670739,-1.27498249876016,0.182554732152704,-6.98411092238169,2.86665513211451e-12,3.22697407663168e-11
"C5_00820W",1061.89988963485,1.47567321425577,0.140830456608246,10.4783670364764,1.08602700093578e-25,3.69491867916141e-24
"C5_00900C",1047.32258817981,1.30369680386223,0.124914512186419,10.4367121245019,1.68547512638723e-25,5.63985907675725e-24
"C5_01050C",472.037175715003,1.17128515838999,0.22257508731976,5.26242704201339,1.42166085098781e-07,9.3700374269651e-07
"C5_01060C",358.753800202264,1.17604691790069,0.190073940204998,6.18731277224172,6.11984652763338e-10,5.3318834554059e-09
"C5_01140C",1261.99438262249,1.49288858282494,0.166167576196154,8.98423517391051,2.60540018261772e-19,5.70751334969134e-18
"C5_01250W",570.038234186797,-1.14663818543831,0.294915979045031,-3.88801647557806,0.000101066767868404,0.000401236386126843
"C5_01700W",820.275341893591,1.72009707501638,0.181813450172192,9.46078012043283,3.05654204440611e-21,7.75597543768051e-20
"C5_01800C",911.96210586151,1.91990248872348,0.199128377039241,9.64153134409937,5.33855505161658e-22,1.45141965465826e-20
"C5_02000C",6464.28677106057,1.76787747239944,0.215212181662792,8.21457902029663,2.12909856521954e-16,3.67314738305581e-15
"C5_02040W",803.380595612549,1.37407583935372,0.144727471517131,9.49422956781967,2.21845744127034e-21,5.72474822768489e-20
"C5_02190C",870.739647879032,1.32481394390241,0.185088323595023,7.15773917106261,8.20184156249796e-13,9.91055855468503e-12
"C5_02200W",47.3380139037797,-1.11031710055194,0.360023495755705,-3.08401288705153,0.0020422874868951,0.00607004919238221
"C5_02340C",904.477807296753,1.10151449485049,0.181571583365039,6.06655774233109,1.3068075721091e-09,1.11307106491531e-08
"C5_02460C",329.990911123401,-3.5841087719433,0.51628005249048,-6.94217945212863,3.86096312360646e-12,4.27513916777515e-11
"C5_02490C",1232.60686684701,1.20922121552675,0.161338874143509,7.49491541915166,6.63411289467439e-14,9.1822153474016e-13
"C5_02520W",294.982684918141,-1.4434126952167,0.170962266878924,-8.44287293077908,3.0963164145334e-17,5.78422299524798e-16
"C5_02590C",416.885479602574,1.98827135399714,0.236963355889747,8.39062793709857,4.83552395199874e-17,8.84334560590761e-16
"C5_02600W",1072.73357139243,-2.1812391798482,0.480522653058568,-4.53930562058714,5.6439781893989e-06,2.84299645768729e-05
"C5_02630C",359.894751854216,-2.44758327603356,0.614797795383999,-3.98111914910953,6.85915539129444e-05,0.000281484207095574
"C5_02680W",218.184972759651,-1.17923118888101,0.304551464385322,-3.8720260014545,0.000107934434680477,0.000425175101684415
"C5_02770W",336.015492314932,1.05342823710918,0.182728519568228,5.76499081587451,8.16622880738492e-09,6.35963343183813e-08
"C5_02790C",121.345424191187,-1.8375856076219,0.455595091973899,-4.03337445901892,5.49815599565287e-05,0.000229340890503602
"C5_02860C",1843.82372850906,-1.00141463043786,0.155412878183552,-6.44357560417307,1.166910984341e-10,1.0833060814995e-09
"C5_02890W",4892.59020930472,1.36930673065483,0.19723303174036,6.94258318990607,3.84994092600571e-12,4.27069949715388e-11
"C5_02940C",1709.22986122622,-1.87678192795621,0.148903962245962,-12.6039757414656,2.0076376347747e-36,1.24760338732428e-34
"C5_02960C",5.4621005962392,-4.56069937980518,1.3651650181163,-3.34076783339951,0.000835470542809971,0.0027348411984023
"C5_03050C",14.2214300209326,1.58932735534976,0.633150903410288,2.51018729782947,0.0120667140765022,0.0291536464970523
"C5_03130W",696.186037543968,-1.17312872686663,0.258381087070489,-4.54030416919248,5.61731314979653e-06,2.83190704323352e-05
"C5_03270W",3.70993266540071,-3.98799009298035,1.65643603586753,-2.40757264791798,0.0160589667874534,0.0374499848668848
"C5_03290C",307.146639079091,1.54855345115089,0.240609587928921,6.43595903421917,1.22696124972503e-10,1.13732024517891e-09
"C5_03350W",4274.2609124366,1.18069954133381,0.127759460672803,9.24158207240422,2.42879095965867e-20,5.68897574781588e-19
"C5_03410C",516.816457124315,1.74929826180439,0.219066192360661,7.98524976836419,1.40238064310127e-15,2.18427061802731e-14
"C5_03440W",411.828134601183,-2.03564047458568,0.285159622983413,-7.13859996477862,9.42862897287216e-13,1.13478953448204e-11
"C5_03480C",604.054973692569,-1.08294893181115,0.174220911999842,-6.21595260511627,5.10142013064354e-10,4.48306617541402e-09
"C5_03490C",464.229264625618,-1.8591886962746,0.193125733445517,-9.626830475179,6.1600231053833e-22,1.66731292052375e-20
"C5_03500W",336.012058508758,-1.61035307216231,0.494072548449156,-3.25934536783524,0.0011166963650971,0.00354386704712942
"C5_03510C",1097.59768312558,-2.68110422295387,0.205354492815781,-13.0559803498385,5.8748860044729e-39,4.19681587064736e-37
"C5_03520W",2.20668730107493,-4.66200429277193,1.89424111430026,-2.46114618544434,0.0138493923185717,0.0328645750893569
"C5_03560W",314.183015373187,-1.09832791943225,0.187356674195987,-5.86223001740162,4.56691786196751e-09,3.65473453079923e-08
"C5_03600W",915.484380263523,1.16922639989048,0.146123243927929,8.00164551826653,1.22767387641776e-15,1.93192090630081e-14
"C5_03620W",251.533496296889,-1.11316330004074,0.179191713889295,-6.21213601834548,5.22691508583586e-10,4.58673096148997e-09
"C5_03710C",150.94630845972,1.17199308764058,0.234538785514054,4.99701183781541,5.82254955693242e-07,3.49135995250388e-06
"C5_03770C",14.4677258884602,-2.91616561379042,0.749880881771466,-3.88883846045185,0.000100725129686287,0.000400140926151005
"C5_03860W",1042.28242631508,-1.37651737491744,0.146958900002838,-9.36668262276634,7.48480384444239e-21,1.85294534197781e-19
"C5_04110W",1865.05078863382,-1.03222625971234,0.18949469455828,-5.44725678003019,5.11525911297799e-08,3.63076083893193e-07
"C5_04130C",3670.22322104923,3.43686750420688,0.168453686328464,20.4024475754446,1.59051952821308e-92,4.84313196340882e-90
"C5_04190W",57.8734884271202,1.60299809351359,0.443422722619432,3.61505626965664,0.000300282392612395,0.00108658334581669
"C5_04210C",8.44386779326158,6.86502686613597,1.36829596919618,5.01720901083186,5.24275221281994e-07,3.15809703027433e-06
"C5_04220W",8.09073795053996,6.39988438034332,1.50135477495815,4.26273955169703,2.01935833286693e-05,9.19812434342528e-05
"C5_04360C",633.337755703923,-1.01504732745708,0.116441927738453,-8.71719789573591,2.85171451364425e-18,5.69407914363721e-17
"C5_04440C",1099.71095811584,1.48840895902826,0.221080811455128,6.73242037258558,1.66863711079685e-11,1.72529711455905e-10
"C5_04490C",853.043718626551,-2.48403776592413,0.231545647159382,-10.7280693737864,7.51498232932202e-27,2.72418109437923e-25
"C5_04530W",722.746916020592,1.17624668272188,0.175711249473867,6.69420248415467,2.16850983237614e-11,2.20471199986156e-10
"C5_04590C",9077.97464626222,1.0015551908962,0.166583102728671,6.01234563704531,1.82857924235871e-09,1.52967686620392e-08
"C5_04650C",346.572252014857,1.19463308058496,0.164578576997272,7.25873988207325,3.9071299794761e-13,4.86593488241502e-12
"C5_04690C",108.761593504117,1.94035104000513,0.349701419399368,5.54859354971391,2.87976783437004e-08,2.10033366602557e-07
"C5_04720C",1051.46651853465,1.37363229182365,0.156226574799198,8.79256486029479,1.46183747063002e-18,3.01782718513113e-17
"C5_04800W",330.139906246331,-1.63204933062628,0.255593316533299,-6.3853364898673,1.71020992661182e-10,1.56619224858136e-09
"C5_04810W",11776.2506225503,-2.42746288988678,0.121735667495276,-19.9404409556548,1.81458150011351e-88,5.26228635032918e-86
"C5_04930C",51.4675272981346,1.95308739413446,0.409337856554778,4.77133341776099,1.8301030354012e-06,9.91577178433568e-06
"C5_04960W",602.843824627969,1.19741179790571,0.181481774296576,6.59797273057793,4.16817907655116e-11,4.08106279360074e-10
"C5_05050W",99800.6408923798,-1.21924177027383,0.201690099594441,-6.04512453871302,1.49294635208189e-09,1.26454009515698e-08
"C5_05080W",449.131683759275,1.24925957175213,0.192771212660217,6.48052971453835,9.14011507062042e-11,8.60329223803375e-10
"C5_05190W",1114.60922137322,-1.84367948175954,0.22647257430411,-8.14085099453952,3.92509208493788e-16,6.51329994476068e-15
"C5_05220W",64.3258528500812,-1.77612538252559,0.336688664121069,-5.27527526702508,1.32556964696729e-07,8.82264387981511e-07
"C5_05230C",6198.01786734961,1.60443043428696,0.134598962800756,11.9200802212865,9.30189311705359e-33,4.68169661841788e-31
"C5_05250C",808.226920388754,1.50928421047028,0.155329567198212,9.71665754108697,2.560486371417e-22,7.12025662188563e-21
"C5_05280C",315.373354799077,1.01838703404981,0.25009220656695,4.0720462585754,4.66019210466327e-05,0.000196950519898677
"C5_05290C",977.509209986456,1.15695913936729,0.15251323581099,7.58595890523959,3.30037024221787e-14,4.67424529653647e-13
"C5_05390C",3942.82540016244,1.20357427943476,0.158524800599757,7.59234059832406,3.14177862657865e-14,4.49141592391172e-13
"C5_05430W",267.684021836988,1.69929310851906,0.2474000065616,6.86860575363789,6.483240327513e-12,7.01295445729204e-11
"C5_05440C",1815.79828196873,-1.22855530984306,0.173564335428346,-7.07838569952209,1.45843342465887e-12,1.71134095494654e-11
"C5_05450C",491.587088979409,-1.52862763056744,0.163206507855353,-9.36621738100198,7.51785661785312e-21,1.8535929879646e-19
"C5_05460C",297.36149865063,-1.07959111946254,0.175454050270417,-6.1531273732275,7.59697419040387e-10,6.56249259851909e-09
"C5_05510C",28.6194633824352,-1.58475463457401,0.529083241301877,-2.9952841270771,0.00274189305959517,0.0078579429331457
"C5_01755C",61.9925998648795,-1.05621865247456,0.344576804422656,-3.06526335759679,0.00217478403705739,0.00638593769801327
"C6_00020W",84.0792981907888,-1.13961370355938,0.275996880019336,-4.1290818341118,3.64214764535731e-05,0.000157309781278199
"C6_00070C",1044.78046480857,1.23916132354602,0.220895941871888,5.60970614962538,2.02670445800617e-08,1.50887899135178e-07
"C6_00080C",606.605257716153,1.58669984479046,0.188602721415944,8.41292126051117,3.9992344274619e-17,7.40283819551459e-16
"C6_00120W",51.3430386794582,-1.08238270549881,0.389997254832575,-2.77535980596447,0.00551406667545296,0.0147219053281493
"C6_00200C",1527.88952217152,1.07710150587101,0.155322514625982,6.93461285033066,4.07335131804822e-12,4.48584259076197e-11
"C6_00330C",1304.23688325715,-4.13737029572265,0.410609321807271,-10.0761723516462,7.04159643482159e-24,2.17681839025703e-22
"C6_00440C",3657.44543057839,-1.44121320054324,0.137785590473247,-10.4598252661484,1.32099048197744e-25,4.46935113069035e-24
"C6_00470C",1972.0325870371,-3.81542975058596,0.529060954754369,-7.21170163153956,5.52569485619674e-13,6.79827912610871e-12
"C6_00480C",2592.34259434175,5.10453517054357,0.726536374891414,7.02584942330861,2.12767822750552e-12,2.43342453671422e-11
"C6_00550W",1131.52766769472,1.38784572038568,0.145422720822943,9.54352739745134,1.38054944394826e-21,3.59296842463458e-20
"C6_00600C",3977.25205827591,2.66103525584969,0.109380105504288,24.3283295767655,9.83278140723105e-131,6.65351541889301e-128
"C6_00620W",256.740213398552,2.28949561724807,0.223378114372403,10.2494177806119,1.19058513750081e-24,3.79615889391619e-23
"C6_00630W",38.3071169581905,-1.51005805782583,0.398788180585235,-3.78661688420597,0.000152712278063134,0.000582717903135644
"C6_00730W",8.00478909062916,-5.42740290070068,1.42076683062858,-3.82005180843044,0.000133423645671214,0.00051492395572731
"C6_00750C",52240.9805949855,-1.70826746426649,0.206761631757894,-8.26201384532878,1.43235085150449e-16,2.52841063352532e-15
"C6_00830C",1120.1720612244,-2.79808878537824,0.161920407400621,-17.280643189436,6.58100339594988e-67,1.33594368937783e-64
"C6_00840W",3254.79246680726,-3.20859903240487,0.193013791492203,-16.6236775496661,4.69614641706547e-62,8.17129476569391e-60
"C6_00850W",1510.44291297407,-1.38661276007752,0.154572300955809,-8.97064190351891,2.94791387066722e-19,6.38889518589443e-18
"C6_00920W",1938.51169052108,1.2453690266955,0.248143619982078,5.01874288279281,5.20107057885219e-07,3.13609107180295e-06
"C6_00990W",236.482814966153,-1.68573205983943,0.25671091923445,-6.56665507204184,5.14580557904159e-11,4.95853733803216e-10
"C6_01060C",162.622388143691,1.26235370363025,0.354303313911791,3.56291813839634,0.000366755074194705,0.00129932425936344
"C6_01070C",223.088343563326,-1.49971320115324,0.217682766475242,-6.8894438702561,5.6010918900768e-12,6.10208400904611e-11
"C6_01170W",671.348999178218,1.40259308748387,0.1696033847407,8.26984136919343,1.34137367890237e-16,2.38162265437767e-15
"C6_01180C",44.804547205097,-1.16524669831007,0.396943129415435,-2.93555074256125,0.00332956150121278,0.00937449354710395
"C6_01260W",105.198779487205,1.18044559467604,0.392758344829552,3.00552645211987,0.00265121534677277,0.00760881312999349
"C6_01290C",345.876529816025,-1.06001801198277,0.198116175180195,-5.35048696058582,8.77178733101454e-08,5.98880996030028e-07
"C6_01300W",733.090162434159,-1.92946686800423,0.240684690920493,-8.01657496629734,1.08734572657059e-15,1.72446236323304e-14
"C6_01310W",8.64036693962198,-3.25084351254503,1.0207218141861,-3.18484769049161,0.00144830212973957,0.00445144454388648
"C6_01360W",963.253550217068,-1.16794835852159,0.187135406126366,-6.24119391780364,4.34243491977246e-10,3.83267082049482e-09
"C6_01420C",499.941577185823,-1.80294129949603,0.187488894412101,-9.61625649961517,6.82706548276431e-22,1.83968268982454e-20
"C6_01440C",16.1491481683397,3.59638024920826,0.87826674764625,4.09486099621389,4.22421750583183e-05,0.000180150452454593
"C6_01450C",494.154587886612,1.12111126375999,0.467048621825391,2.40041659769446,0.0163764221552101,0.0380803401776362
"C6_01480W",69.1064800506781,-1.05913458448068,0.331291900538275,-3.19698303145903,0.00138873095672619,0.00429308199312816
"C6_01490C",255.075225039869,3.6775424481379,0.345799407139353,10.6349009634244,2.05046468616027e-26,7.34548819924474e-25
"C6_01500C",526.062479421027,3.53133783467158,0.476587480205356,7.40963198015602,1.26650379652301e-13,1.69144914930376e-12
"C6_01510W",52.9923168994094,-5.85294818116209,0.728907186560851,-8.02975781975428,9.76652638859957e-16,1.56110618652418e-14
"C6_01530C",366.932691970308,-1.15150349330817,0.208640180591898,-5.51908788633823,3.40763747447921e-08,2.46759955048494e-07
"C6_01680C",53.4475649991841,-1.86697222855962,0.377914517365039,-4.94019716833544,7.80436137375227e-07,4.57005391982224e-06
"C6_01900C",338.715055314114,-1.45604284124307,0.22058819876753,-6.60072863996476,4.09141852345995e-11,4.01235729595348e-10
"C6_01930W",1139.99097623815,1.26091488620686,0.162922996291289,7.73933032726991,9.99418134444141e-15,1.47015856008812e-13
"C6_01980C",1159.03840228324,1.22805302803487,0.140756964577652,8.72463420705118,2.67042418065626e-18,5.36728820468535e-17
"C6_01990W",59.3283581090386,-4.83573949333602,0.867235882564948,-5.57603714347448,2.46059410231338e-08,1.81636582825315e-07
"C6_02010C",5317.5124700389,-1.27819774627347,0.181004456272284,-7.06169214061051,1.64487096308825e-12,1.9153468767127e-11
"C6_02080W",57.0595697583933,1.76746960240843,0.466032452072124,3.79258910951311,0.000149084726384408,0.000569589701180078
"C6_02210W",59.1295312244407,-2.62248696594761,0.500124387055171,-5.24366944269469,1.57414111844198e-07,1.02859650335962e-06
"C6_02290C",655.484899190409,1.4551322438542,0.182638304264971,7.96728949992386,1.6219240380213e-15,2.51336320395667e-14
"C6_02370C",868.312839289989,1.50290377759004,0.186011213274835,8.07964074385921,6.49578523009851e-16,1.04931915255438e-14
"C6_02380W",1298.49582515694,1.32874650703427,0.181272734847166,7.33009577063291,2.29988318338707e-13,2.96743402263289e-12
"C6_02500C",1377.52391059058,2.796058640244,0.155549386818759,17.9753755217426,3.03799780192937e-72,7.11592562067303e-70
"C6_02510C",2.94962086737117,4.89052295851528,1.74031254227665,2.81014061538484,0.00495198593022451,0.013349975349742
"C6_02550W",7.4414425343684,-4.09540076137645,1.04296206499259,-3.92670155400671,8.61187295424818e-05,0.000346408892281185
"C6_02580W",237.0273080324,-1.05510496138344,0.203109741620286,-5.19475310719445,2.04991704425895e-07,1.30996797476779e-06
"C6_02830W",83.2056438968206,-1.06567342155747,0.282601970778736,-3.77093414678214,0.000162637591290756,0.000616342831960613
"C6_02860W",1150.11627800769,-1.46422649712735,0.177698475134499,-8.23994970142023,1.72283067412481e-16,3.03238115763587e-15
"C6_02890C",638.604784530089,3.49572149761903,0.216826482936015,16.1222072612349,1.7813151928671e-58,2.71205238114016e-56
"C6_02950C",67.6906994464448,-1.09174421770192,0.361762768625611,-3.01784570548708,0.00254578486533703,0.00733388355246099
"C6_03030W",24.4272141990888,-1.39822898757348,0.553771903265128,-2.52491861600291,0.0115725085565078,0.0281793591000129
"C6_03080C",1658.58260196134,1.04012688340621,0.146583771764868,7.09578468941746,1.2861959009281e-12,1.5239169332008e-11
"C6_03130W",1910.90995811564,1.00038924669286,0.148855827249671,6.72052458527497,1.81071477818553e-11,1.86586345163281e-10
"C6_03160C",1258.51877339105,-1.2578163111221,0.12043720581159,-10.4437520170453,1.56500171943061e-25,5.26566876869195e-24
"C6_03170C",56.8105972608879,-1.20742079432776,0.446359627315347,-2.70504033169364,0.00682960968554699,0.0177744970021287
"C6_03240W",221.769519019947,1.12415485347332,0.286684481041116,3.92122674164595,8.8099315211998e-05,0.000353209236103402
"C6_03250W",761.385229617007,-2.06896514041549,0.167231632656892,-12.3718527861315,3.71159765359103e-35,2.11248875797845e-33
"C6_03320W",2747.82886806148,-2.84139892096156,0.231281527070152,-12.2854555526162,1.08432479897059e-34,6.0032163870281e-33
"C6_03340C",2990.05992991469,-1.1183488202281,0.152738934054756,-7.32196297655958,2.44369582550017e-13,3.13968514288946e-12
"C6_03400C",2542.30148950203,1.24256065963602,0.137418622134417,9.04215629829705,1.53611245099746e-19,3.45200178102382e-18
"C6_03440W",354.08690644964,1.73240897690615,0.183145488426853,9.4591954832568,3.10321550574578e-21,7.84173544812937e-20
"C6_03450C",863.819693893984,1.12038647114749,0.147620506434757,7.58963980145034,3.20795992482008e-14,4.55395709607326e-13
"C6_03480W",89.8469342466102,-4.68559063091725,0.479075704279471,-9.78048059849825,1.36560541007678e-22,3.94148670491356e-21
"C6_03500C",1.67731185957018,-4.84526387952499,1.95752637539832,-2.47519723893328,0.0133162612042831,0.0317649944120972
"C6_03530C",202.073554682307,-1.34070585049516,0.199038362477501,-6.73591680421258,1.6289948046394e-11,1.69004742082691e-10
"C6_03540W",983.126971409115,-2.03784833997368,0.21936860695172,-9.28960788095893,1.54857771779877e-20,3.69836796133118e-19
"C6_03600C",24.9243387024947,4.09570394653898,1.37598902272592,2.97655277687109,0.00291508903246639,0.00829098395066911
"C6_03610W",126.717157530644,-1.30361972875728,0.351522143237464,-3.7084996033284,0.000208490987094953,0.00077944144346732
"C6_03620C",474.081951094735,-1.44686912519654,0.152536306994406,-9.48540812155368,2.4143642970654e-21,6.20399939625667e-20
"C6_03640W",1135.95772965596,1.0723118456815,0.168149903073568,6.37711842874122,1.80450922150764e-10,1.6451289160152e-09
"C6_03730C",1041.38230228195,1.5716702146185,0.148742761917853,10.5663643350021,4.26717987709682e-26,1.49351295698389e-24
"C6_03760C",9515.00111939754,2.06341339363517,0.125973845604962,16.3796967832972,2.67071216311696e-60,4.39584785767088e-58
"C6_03790C",118.507454230556,2.59631515556897,0.767567329872969,3.38252431353306,0.000718229198601396,0.00239278764741931
"C6_03850C",247.715533467219,4.32522902599474,0.319372205177313,13.5429099836456,8.726235986116e-42,6.99247067834822e-40
"C6_04160C",1347.79940238589,1.158248263184,0.23261533283517,4.97924298053356,6.3833461467326e-07,3.7963455110939e-06
"C6_04210C",640.316883586477,-1.27419475903588,0.184131730770092,-6.92001728168646,4.51588551955388e-12,4.95526897551047e-11
"C6_04420W",2978.33732909718,-1.64260780506829,0.272649606405342,-6.02461095295427,1.6951688286423e-09,1.42198046369581e-08
"C7_00060C",671.781900714804,1.45847156698224,0.14105482899441,10.3397492831673,4.65754442129979e-25,1.51681526875485e-23
"C7_00110W",71.8815354050019,-1.97743633904084,0.415787462908373,-4.75588254924513,1.97581322855876e-06,1.067675471333e-05
"C7_00180W",69.8684797351105,-1.66121424712602,0.373279542474291,-4.45032223334457,8.57415412618377e-06,4.20423499423987e-05
"C7_00260C",452.676151505201,-1.10391839210048,0.184862800209537,-5.97155507137844,2.35002705245073e-09,1.93924996604674e-08
"C7_00290C",41.7305306369015,2.27597633694158,0.491940494046082,4.62652772944604,3.71847102449629e-06,1.92400072550403e-05
"C7_00310C",214.762248942252,-1.59603483443411,0.270648939081076,-5.89706665709857,3.70020412889237e-09,2.99657488629714e-08
"C7_00430W",202.256511766996,1.88164559726777,0.566587270367664,3.32101636531077,0.000896902780604481,0.00291469473526216
"C7_00690W",647.377470621218,1.03426145302513,0.148665175625396,6.95698537787522,3.47631023269998e-12,3.88453748938402e-11
"C7_00870W",86.0316528750233,1.29781440698361,0.388542796871792,3.34020966913422,0.000837151611190103,0.00273805226216312
"C7_00950W",707.829472811698,1.48922843742123,0.15498234301987,9.60902002385071,7.32427289119996e-22,1.9563518380442e-20
"C7_01020C",513.982745786073,1.49551521876816,0.159896288453112,9.35303272662711,8.51698753848898e-21,2.06647227527482e-19
"C7_01030C",1572.9357946362,1.04428448262968,0.216994384906401,4.81249541586121,1.49057292879151e-06,8.22245392784445e-06
"C7_01170C",859.554646773012,-1.95767896241555,0.26829550953396,-7.29672653044443,2.9485322713443e-13,3.76447830869744e-12
"C7_01180W",450.48344469101,-1.30067475951926,0.173080422077079,-7.51485779795485,5.69728268007222e-14,7.93969142371621e-13
"C7_01230C",634.978214578541,-1.01447219525617,0.205282634982025,-4.94183151607051,7.73920831022297e-07,4.53695764319918e-06
"C7_01350C",224.48261538717,1.01490506951541,0.189752729761302,5.34856637262665,8.86536644575461e-08,6.04592179783265e-07
"C7_01390W",221.315436088519,-2.88380340273556,0.346434680985247,-8.32423415154086,8.48756859951176e-17,1.5202733167949e-15
"C7_01430C",458.65689767277,-1.30792006078015,0.310203341241494,-4.21633131205356,2.48308873531157e-05,0.000110998634465945
"C7_01440W",212.503884190882,1.50899238420931,0.204341125849391,7.3846729479288,1.52828583078108e-13,2.01455859512051e-12
"C7_01450C",2356.71790468332,1.1743476041432,0.129236104256477,9.08683847210864,1.01960704313353e-19,2.31694287040418e-18
"C7_01510W",1052.69516539216,1.6296394216481,0.417282984569719,3.90535795110002,9.40860127722127e-05,0.000375234982176015
"C7_01600W",1025.61461478114,1.52246197756469,0.154894744994148,9.8290098713304,8.44449039868015e-23,2.44890221561724e-21
"C7_01640W",6155.12678615387,-1.26075202579968,0.121375869643719,-10.3871719271749,2.83638740121028e-25,9.38782569204923e-24
"C7_01650W",1699.70239122456,-1.60151107876253,0.137653838332308,-11.6343365224321,2.75725741700936e-31,1.25311176638709e-29
"C7_01690W",90.9572335046145,-2.09958433491125,0.340695236626731,-6.16264658026777,7.15390563541471e-10,6.1973378833109e-09
"C7_01700W",592.395923811928,-1.86281384289427,0.238115772055024,-7.82314345168116,5.15203373886864e-15,7.72805060830296e-14
"C7_01750W",181.47812545644,1.00837939249621,0.207969713677031,4.84868385241027,1.24283310872688e-06,6.95666694131131e-06
"C7_01800C",17812.4998183474,-2.49555718925891,0.120657968644141,-20.6829040576599,4.93770552401067e-95,1.76886039066029e-92
"C7_01890C",830.031697076985,1.02728980087964,0.175022144724352,5.86948470147907,4.37151687229084e-09,3.50296549371726e-08
"C7_01900W",2817.27513214953,1.55369114548792,0.114919169292666,13.519860568528,1.19401888112118e-41,9.32253203336924e-40
"C7_01940C",818.740257135076,-1.21914257963865,0.151102213327608,-8.06833038901557,7.12659822137073e-16,1.14817415788751e-14
"C7_01950W",304.978257825334,1.16820230328231,0.209087158500877,5.58715471413042,2.30820076517521e-08,1.71009034792178e-07
"C7_01970C",3238.54672953571,1.26767776088914,0.177046098154211,7.16015644572393,8.05850420982825e-13,9.77615351351674e-12
"C7_02010C",128.18662825903,3.26816346928999,0.321611596451118,10.1618334206638,2.93504475908439e-24,9.16637055529434e-23
"C7_02060W",1299.04284917897,-1.0572608622353,0.214956178320664,-4.91849487879392,8.72121984467583e-07,5.04389637740511e-06
"C7_02120C",454.992289410162,1.35790245111423,0.182460056813739,7.44219022413447,9.90294803429454e-14,1.35221868898775e-12
"C7_02230W",32.957514268057,1.58703397685777,0.639201135957716,2.48283973162832,0.0130339714777784,0.0311893462867075
"C7_02520W",85.0941599268753,-1.10467567304364,0.410744102701455,-2.68944986861213,0.00715698959462251,0.0185078839198518
"C7_02600C",1828.95037625375,-1.13749799098474,0.138698393851123,-8.20123405470518,2.37931765881419e-16,4.08170268793759e-15
"C7_02610C",1022.25339545543,-2.08544226811929,0.246293865229786,-8.46729278528161,2.51162194598857e-17,4.70639312340628e-16
"C7_02680W",1318.8675816629,1.23417838011955,0.171284545256342,7.20542754322927,5.78620060351707e-13,7.10442775714092e-12
"C7_02940C",823.71150348598,1.19837765903152,0.162695669613357,7.36576248082963,1.76137188403582e-13,2.31180059779702e-12
"C7_03000C",383.729672282865,1.16045506313179,0.22686343705912,5.11521414898328,3.13385205140097e-07,1.93757959320121e-06
"C7_03120W",1065.21858313855,1.02538746958135,0.169516309821745,6.04890155206658,1.45836737775822e-09,1.23869697776116e-08
"C7_03140W",104.223803389511,-1.83082476323139,0.360865264900483,-5.07343028356105,3.90707658813626e-07,2.38417799817133e-06
"C7_03150W",45.5999103227579,-1.33940112357602,0.359482894488621,-3.72591059021423,0.000194611383594149,0.000730242345094498
"C7_03200C",811.671897646174,-1.60814426891193,0.240367313671471,-6.69036169830442,2.22619665577814e-11,2.25582988913292e-10
"C7_03300C",309.467075308221,-1.95252719023964,0.471745973298832,-4.13893769264415,3.48917686492614e-05,0.000151670857297646
"C7_03350C",208.850173886349,-2.32782662343796,0.211361525729862,-11.0134832505568,3.29031554725743e-28,1.29277559243857e-26
"C7_03460W",63.438329260969,-1.21136059158975,0.30025398145785,-4.03445305107402,5.47296311857275e-05,0.000228446507142618
"C7_03560W",1073.75163676087,6.21852747493696,0.26955808342882,23.0693414786021,9.40852975859763e-118,4.40753432537381e-115
"C7_03630C",422.261117978852,1.23087514151768,0.256075998672889,4.80667906362439,1.53458038133537e-06,8.43465209596788e-06
"C7_03680W",261.424994286036,-1.01166556910276,0.225146049044674,-4.49337473784416,7.01032638952753e-06,3.47945295128139e-05
"C7_03700C",689.186565019659,1.0047276069401,0.195240167403752,5.1461111732318,2.65941851864442e-07,1.66452813756881e-06
"C7_03790W",1068.61179698521,1.41126620593941,0.150700726349479,9.36469412009761,7.6270889000914e-21,1.87294239522406e-19
"C7_03850W",707.201672210479,1.21220821648349,0.150928175517464,8.03168932724045,9.61395688905814e-16,1.54076309090432e-14
"C7_03930C",2406.52441617799,1.16181737616754,0.117746083142437,9.86714245740207,5.77873917515864e-23,1.69194815272674e-21
"C7_04060W",37.5116962238883,-1.3798795918828,0.393313864207928,-3.50834210907277,0.000450908798493111,0.00156202194699832
"C7_04090C",571.865025210479,-1.04920973331723,0.197027053441861,-5.32520643733236,1.00838450316821e-07,6.82340180477157e-07
"C7_04180W",580.823020860038,1.89840397050622,0.165491628202921,11.4712991292735,1.83877816157161e-30,7.94195674040504e-29
"C7_04310C",527.150829683327,1.39698873546412,0.179300280191275,7.79133604238562,6.63043116439066e-15,9.800807230859e-14
"CR_00020W",920.145600406827,-1.39305422556378,0.182059359793563,-7.65164849059873,1.98419010067876e-14,2.87024173708637e-13
"CR_00080W",3095.24567215512,-1.23659587547502,0.184462517542708,-6.70377858845343,2.03097928310268e-11,2.07876703094039e-10
"CR_00090C",578.640377542279,-1.36965324866814,0.183656177928777,-7.45770310650423,8.80437814060316e-14,1.20762754225841e-12
"CR_00200W",42833.0301099194,6.19939698971836,0.200005175401854,30.9961828600806,6.06834013308364e-211,9.23904785261984e-208
"CR_00210W",292.176744209352,-1.28506010607427,0.201584714005971,-6.37478943981935,1.83214492350333e-10,1.66782699314429e-09
"CR_00350W",1040.75833033322,-1.04296001919733,0.128011817263124,-8.14737296521269,3.71915256700295e-16,6.18842599263606e-15
"CR_00470W",1373.05583551666,-1.01405432858476,0.206929473104875,-4.90048282329904,9.56014162904831e-07,5.48222810931301e-06
"CR_00480W",533.770140118834,1.21215217580604,0.151290262885851,8.01209643426038,1.12769384844717e-15,1.78380663299825e-14
"CR_00530W",5.2076017149287,3.57383641307244,1.43199536928676,2.4957038896379,0.0125707488950953,0.0301638537317299
"CR_00540C",12824.3021242728,3.8278523346315,0.221663195293979,17.2687772074874,8.08371056604861e-67,1.5880579789431e-64
"CR_00550W",12.3299354590162,-4.11402743439503,0.89811998258727,-4.5807102771987,4.63399428772936e-06,2.36555114939412e-05
"CR_00740C",143.405421527744,-4.64053274974957,0.3930646715931,-11.806028587971,3.63320671960891e-32,1.78437330019502e-30
"CR_00910W",6652.55577336263,-1.01996660752127,0.137897703103184,-7.39654529820602,1.39773138641068e-13,1.85047481374805e-12
"CR_00930W",654.318152857779,5.19640167262095,0.426751327192894,12.1766502914053,4.13935977716787e-34,2.17316388301313e-32
"CR_00970W",14.8525908732983,-1.78437082963332,0.618634695971329,-2.88436914588447,0.0039219871468964,0.0108666522859868
"CR_01200W",180.206538408131,1.69238108981277,0.308454426937841,5.48664872997209,4.09630546312745e-08,2.94527748175279e-07
"CR_01300W",795.153047625119,1.01084478672797,0.131684994962325,7.67623362872261,1.63834210039236e-14,2.38126572586861e-13
"CR_01320C",1146.95806454545,1.09821425714708,0.162417405845326,6.76167835233703,1.36402264629324e-11,1.42764913188536e-10
"CR_01370C",999.54991574676,1.74439695319865,0.13150376512403,13.2649962649617,3.69439264431406e-40,2.81235640048408e-38
"CR_01440C",3383.94923893899,-3.5417175360519,0.516271587057536,-6.86018294409293,6.8772418007209e-12,7.41281461352041e-11
"CR_01730W",1227.55867741125,-1.28145784136415,0.119342796499236,-10.7376220346266,6.77674039740449e-27,2.4861656036261e-25
"CR_01740W",1485.39417091345,1.0097477153501,0.138472998300223,7.2920188610408,3.05344402131749e-13,3.85798217631194e-12
"CR_01900C",990.253061280162,-4.65886859343246,0.248053680732924,-18.7816950736909,1.06621310261467e-78,2.82314686735797e-76
"CR_01910C",497.77337172264,-5.39919418006762,0.261708107153717,-20.6305958145055,1.45842121065581e-94,4.93432509605215e-92
"CR_01920W",614.211108530023,-7.84855734994899,0.348597629314204,-22.514660714674,2.98212379265341e-112,1.29722384980423e-109
"CR_01930C",2538.29337520589,-4.81642481955014,0.14638111623263,-32.903320752766,1.97017479109627e-237,3.99945482592543e-234
"CR_02000C",2192.40719235477,-1.06889069984298,0.135232787436688,-7.90407947734866,2.69920775030226e-15,4.1095437998352e-14
"CR_02020C",712.133181677247,-1.54601253804264,0.220050599669893,-7.02571381474022,2.12974594099947e-12,2.43342453671422e-11
"CR_02060W",822.162007319014,-2.48629166549422,0.270368234133848,-9.19594594187185,3.71709512415883e-20,8.60726589586589e-19
"CR_02220C",2030.67129947356,-1.86649433709932,0.166528855309158,-11.2082337540495,3.71533195242043e-29,1.53920895171703e-27
"CR_02240C",340.300968728799,-2.07151482267635,0.325084712825596,-6.37223080922817,1.86298228287027e-10,1.69336747801193e-09
"CR_02330C",123.743346690776,1.07456400484428,0.300400472716039,3.57710490642284,0.000347420769122492,0.00123513863628487
"CR_02360W",9977.43066209854,4.9596180425684,0.177769955612258,27.8990790400266,2.73759439096943e-171,2.77865830683397e-168
"CR_02490W",231.202640589534,2.54725353447992,0.377671471087161,6.74462788292541,1.53419710475815e-11,1.59441303207801e-10
"CR_02520W",503.253426660093,1.06935887469277,0.204573778730342,5.22725288318765,1.72047115580282e-07,1.11346114121564e-06
"CR_02530W",1859.5794670799,1.5712484460619,0.166894550832684,9.41461802211337,4.74805635023739e-21,1.18023114991615e-19
"CR_02570C",935.319531053639,-2.14177879744792,0.169572123724804,-12.6304887289362,1.43384906078208e-36,9.0022069898586e-35
"CR_02620C",1541.33259865045,1.05627212292503,0.105441223706792,10.0176390769352,1.27512475988279e-23,3.88275489384308e-22
"CR_02710W",514.580896263464,1.35962632341729,0.18531818895977,7.33671276979965,2.18903694339e-13,2.83041082489281e-12
"CR_02750C",13.5183121361875,2.19106523584037,0.686153986946313,3.19325585440605,0.00140678241106254,0.00433787589031438
"CR_02810W",821.177280008094,-1.09526467573145,0.148264770642551,-7.38722132698672,1.49928921047799e-13,1.98062283987223e-12
"CR_02910W",653.669873381433,-1.29252194945393,0.213133373920841,-6.06438084133166,1.32462941781443e-09,1.1266750215768e-08
"CR_02920C",2034.49770900897,1.47527398151429,0.215223622356301,6.85460994180271,7.15073595655413e-12,7.69398974830647e-11
"CR_02940C",249.406617028423,-1.22674904230707,0.27355241230867,-4.48451187819481,7.30810352632449e-06,3.61546307679254e-05
"CR_03110W",498.314683738386,1.35800855143949,0.160183508160949,8.47783000279276,2.29432867796368e-17,4.32583951975194e-16
"CR_03220C",160.273350843431,-1.08589617126408,0.217412590346285,-4.99463333533035,5.89476539380934e-07,3.52643627193506e-06
"CR_03260W",344.414007445087,-1.31783282342689,0.262410379046669,-5.02203010496211,5.11281668614562e-07,3.08890537000941e-06
"CR_03270W",1989.58220625588,-5.09786331608101,0.20442417056554,-24.9376739647653,2.90546584239476e-137,2.21178587252301e-134
"CR_03400W",727.48812443456,1.4843293632471,0.167635770799296,8.85449063866105,8.40668202925839e-19,1.76540322614426e-17
"CR_03450W",765.78612181364,1.32833723946217,0.257008637057258,5.16845369350849,2.36038753332728e-07,1.50044898567888e-06
"CR_03500W",2686.68595813151,1.21487858788745,0.466521840110119,2.60411942900827,0.00921106536958684,0.0230560575835528
"CR_03580C",677.964747982807,1.45730031168632,0.288886260190477,5.04454698096564,4.54597129265101e-07,2.76021586961562e-06
"CR_03660C",245.053194354734,1.62806020990307,0.224581345431678,7.24931185523757,4.18894396117300e-13,5.20625892317216e-12
"CR_03690W",444.009301790166,-1.18574431993989,0.17041899107526,-6.95781797825716,3.45583306300589e-12,3.86875429296063e-11
"CR_03710C",395.295674651669,-1.11014099710283,0.255550315124278,-4.3441190693228,1.39835659220552e-05,6.56591491636978e-05
"CR_03730C",269.374016697672,-1.33939626239214,0.203801302467389,-6.5720691976758,4.96207909993751e-11,4.80430234000309e-10
"CR_03790C",142.011070575391,-1.9866429659078,0.398090976273024,-4.99042451177115,6.02467418527533e-07,3.60061489581224e-06
"CR_03840C",82.4496591406899,-1.17399774548853,0.325160396329603,-3.61051886619826,0.000305585071708205,0.00110445880516497
"CR_03890W",165.293539503065,1.22606098203985,0.315951358439744,3.88053714373781,0.000104226025448315,0.000412957063894934
"CR_03920C",956.59974747125,-2.92255774467966,0.236363579007452,-12.3646703817576,4.05872803026875e-35,2.28867163929043e-33
"CR_04010C",1422.2056764396,1.49985080004816,0.141698833923026,10.584778706527,3.50608232534861e-26,1.2413977535682e-24
"CR_04090C",7187.59208645671,1.23147341411365,0.105100081507014,11.7171499437083,1.04116042692643e-31,4.91728448478263e-30
"CR_04140W",2008.57903929511,1.23813448676336,0.110795764159745,11.174926191025,5.40953254529654e-29,2.21101028193664e-27
"CR_04210C",908.011748340571,-7.79169455832559,0.699309292182227,-11.1419863076769,7.83520722993056e-29,3.16002728677332e-27
"CR_04440C",64.515455877027,-4.24209858546727,1.50288394583323,-2.82263883197938,0.00476301948381428,0.0129148658310013
"CR_04480C",2004.40842298431,-2.89027637647368,0.221386972028203,-13.0553137341138,5.92653801109479e-39,4.19681587064736e-37
"CR_04500C",1060.77152768122,-1.82069191421831,0.165782950874509,-10.9823833187557,4.64504616546686e-28,1.7904007055502e-26
"CR_04510W",18420.424929703,-2.91881556615621,0.12022602318661,-24.2777352921816,3.36964066510771e-130,2.0521111650506e-127
"CR_04530W",2663.07250500306,1.89966896660139,0.125903022261223,15.0883507995539,1.93211481891708e-51,2.30717240141274e-49
"CR_04580W",1429.34028317972,1.42720142298786,0.114798692145045,12.4322097780054,1.74736287697546e-35,1.00390942648873e-33
"CR_04710W",171.613664871233,-1.1947654909689,0.263450495269164,-4.53506640687171,5.75853641531993e-06,2.89830469167755e-05
"CR_04740C",3222.59802343434,1.20209486703914,0.154158847443139,7.79776760774322,6.3011911841479e-15,9.35957422230749e-14
"CR_04750W",426.260551237601,1.29956602215552,0.163458405272522,7.95043864516389,1.85852268869823e-15,2.86541852510688e-14
"CR_04820W",380.451582963152,-3.46901854860289,0.330934630039551,-10.4824887869495,1.03971012648029e-25,3.55721048891291e-24
"CR_04960C",370.784415415063,-3.0154780227652,0.22192643018793,-13.5877372524384,4.73493564861996e-42,3.95010384932816e-40
"CR_05120W",935.237260860347,1.05213399840669,0.158140844373902,6.65314519201037,2.86894916145951e-11,2.86894916145951e-10
"CR_05170C",3471.87206029882,1.68789559237298,0.266136622207587,6.34221468045993,2.26485404839092e-10,2.05252398135427e-09
"CR_05180C",3759.70824911771,1.83576425958336,0.179434741022243,10.2308184531322,1.44294682805906e-24,4.57684697024982e-23
"CR_05220C",484.784958389745,1.29860065182112,0.23772098810395,5.4627092970574,4.6892215972623e-08,3.3518027614234e-07
"CR_05380C",1883.61047425665,-1.09238143896759,0.131200979556742,-8.32601587776374,8.36085952697731e-17,1.51090903618077e-15
"CR_05390W",3924.59445810363,-1.18549695308955,0.102709201352531,-11.5422662962839,8.0768748145503e-31,3.56435997250807e-29
"CR_05480W",3902.50709819241,1.23372935065149,0.116777821294457,10.5647573912227,4.3408965421468e-26,1.51063199666709e-24
"CR_05710C",148.123150281367,-1.08410356344279,0.279437653138367,-3.87959013850571,0.000104632622292647,0.000413774460884558
"CR_05720W",2443.84020634199,-1.21260094965652,0.147334474455097,-8.23025944295261,1.86808395547372e-16,3.25046608252428e-15
"CR_05730C",894.004861199058,1.0435286382226,0.147087348327586,7.09461860647933,1.29708693144537e-12,1.53383677912665e-11
"CR_05800C",511.1000654331,-1.49007663065028,0.264261467875953,-5.63864509883728,1.71393365556543e-08,1.29021705344789e-07
"CR_06100C",18.3090329704329,-1.60303747171862,0.546907338190564,-2.93109519616659,0.00337769257994714,0.00950561359144089
"CR_06140W",1113.89558405291,1.01425669933172,0.1931494411208,5.25115006000656,1.51152473650931e-07,9.91938108334233e-07
"CR_06150C",5382.57754822047,2.49174032419115,0.155045299865251,16.0710471478769,4.071499986258e-58,6.04766705275883e-56
"CR_06340C",13399.1764560755,-1.22749708688229,0.149798561804282,-8.19431823708736,2.52017482805445e-16,4.29912176550464e-15
"CR_06460W",96.6850596833053,1.76933016761363,0.31963647979933,5.5354450428325,3.10439066579601e-08,2.25875019769387e-07
"CR_06490C",7242.83750316961,1.49798294961971,0.230038024700252,6.51189276890913,7.42096900884568e-11,7.06151582247971e-10
"CR_06510W",382.912597119407,-1.4114215434463,0.267568604538194,-5.27498936537163,1.32763786320861e-07,8.8267626494983e-07
"CR_06550C",177.041001874743,-2.45636811135902,0.300470920058469,-8.17506103712478,2.95716134323322e-16,4.98867384495577e-15
"CR_06660W",2007.43412711004,1.65949524118576,0.183879198119394,9.02492102509738,1.79825030969761e-19,4.01148146009467e-18
"CR_06760C",8959.39888486054,1.45697658378353,0.115728093595095,12.5896533721634,2.40728134842373e-36,1.45151914969312e-34
"CR_06790C",397.962083132072,1.12439594893724,0.195029956222684,5.76524740462644,8.15381394005945e-09,6.35809563315775e-08
"CR_06810W",4482.9727116776,1.15359099768699,0.220726956090219,5.22632585580294,1.72911519100934e-07,1.11668202685545e-06
"CR_06860C",188.367309570619,-1.36788528168749,0.238155034581012,-5.74367568627729,9.26431470611774e-09,7.18721994398179e-08
"CR_07010W",6924.24307652253,1.10045628658318,0.160243946777063,6.86738131902212,6.53911125919225e-12,7.06084885965972e-11
"CR_07060C",877.441406616158,-3.49240102497116,0.287220642885018,-12.1592967340069,5.11975343936835e-34,2.66489730305583e-32
"CR_07130C",178.756980814867,2.55843995472766,0.312318955402471,8.19175368792685,2.57447089606582e-16,4.37947702710637e-15
"CR_07160C",401.028518487921,-1.80232313850393,0.243605023887007,-7.39854667094188,1.37683003456259e-13,1.826774490302e-12
"CR_07250C",463.67700925386,1.22434065553641,0.167802424418177,7.29632280213816,2.95738889816121e-13,3.76788669242714e-12
"CR_07270C",368.69276169124,2.20919691398944,0.194027448955488,11.3860019594251,4.91006018111715e-30,2.0622252760692e-28
"CR_07320C",1054.43188481424,1.41483439607536,0.154898650257338,9.13393624621553,6.6052937348843e-20,1.51226461824983e-18
"CR_07390C",1125.40568862644,1.42639230500651,0.120851371647737,11.8028640102176,3.77249319293101e-32,1.83795868359599e-30
"CR_07420W",5172.82668683099,1.67780580373139,0.207293286531373,8.09387429668381,5.77963345726278e-16,9.43645248116095e-15
"CR_07480W",1932.15169068608,-1.77038928653687,0.196668644450798,-9.00188889530775,2.21867023714067e-19,4.91334608879516e-18
"CR_07740W",337.635250444276,-1.80818366695328,0.334249144463685,-5.40968824274652,6.3134557481756e-08,4.42960201686514e-07
"CR_07790C",4176.45666371385,1.36984941084803,0.126690854842138,10.8125358578953,3.00253291438287e-27,1.11496496637754e-25
"CR_07810W",411.677489678991,1.88363986920701,0.163412298316663,11.5269162028238,9.65401187183339e-31,4.22970735967376e-29
"CR_08060C",1407.80390832647,-1.05518252039409,0.143568388357626,-7.34968562693375,1.98673568538078e-13,2.58530348802756e-12
"CR_08210C",11482.9454945832,2.2089122144198,0.282799937463284,7.81086528601717,5.67966962788323e-15,8.47774216514923e-14
"CR_08250C",4972.79871618318,-1.08896778165172,0.220929033545777,-4.92903881474722,8.26351575248432e-07,4.81548958323829e-06
"CR_08510W",63.0332082394273,-3.47406776326613,0.418717924513776,-8.29691675440046,1.06848193961047e-16,1.90822727631312e-15
"CR_08550W",1541.56629441598,1.01026352820701,0.115386016214186,8.75551094797923,2.03180904958589e-18,4.13783732803329e-17
"CR_08670C",418.499772737535,2.07412276896742,0.153125107080007,13.5452820802515,8.44887194441133e-42,6.860484018862e-40
"CR_08690C",777.99408241897,1.16283153298526,0.174809023876813,6.65201090422373,2.89115276504327e-11,2.87698044756756e-10
"CR_08830W",938.993138916065,-5.03790516766203,0.564355881888103,-8.92682317903247,4.38417366430013e-19,9.40127380830556e-18
"CR_08840C",380.087943017122,-1.47185578324682,0.215173641421076,-6.8403163767003,7.90184733243024e-12,8.47222715748242e-11
"CR_09010C",3916.72658625272,-1.06781169619343,0.162537349389698,-6.56963891808798,5.04374200268583e-11,4.86789045901057e-10
"CR_09050C",186.312648325136,1.0261817974112,0.237357783384347,4.32335431675959,1.53674629451708e-05,7.1714827077464e-05
"CR_09170C",364.311564789761,-3.20740532655338,0.294795539489002,-10.8801012800705,1.43403542896014e-27,5.42439488345792e-26
"CR_09360W",101.433015802345,-1.44294753836668,0.280356371014758,-5.14683341471388,2.64920389297273e-07,1.66108841375177e-06
"CR_09610C",576.615920370835,-1.45204904460439,0.243628549611526,-5.96009395007168,2.52092956737516e-09,2.07185709383465e-08
"CR_09670C",1106.2843861806,-1.41543315698999,0.12213506530289,-11.5890809365825,4.68128579202285e-31,2.09625224069258e-29
"CR_09680C",16.1066521478503,-3.70225741354749,0.726720775342144,-5.09447030987169,3.49717632394746e-07,2.14615917154409e-06
"CR_09830W",222.343118384292,-1.52217546208938,0.346822136532766,-4.38892245260583,1.1391367668671e-05,5.44532410535373e-05
"CR_09920W",741.77085940551,1.37693726144321,0.445255925996085,3.09246251661413,0.00198503300801247,0.00592300392885641
"CR_10070C",1302.13695507273,-1.26112147006118,0.233203805839815,-5.40780827105126,6.38006686080281e-08,4.46091930910323e-07
"CR_10100C",8781.07106810809,-10.619218585873,0.908171949970374,-11.6929603322581,1.38474235327197e-31,6.48698533186639e-30
"CR_10140W",3318.44183403783,1.49095161613508,0.0998920285352697,14.9256315843927,2.24499809715622e-50,2.62923815609257e-48
"CR_10200W",12.1325474983095,-2.67792268948882,0.832180319870635,-3.21795964834293,0.00129105979548018,0.00402794782503806
"CR_10320W",233.61629127014,8.64256550423667,1.21388774756569,7.11974029029318,1.08130617957032e-12,1.29120679089867e-11
"CR_10360C",2811.10938003092,-1.22057373313753,0.136033105125507,-8.9726227451134,2.89536377432141e-19,6.29741620914908e-18
"CR_10420W",604.120196812346,1.30447237312988,0.146350254808222,8.91335908392687,4.95093167207886e-19,1.0579359257179e-17
"CR_10570C",481.008553966388,-1.93528098106594,0.199694030876665,-9.69123099258386,3.28544583503587e-22,9.0535588847821e-21
"CR_10580W",1403.23594537003,-1.39764520588884,0.138113078291741,-10.1195717536362,4.5239063657123e-24,1.40564233506061e-22
"CR_10620C",1225.00477668929,-2.2586223861672,0.159239326050966,-14.1838228167602,1.15385736430239e-45,1.17116522476692e-43
"CR_10630W",161.609393776575,-2.0588186014633,0.234594868599325,-8.77605982498985,1.69301790624612e-18,3.47154176735315e-17
"CR_10830C",607.038832224545,1.17714370088546,0.175513190946845,6.70686741284282,1.98846779120858e-11,2.04211953599667e-10
"CR_10840C",5128.90878722162,-1.07670237516435,0.149479438878802,-7.20301322536631,5.88962577130535e-13,7.21686538174036e-12
"CR_10850C",4366.7043134003,1.1391372235144,0.126520419917626,9.0035839610401,2.18466804761847e-19,4.8557037992688e-18
"CR_10860C",1264.11242227683,-1.42796770546936,0.211231932930418,-6.76018860244844,1.37812224459548e-11,1.43958224178156e-10
